age,job,marital,education,default,balance,housing,loan,contact,day,month,duration,campaign,pdays,previous,poutcome,deposit
59.0,admin.,married,secondary,no,2343.0,yes,no,unknown,5,may,1042.0,1,-1,0,unknown,yes
56.0,admin.,married,secondary,no,45.0,no,no,unknown,5,may,1467.0,1,-1,0,unknown,yes
41.0,technician,married,secondary,no,1270.0,yes,no,unknown,5,may,1389.0,1,-1,0,unknown,yes
55.0,services,married,secondary,no,2476.0,yes,no,unknown,5,may,579.0,1,-1,0,unknown,yes
54.0,admin.,married,tertiary,no,184.0,no,no,unknown,5,may,673.0,2,-1,0,unknown,yes
42.0,management,single,tertiary,no,0.0,yes,yes,unknown,5,may,562.0,2,-1,0,unknown,yes
56.0,management,married,tertiary,no,830.0,yes,yes,unknown,6,may,1201.0,1,-1,0,unknown,yes
60.0,retired,divorced,secondary,no,545.0,yes,no,unknown,6,may,1030.0,1,-1,0,unknown,yes
37.0,technician,married,secondary,no,1.0,yes,no,unknown,6,may,608.0,1,-1,0,unknown,yes
28.0,services,single,secondary,no,5090.0,yes,no,unknown,6,may,1297.0,3,-1,0,unknown,yes
38.0,admin.,single,secondary,no,100.0,yes,no,unknown,7,may,786.0,1,-1,0,unknown,yes
30.0,blue-collar,married,secondary,no,309.0,yes,no,unknown,7,may,1574.0,2,-1,0,unknown,yes
29.0,management,married,tertiary,no,199.0,yes,yes,unknown,7,may,1689.0,4,-1,0,unknown,yes
46.0,blue-collar,single,tertiary,no,460.0,yes,no,unknown,7,may,1102.0,2,-1,0,unknown,yes
31.0,technician,single,tertiary,no,703.0,yes,no,unknown,8,may,943.0,2,-1,0,unknown,yes
35.0,management,divorced,tertiary,no,3837.0,yes,no,unknown,8,may,1084.0,1,-1,0,unknown,yes
32.0,blue-collar,single,primary,no,611.0,yes,no,unknown,8,may,541.0,3,-1,0,unknown,yes
49.0,services,married,secondary,no,-8.0,yes,no,unknown,8,may,1119.0,1,-1,0,,yes
41.0,admin.,married,secondary,no,55.0,yes,no,unknown,8,may,1120.0,2,-1,0,unknown,yes
49.0,admin.,divorced,secondary,no,168.0,yes,yes,unknown,8,may,513.0,1,-1,0,unknown,yes
28.0,admin.,divorced,secondary,no,785.0,yes,no,unknown,8,may,442.0,2,-1,0,unknown,yes
43.0,management,single,tertiary,no,2067.0,yes,no,unknown,8,may,756.0,1,-1,0,unknown,yes
43.0,management,divorced,tertiary,no,388.0,yes,no,unknown,8,may,2087.0,2,-1,0,unknown,yes
43.0,blue-collar,married,primary,no,-192.0,yes,no,unknown,8,may,1120.0,2,-1,0,unknown,yes
37.0,unemployed,single,secondary,no,381.0,yes,no,unknown,8,may,985.0,2,-1,0,unknown,yes
35.0,blue-collar,single,secondary,no,40.0,yes,no,unknown,9,may,617.0,4,-1,0,unknown,yes
31.0,technician,single,tertiary,no,22.0,yes,no,unknown,9,may,483.0,3,-1,0,unknown,yes
43.0,blue-collar,single,secondary,no,3.0,yes,no,unknown,9,may,929.0,3,-1,0,unknown,yes
31.0,admin.,married,secondary,no,307.0,yes,no,unknown,9,may,538.0,1,-1,0,unknown,yes
28.0,blue-collar,single,secondary,no,759.0,yes,no,unknown,9,may,710.0,1,-1,0,unknown,yes
32.0,blue-collar,married,secondary,yes,-1.0,yes,no,unknown,9,may,653.0,1,-1,0,unknown,yes
60.0,technician,married,primary,no,65.0,yes,no,unknown,9,may,1028.0,2,-1,0,unknown,yes
26.0,blue-collar,single,secondary,no,82.0,yes,no,unknown,9,may,654.0,1,-1,0,unknown,yes
40.0,blue-collar,married,secondary,no,10.0,yes,no,unknown,9,may,1692.0,2,-1,0,unknown,yes
33.0,blue-collar,divorced,primary,no,390.0,yes,no,unknown,9,may,665.0,2,-1,0,unknown,yes
32.0,management,single,tertiary,no,311.0,no,no,unknown,12,may,757.0,2,-1,0,unknown,yes
35.0,blue-collar,married,primary,no,414.0,no,no,unknown,13,may,504.0,4,-1,0,unknown,yes
33.0,management,divorced,secondary,no,5.0,yes,no,unknown,13,may,1346.0,1,-1,0,unknown,yes
38.0,management,married,tertiary,no,119.0,yes,no,unknown,13,may,568.0,4,-1,0,unknown,yes
23.0,entrepreneur,single,primary,no,4.0,yes,no,unknown,13,may,395.0,2,-1,0,unknown,yes
60.0,blue-collar,married,primary,no,1262.0,yes,yes,unknown,13,may,1015.0,1,-1,0,unknown,yes
48.0,management,married,tertiary,no,1949.0,yes,no,unknown,13,may,683.0,2,-1,0,unknown,yes
45.0,entrepreneur,divorced,tertiary,no,-395.0,yes,no,unknown,13,may,470.0,1,-1,0,unknown,yes
36.0,blue-collar,married,secondary,no,1165.0,yes,no,unknown,13,may,1001.0,4,-1,0,unknown,yes
52.0,management,married,unknown,no,2240.0,yes,no,unknown,13,may,845.0,1,-1,0,unknown,yes
35.0,blue-collar,divorced,primary,no,300.0,yes,no,unknown,13,may,945.0,2,-1,0,unknown,yes
43.0,technician,married,secondary,no,3285.0,yes,no,unknown,13,may,1721.0,2,-1,0,unknown,yes
52.0,housemaid,married,secondary,no,3923.0,yes,no,unknown,14,may,942.0,3,-1,0,unknown,yes
53.0,technician,divorced,primary,no,1443.0,yes,no,,14,may,476.0,1,-1,0,unknown,yes
48.0,blue-collar,divorced,primary,no,24.0,yes,no,unknown,14,may,832.0,1,-1,0,unknown,yes
41.0,blue-collar,single,primary,no,1618.0,yes,no,unknown,14,may,1553.0,1,-1,0,unknown,yes
39.0,management,divorced,tertiary,no,517.0,yes,yes,unknown,14,may,1328.0,1,-1,0,unknown,yes
59.0,retired,married,secondary,no,250000.0,yes,yes,unknown,14,may,1125.0,2,-1,0,unknown,yes
41.0,blue-collar,married,secondary,no,2823.0,yes,no,unknown,14,may,858.0,1,-1,0,unknown,yes
48.0,blue-collar,married,secondary,no,1405.0,yes,no,unknown,14,may,629.0,2,-1,0,unknown,yes
40.0,admin.,married,secondary,no,1535.0,yes,no,unknown,14,may,704.0,1,-1,0,unknown,yes
48.0,blue-collar,married,secondary,no,1596.0,yes,no,unknown,14,may,760.0,1,-1,0,unknown,yes
60.0,retired,married,primary,no,1542.0,yes,no,unknown,14,may,930.0,1,-1,0,unknown,yes
40.0,technician,single,unknown,no,3652.0,yes,no,unknown,14,may,1028.0,2,-1,0,unknown,yes
57.0,technician,married,tertiary,no,-1.0,no,no,unknown,14,may,850.0,2,-1,0,unknown,yes
51.0,blue-collar,married,secondary,no,7180.0,yes,no,unknown,14,may,927.0,1,-1,0,unknown,yes
41.0,blue-collar,divorced,secondary,no,5291.0,yes,no,unknown,14,may,1423.0,3,-1,0,unknown,yes
41.0,blue-collar,married,secondary,no,1384.0,yes,no,unknown,15,may,1162.0,4,-1,0,unknown,yes
52.0,blue-collar,divorced,primary,no,-191.0,yes,no,unknown,15,may,755.0,1,-1,0,unknown,yes
59.0,blue-collar,married,primary,no,320.0,yes,no,unknown,15,may,695.0,1,-1,0,unknown,yes
44.0,blue-collar,married,unknown,no,146.0,yes,no,unknown,15,may,483.0,1,-1,0,unknown,yes
49.0,unknown,married,primary,no,341.0,yes,yes,unknown,15,may,520.0,2,-1,0,unknown,yes
40.0,services,married,primary,no,-9.0,yes,no,unknown,15,may,920.0,2,-1,0,unknown,yes
41.0,admin.,married,primary,no,-306.0,yes,no,unknown,15,may,500.0,1,-1,0,unknown,yes
44.0,technician,married,tertiary,no,4580.0,yes,no,unknown,15,may,911.0,2,-1,0,unknown,yes
60.0,services,single,primary,no,313.0,yes,no,unknown,15,may,920.0,2,-1,0,unknown,yes
29.0,management,married,tertiary,no,10576.0,no,no,unknown,15,may,1224.0,2,-1,0,unknown,yes
41.0,retired,divorced,,no,-233.0,yes,no,unknown,15,may,1156.0,2,-1,0,unknown,yes
41.0,blue-collar,married,primary,no,2453.0,yes,no,unknown,15,may,1052.0,1,-1,0,unknown,yes
42.0,technician,single,secondary,no,1364.0,yes,no,unknown,15,may,1867.0,6,-1,0,unknown,yes
36.0,services,single,unknown,no,281.0,yes,no,unknown,16,may,515.0,1,-1,0,unknown,yes
39.0,technician,married,tertiary,no,94.0,yes,yes,unknown,16,may,813.0,1,-1,0,unknown,yes
31.0,self-employed,single,tertiary,no,144.0,yes,no,unknown,16,may,676.0,1,-1,0,unknown,yes
26.0,blue-collar,married,secondary,no,246.0,yes,no,unknown,16,may,1143.0,3,-1,0,unknown,yes
31.0,blue-collar,married,secondary,no,92.0,yes,no,unknown,16,may,688.0,1,-1,0,unknown,yes
29.0,admin.,single,secondary,no,163.0,yes,yes,unknown,16,may,803.0,1,-1,0,unknown,yes
37.0,services,divorced,secondary,no,49.0,yes,no,unknown,16,may,,2,-1,0,unknown,yes
,blue-collar,single,secondary,no,-416.0,yes,no,unknown,16,may,767.0,2,-1,0,unknown,yes
24.0,technician,single,secondary,no,409.0,yes,no,unknown,16,may,912.0,1,-1,0,unknown,yes
50.0,admin.,divorced,secondary,no,363.0,yes,no,unknown,16,may,1340.0,1,-1,0,unknown,yes
27.0,technician,single,tertiary,no,3706.0,yes,no,unknown,16,may,897.0,1,-1,0,unknown,yes
54.0,management,single,tertiary,no,4393.0,yes,no,unknown,16,may,1297.0,3,-1,0,unknown,yes
30.0,technician,single,secondary,no,,yes,no,unknown,16,may,1193.0,5,-1,0,unknown,yes
34.0,blue-collar,married,primary,no,695.0,yes,yes,unknown,16,may,1064.0,4,-1,0,unknown,yes
37.0,management,single,secondary,no,792.0,yes,no,unknown,16,may,1187.0,4,-1,0,unknown,yes
41.0,admin.,single,secondary,no,1020.0,yes,no,unknown,19,may,882.0,1,-1,0,unknown,yes
47.0,blue-collar,married,secondary,no,863.0,yes,no,unknown,19,may,943.0,2,-1,0,unknown,yes
31.0,admin.,married,secondary,no,97.0,yes,no,unknown,19,may,607.0,1,-1,0,unknown,yes
31.0,blue-collar,married,secondary,no,754.0,yes,no,unknown,19,may,1022.0,4,-1,0,unknown,yes
43.0,services,divorced,secondary,no,1040.0,yes,no,unknown,19,may,552.0,3,-1,0,unknown,yes
37.0,management,divorced,tertiary,no,122.0,yes,no,unknown,19,may,,2,-1,0,unknown,yes
30.0,technician,single,tertiary,no,880.0,yes,yes,unknown,19,may,967.0,6,-1,0,unknown,yes
41.0,technician,married,secondary,no,501.0,yes,no,unknown,19,may,579.0,5,-1,0,unknown,yes
36.0,blue-collar,married,secondary,no,4438.0,yes,no,unknown,20,may,446.0,1,-1,0,unknown,yes
35.0,blue-collar,divorced,secondary,no,0.0,yes,no,unknown,20,may,1205.0,1,-1,0,unknown,yes
29.0,services,single,secondary,no,271.0,yes,no,unknown,20,may,1882.0,2,-1,0,unknown,yes
35.0,blue-collar,married,primary,no,102.0,yes,no,unknown,20,may,1334.0,1,-1,0,unknown,yes
31.0,blue-collar,married,secondary,no,2.0,yes,no,unknown,20,may,182.0,2,-1,0,unknown,yes
35.0,services,married,secondary,no,4170.0,yes,no,unknown,20,may,1777.0,1,-1,0,unknown,yes
34.0,technician,single,secondary,no,85.0,yes,no,unknown,20,may,1182.0,4,-1,0,unknown,yes
31.0,admin.,single,secondary,no,431.0,yes,yes,unknown,20,may,1045.0,1,-1,0,unknown,yes
44.0,technician,divorced,secondary,no,982.0,yes,no,unknown,20,may,650.0,3,-1,0,unknown,yes
36.0,blue-collar,married,primary,no,408.0,yes,yes,unknown,20,may,1063.0,2,-1,0,unknown,yes
35.0,blue-collar,married,unknown,no,4822.0,yes,no,unknown,20,may,843.0,2,-1,0,unknown,yes
41.0,blue-collar,married,primary,no,1250.0,yes,no,unknown,20,may,1392.0,2,-1,0,unknown,yes
31.0,,single,primary,no,216.0,yes,no,unknown,21,may,565.0,1,-1,0,unknown,yes
34.0,blue-collar,married,secondary,no,1207.0,yes,no,unknown,21,may,905.0,1,-1,0,unknown,yes
32.0,technician,married,secondary,no,791.0,yes,no,unknown,21,may,783.0,2,-1,0,unknown,yes
36.0,management,married,tertiary,no,849.0,yes,yes,unknown,21,may,958.0,2,-1,0,unknown,yes
30.0,blue-collar,single,secondary,yes,239.0,yes,no,unknown,21,may,412.0,1,-1,0,unknown,yes
37.0,technician,single,secondary,no,1211.0,yes,no,unknown,21,may,795.0,1,-1,0,unknown,yes
36.0,blue-collar,married,primary,no,599.0,yes,no,unknown,21,may,649.0,2,-1,0,unknown,yes
31.0,management,single,tertiary,no,825.0,yes,no,unknown,21,may,506.0,2,-1,0,unknown,yes
27.0,technician,married,secondary,no,2183.0,yes,yes,unknown,21,may,857.0,1,-1,0,unknown,yes
34.0,retired,married,primary,no,4499.0,no,no,unknown,21,may,1681.0,1,-1,0,unknown,yes
30.0,technician,single,tertiary,no,1289.0,yes,no,unknown,21,may,1697.0,2,-1,0,unknown,yes
32.0,technician,single,tertiary,no,4665.0,yes,no,unknown,21,may,860.0,2,-1,0,unknown,yes
37.0,technician,single,secondary,no,3326.0,yes,no,unknown,21,may,799.0,1,-1,0,unknown,yes
32.0,blue-collar,married,secondary,no,783.0,yes,no,unknown,21,may,923.0,3,-1,0,unknown,yes
33.0,blue-collar,married,secondary,no,0.0,yes,no,unknown,21,may,521.0,3,-1,0,unknown,yes
35.0,blue-collar,married,primary,no,994.0,yes,no,unknown,23,may,1349.0,8,-1,0,unknown,yes
35.0,self-employed,divorced,tertiary,no,1354.0,yes,no,unknown,23,may,736.0,2,-1,0,unknown,yes
30.0,blue-collar,single,secondary,no,239.0,yes,no,unknown,23,may,785.0,1,-1,0,unknown,yes
45.0,blue-collar,divorced,primary,no,-311.0,yes,no,unknown,23,may,1030.0,1,-1,0,unknown,yes
45.0,admin.,married,secondary,no,149.0,yes,no,unknown,23,may,893.0,3,-1,0,unknown,yes
33.0,blue-collar,married,secondary,no,1464.0,yes,no,unknown,23,may,588.0,3,-1,0,unknown,yes
44.0,management,divorced,tertiary,no,5773.0,no,no,unknown,23,may,597.0,6,-1,0,unknown,yes
40.0,blue-collar,married,primary,no,278.0,yes,no,unknown,23,may,1015.0,3,-1,0,unknown,yes
31.0,blue-collar,married,secondary,no,2910.0,yes,no,unknown,23,may,1392.0,2,-1,0,unknown,yes
30.0,technician,married,tertiary,no,541.0,yes,no,unknown,26,may,414.0,2,-1,0,unknown,yes
44.0,technician,divorced,secondary,no,1262.0,yes,no,unknown,26,may,788.0,11,-1,0,unknown,yes
34.0,services,married,secondary,no,-538.0,yes,no,unknown,26,may,682.0,1,-1,0,unknown,yes
37.0,blue-collar,married,secondary,no,125.0,no,no,unknown,26,may,679.0,2,-1,0,unknown,yes
28.0,self-employed,single,tertiary,no,0.0,yes,no,unknown,26,may,1560.0,2,-1,0,unknown,yes
32.0,admin.,single,secondary,no,620.0,yes,no,unknown,26,may,1234.0,3,-1,0,unknown,yes
37.0,blue-collar,divorced,secondary,no,316.0,yes,no,unknown,26,may,642.0,2,-1,0,unknown,yes
34.0,management,married,tertiary,no,2287.0,yes,no,unknown,26,may,895.0,4,-1,0,unknown,yes
38.0,admin.,divorced,secondary,no,198.0,yes,no,unknown,26,may,431.0,2,-1,0,unknown,yes
28.0,admin.,single,secondary,no,460.0,yes,no,unknown,26,may,741.0,6,-1,0,unknown,yes
31.0,management,divorced,tertiary,no,1145.0,yes,no,unknown,26,may,1272.0,4,-1,0,unknown,yes
59.0,services,married,secondary,no,-22.0,yes,no,unknown,26,may,748.0,3,-1,0,unknown,yes
24.0,blue-collar,married,secondary,no,685.0,yes,no,unknown,26,may,896.0,3,-1,0,unknown,yes
26.0,services,single,secondary,no,901.0,yes,no,unknown,26,may,764.0,2,-1,0,unknown,yes
59.0,retired,single,secondary,no,351.0,yes,no,unknown,27,may,1063.0,5,-1,0,unknown,yes
30.0,entrepreneur,single,primary,no,0.0,yes,yes,unknown,27,may,1051.0,1,-1,0,unknown,yes
37.0,admin.,married,secondary,no,274.0,yes,no,unknown,27,may,731.0,3,-1,0,unknown,yes
30.0,admin.,single,secondary,no,-213.0,yes,yes,unknown,27,may,751.0,1,-1,0,unknown,yes
25.0,blue-collar,married,secondary,no,97.0,yes,no,unknown,27,may,709.0,1,-1,0,unknown,yes
44.0,services,divorced,secondary,no,51.0,yes,yes,unknown,27,may,3094.0,2,-1,0,unknown,yes
29.0,management,married,tertiary,no,314.0,no,no,unknown,28,may,,2,-1,0,unknown,yes
26.0,management,single,tertiary,no,6840.0,yes,no,unknown,28,may,1560.0,2,-1,0,unknown,yes
26.0,technician,single,secondary,no,668.0,yes,no,unknown,28,may,576.0,3,-1,0,unknown,yes
27.0,services,single,secondary,no,54.0,yes,no,unknown,28,may,543.0,2,-1,0,unknown,yes
25.0,self-employed,single,secondary,no,1242.0,yes,no,unknown,28,may,615.0,2,-1,0,unknown,yes
28.0,management,married,secondary,no,292.0,yes,no,unknown,28,may,507.0,1,-1,0,unknown,yes
23.0,services,single,secondary,no,665.0,yes,no,unknown,28,may,1183.0,1,-1,0,unknown,yes
34.0,management,single,tertiary,no,1058.0,yes,no,unknown,28,may,864.0,2,-1,0,unknown,yes
28.0,student,single,secondary,no,949.0,yes,no,unknown,28,may,1730.0,1,-1,0,unknown,yes
51.0,entrepreneur,married,unknown,no,606.0,yes,no,unknown,28,may,560.0,9,-1,0,unknown,yes
35.0,blue-collar,married,secondary,no,0.0,yes,yes,unknown,29,may,543.0,1,-1,0,unknown,yes
35.0,admin.,married,secondary,no,404.0,yes,no,unknown,29,may,539.0,1,-1,0,unknown,yes
56.0,blue-collar,married,secondary,no,249.0,yes,no,unknown,29,may,791.0,2,-1,0,unknown,yes
45.0,unemployed,divorced,secondary,no,3354.0,yes,no,unknown,29,may,746.0,1,-1,0,unknown,yes
60.0,blue-collar,divorced,secondary,no,0.0,yes,no,unknown,29,may,1207.0,1,-1,0,unknown,yes
56.0,technician,married,secondary,no,589.0,yes,no,unknown,29,may,535.0,2,-1,0,unknown,yes
27.0,management,single,tertiary,no,12956.0,yes,no,unknown,29,may,789.0,3,-1,0,unknown,yes
30.0,admin.,married,secondary,no,873.0,yes,no,unknown,29,may,792.0,3,-1,0,unknown,yes
45.0,blue-collar,divorced,primary,no,594.0,yes,no,unknown,29,may,833.0,2,-1,0,unknown,yes
29.0,blue-collar,single,secondary,no,-20.0,yes,no,unknown,29,may,814.0,2,-1,0,unknown,yes
38.0,management,divorced,tertiary,no,4692.0,yes,no,,29,may,1363.0,2,-1,0,unknown,yes
30.0,blue-collar,married,secondary,no,486.0,yes,no,unknown,29,may,1109.0,3,-1,0,unknown,yes
44.0,blue-collar,single,primary,no,1593.0,yes,no,unknown,29,may,828.0,3,-1,0,unknown,yes
36.0,management,single,tertiary,no,7606.0,yes,no,unknown,30,may,917.0,1,-1,0,unknown,yes
38.0,technician,married,secondary,no,226.0,yes,no,unknown,30,may,762.0,3,-1,0,unknown,yes
36.0,blue-collar,single,secondary,no,366.0,yes,yes,unknown,30,may,1133.0,2,-1,0,unknown,yes
37.0,management,divorced,secondary,no,16.0,yes,no,unknown,30,may,638.0,1,-1,0,unknown,yes
35.0,management,single,tertiary,no,565.0,yes,no,unknown,30,may,763.0,1,-1,0,unknown,yes
38.0,admin.,divorced,secondary,no,19.0,yes,no,unknown,30,may,604.0,2,-1,0,unknown,yes
40.0,services,married,primary,no,1082.0,yes,no,unknown,30,may,854.0,2,-1,0,unknown,yes
42.0,unemployed,divorced,secondary,no,1713.0,yes,no,unknown,30,may,855.0,2,-1,0,unknown,yes
46.0,management,divorced,tertiary,no,14481.0,yes,no,unknown,30,may,1269.0,1,-1,0,unknown,yes
35.0,technician,divorced,secondary,no,5724.0,yes,no,unknown,30,may,691.0,10,-1,0,unknown,yes
34.0,technician,divorced,secondary,no,1451.0,yes,no,unknown,30,may,1097.0,15,-1,0,unknown,yes
32.0,services,married,secondary,no,-34.0,yes,no,unknown,30,may,1236.0,2,-1,0,unknown,yes
50.0,unemployed,married,secondary,no,3674.0,yes,no,unknown,30,may,886.0,3,-1,0,unknown,yes
35.0,blue-collar,married,secondary,no,698.0,yes,yes,unknown,30,may,1343.0,3,-1,0,unknown,yes
36.0,technician,single,secondary,no,4136.0,yes,no,unknown,30,may,812.0,3,-1,0,unknown,yes
53.0,blue-collar,divorced,primary,no,2656.0,yes,no,unknown,30,may,1980.0,2,-1,0,unknown,yes
46.0,management,single,tertiary,no,2904.0,yes,no,unknown,30,may,984.0,2,-1,0,unknown,yes
26.0,management,single,tertiary,no,1004.0,yes,no,unknown,30,may,228.0,2,-1,0,unknown,yes
45.0,technician,single,secondary,no,410.0,yes,no,unknown,30,may,891.0,4,-1,0,unknown,yes
31.0,unemployed,divorced,primary,no,0.0,yes,no,unknown,30,may,745.0,12,-1,0,,yes
29.0,management,single,tertiary,no,0.0,yes,no,unknown,30,may,539.0,12,-1,0,unknown,yes
53.0,entrepreneur,single,,no,62.0,yes,no,unknown,30,may,1044.0,5,-1,0,unknown,yes
27.0,blue-collar,married,primary,no,416.0,yes,no,unknown,30,may,1193.0,2,-1,0,unknown,yes
39.0,management,married,tertiary,no,2763.0,yes,no,unknown,2,jun,526.0,2,-1,0,unknown,yes
36.0,services,married,secondary,no,2984.0,yes,no,unknown,2,jun,394.0,1,-1,0,unknown,yes
41.0,blue-collar,married,primary,no,143.0,yes,yes,unknown,2,jun,659.0,2,-1,0,unknown,yes
36.0,services,married,primary,no,0.0,yes,no,unknown,2,jun,1036.0,1,-1,0,unknown,yes
32.0,technician,married,secondary,no,696.0,yes,no,unknown,2,jun,815.0,1,-1,0,unknown,yes
35.0,services,married,secondary,no,152.0,yes,no,unknown,2,jun,563.0,1,-1,0,unknown,yes
36.0,management,single,tertiary,no,-78.0,yes,no,unknown,2,jun,1068.0,1,-1,0,unknown,yes
35.0,management,married,tertiary,no,867.0,yes,no,unknown,2,jun,230.0,3,-1,0,unknown,yes
30.0,blue-collar,single,secondary,no,953.0,yes,no,unknown,2,jun,747.0,2,-1,0,unknown,yes
42.0,blue-collar,married,secondary,no,443.0,yes,no,unknown,2,jun,671.0,5,-1,0,unknown,yes
42.0,technician,single,secondary,yes,-1129.0,yes,no,unknown,2,jun,555.0,5,-1,0,unknown,yes
32.0,blue-collar,married,primary,no,415.0,yes,no,unknown,2,jun,777.0,4,-1,0,unknown,yes
29.0,blue-collar,single,secondary,no,260.0,yes,no,unknown,2,jun,15778.0,14,-1,0,unknown,yes
44.0,management,divorced,tertiary,yes,-411.0,yes,no,unknown,2,jun,432.0,4,-1,0,unknown,yes
32.0,technician,single,secondary,no,1279.0,yes,no,unknown,3,jun,1173.0,3,-1,0,unknown,yes
31.0,unemployed,married,secondary,no,86.0,yes,yes,unknown,3,jun,963.0,2,-1,0,unknown,yes
40.0,self-employed,married,secondary,yes,-754.0,yes,yes,unknown,3,jun,941.0,3,-1,0,unknown,yes
43.0,entrepreneur,married,secondary,no,0.0,no,no,unknown,3,jun,1025.0,7,-1,0,unknown,yes
27.0,management,single,secondary,no,178.0,yes,no,unknown,3,jun,732.0,2,-1,0,unknown,yes
37.0,services,single,secondary,no,278.0,yes,no,unknown,3,jun,1045.0,3,-1,0,unknown,yes
23.0,services,single,secondary,no,425.0,yes,no,unknown,3,jun,768.0,1,-1,0,unknown,yes
25.0,management,married,primary,no,168.0,yes,no,unknown,3,jun,801.0,1,-1,0,unknown,yes
26.0,blue-collar,single,secondary,yes,-36.0,yes,no,unknown,3,jun,482.0,2,-1,0,unknown,yes
47.0,blue-collar,divorced,primary,no,126.0,yes,no,unknown,3,jun,2456.0,2,-1,0,unknown,yes
35.0,admin.,married,secondary,no,-87.0,yes,no,unknown,3,jun,1363.0,7,-1,0,unknown,yes
32.0,technician,single,tertiary,no,6281.0,yes,no,unknown,3,jun,1336.0,4,-1,0,unknown,yes
45.0,management,divorced,secondary,no,644.0,yes,no,unknown,4,jun,633.0,1,-1,0,unknown,yes
30.0,admin.,divorced,secondary,no,377.0,yes,no,unknown,4,jun,524.0,15,-1,0,unknown,yes
29.0,services,single,secondary,no,-271.0,yes,no,unknown,4,jun,578.0,1,-1,0,unknown,yes
38.0,blue-collar,married,primary,no,5839.0,yes,no,unknown,4,jun,984.0,2,-1,0,unknown,yes
23.0,blue-collar,single,secondary,no,492.0,yes,no,unknown,4,jun,638.0,1,-1,0,unknown,yes
27.0,management,single,tertiary,no,99.0,yes,no,unknown,4,jun,767.0,2,-1,0,unknown,yes
27.0,management,single,tertiary,yes,-713.0,yes,no,unknown,4,jun,525.0,2,-1,0,unknown,yes
29.0,services,single,secondary,no,32.0,yes,no,unknown,4,jun,563.0,1,-1,0,unknown,yes
30.0,self-employed,married,tertiary,no,543.0,yes,yes,unknown,4,jun,1449.0,6,-1,0,unknown,yes
36.0,blue-collar,married,primary,no,403.0,yes,no,unknown,4,jun,920.0,1,-1,0,unknown,yes
35.0,admin.,divorced,secondary,no,437.0,yes,no,unknown,4,jun,908.0,1,-1,0,unknown,yes
36.0,blue-collar,married,secondary,no,1772.0,no,no,unknown,5,jun,208.0,1,-1,0,unknown,yes
59.0,retired,divorced,primary,no,-88.0,yes,no,unknown,5,jun,910.0,2,-1,0,unknown,yes
47.0,entrepreneur,married,secondary,no,0.0,no,no,unknown,5,jun,1446.0,1,-1,0,unknown,yes
58.0,,married,tertiary,no,853.0,no,no,unknown,5,jun,1149.0,2,-1,0,unknown,yes
37.0,management,single,tertiary,no,240.0,no,no,unknown,5,jun,1123.0,1,-1,0,unknown,yes
46.0,admin.,single,secondary,no,849.0,yes,no,unknown,5,jun,508.0,2,-1,0,unknown,yes
43.0,blue-collar,single,secondary,no,318.0,yes,no,unknown,5,jun,736.0,2,-1,0,unknown,yes
27.0,management,single,tertiary,no,703.0,yes,no,unknown,5,jun,,3,-1,0,unknown,yes
38.0,services,divorced,secondary,no,61.0,no,no,unknown,5,jun,636.0,1,-1,0,unknown,yes
53.0,housemaid,married,primary,no,104.0,no,yes,unknown,5,jun,701.0,1,-1,0,unknown,yes
47.0,blue-collar,married,secondary,no,1996.0,no,no,unknown,5,jun,761.0,2,-1,0,unknown,yes
56.0,housemaid,divorced,primary,yes,1238.0,no,no,unknown,5,jun,1558.0,1,-1,0,unknown,yes
41.0,housemaid,married,secondary,no,879.0,no,no,unknown,5,jun,1053.0,2,-1,0,unknown,yes
29.0,self-employed,married,secondary,no,425.0,yes,no,unknown,5,jun,562.0,15,-1,0,unknown,yes
50.0,technician,married,secondary,no,416.0,yes,no,unknown,5,jun,494.0,5,-1,0,unknown,yes
45.0,blue-collar,divorced,primary,no,844.0,no,no,unknown,5,jun,1018.0,3,-1,0,unknown,yes
35.0,,married,secondary,no,860.0,yes,no,unknown,5,jun,884.0,4,-1,0,unknown,yes
26.0,technician,single,secondary,no,639.0,yes,no,unknown,6,jun,709.0,5,-1,0,unknown,yes
26.0,admin.,married,secondary,no,710.0,yes,yes,unknown,6,jun,1276.0,2,-1,0,unknown,yes
37.0,blue-collar,married,unknown,no,1508.0,no,yes,unknown,6,jun,381.0,2,-1,0,unknown,yes
30.0,admin.,single,secondary,no,223.0,yes,no,unknown,6,jun,862.0,11,-1,0,unknown,yes
38.0,management,single,tertiary,no,619.0,yes,no,unknown,6,jun,460.0,4,-1,0,unknown,yes
37.0,services,divorced,secondary,no,319.0,yes,no,unknown,6,jun,467.0,3,-1,0,unknown,yes
53.0,technician,married,secondary,no,480.0,no,no,unknown,6,jun,648.0,2,-1,0,unknown,yes
29.0,blue-collar,single,primary,no,213.0,yes,no,unknown,6,jun,2653.0,3,-1,0,unknown,yes
35.0,management,single,tertiary,no,68.0,no,no,unknown,6,jun,1085.0,1,-1,0,unknown,yes
28.0,blue-collar,married,secondary,no,2788.0,yes,no,unknown,6,jun,369.0,2,-1,0,unknown,yes
55.0,blue-collar,married,unknown,no,7561.0,no,no,unknown,6,jun,685.0,3,-1,0,unknown,yes
49.0,management,divorced,secondary,no,-46.0,yes,no,unknown,9,jun,1055.0,10,-1,0,unknown,yes
50.0,services,married,secondary,no,1595.0,no,no,unknown,9,jun,882.0,1,-1,0,unknown,yes
43.0,management,single,tertiary,no,1046.0,no,no,unknown,9,jun,901.0,1,-1,0,unknown,yes
58.0,self-employed,divorced,tertiary,no,1382.0,no,no,unknown,9,jun,700.0,1,-1,0,unknown,yes
38.0,technician,married,primary,no,217.0,yes,no,unknown,9,jun,491.0,6,-1,0,unknown,yes
48.0,blue-collar,divorced,primary,no,183.0,no,no,unknown,9,jun,940.0,1,-1,0,unknown,yes
59.0,management,married,secondary,no,1321.0,no,no,unknown,9,jun,3881.0,3,-1,0,unknown,yes
58.0,blue-collar,married,secondary,no,25.0,no,no,unknown,9,jun,486.0,3,-1,0,unknown,yes
36.0,self-employed,single,tertiary,no,4844.0,no,no,unknown,9,jun,1137.0,3,-1,0,unknown,yes
42.0,entrepreneur,married,tertiary,no,5345.0,no,no,unknown,11,jun,878.0,3,-1,0,unknown,yes
41.0,admin.,single,,no,812.0,no,yes,unknown,11,jun,583.0,4,-1,0,unknown,yes
42.0,admin.,married,secondary,no,105.0,no,no,unknown,11,jun,,4,-1,0,unknown,yes
39.0,management,married,tertiary,no,-190.0,no,yes,unknown,11,jun,893.0,8,-1,0,unknown,yes
57.0,housemaid,married,primary,no,625.0,no,yes,unknown,11,jun,867.0,1,-1,0,,yes
52.0,retired,married,unknown,no,293.0,no,no,unknown,11,jun,706.0,1,-1,0,unknown,yes
59.0,retired,married,unknown,no,1033.0,no,no,unknown,11,jun,1199.0,1,-1,0,unknown,yes
56.0,blue-collar,married,secondary,no,1210.0,no,no,unknown,11,jun,935.0,1,-1,0,unknown,yes
49.0,management,married,tertiary,no,64.0,no,no,unknown,11,jun,586.0,1,-1,0,unknown,yes
35.0,blue-collar,divorced,unknown,no,164.0,no,no,unknown,11,jun,967.0,2,-1,0,unknown,yes
36.0,unemployed,married,secondary,no,1766.0,no,no,unknown,11,jun,595.0,2,-1,0,unknown,yes
40.0,admin.,single,tertiary,no,1248.0,no,no,unknown,11,jun,1290.0,2,-1,0,unknown,yes
55.0,blue-collar,married,secondary,no,0.0,no,no,unknown,12,jun,614.0,2,-1,0,unknown,yes
58.0,admin.,married,secondary,no,826.0,no,no,unknown,12,jun,885.0,1,-1,0,unknown,yes
39.0,self-employed,married,tertiary,no,2630.0,no,no,unknown,12,jun,651.0,5,-1,0,unknown,yes
47.0,housemaid,single,tertiary,no,3727.0,no,no,unknown,12,jun,993.0,6,-1,0,unknown,yes
40.0,management,married,secondary,no,406.0,yes,no,unknown,12,jun,577.0,2,-1,0,unknown,yes
35.0,blue-collar,married,tertiary,no,2999.0,no,no,unknown,12,jun,1141.0,6,-1,0,unknown,yes
48.0,blue-collar,married,secondary,no,1000.0,yes,no,unknown,12,jun,1268.0,2,-1,0,unknown,yes
48.0,management,divorced,tertiary,no,503.0,no,yes,unknown,12,jun,1243.0,7,-1,0,unknown,yes
24.0,blue-collar,single,secondary,yes,-203.0,yes,no,unknown,12,jun,465.0,3,-1,0,unknown,yes
49.0,blue-collar,married,primary,no,361.0,yes,no,unknown,16,jun,513.0,2,-1,0,unknown,yes
36.0,blue-collar,married,secondary,no,274.0,yes,no,unknown,16,jun,686.0,11,-1,0,unknown,yes
52.0,retired,divorced,tertiary,no,3687.0,yes,yes,unknown,16,jun,741.0,4,-1,0,unknown,yes
42.0,entrepreneur,single,unknown,no,323.0,no,no,unknown,16,jun,617.0,1,-1,0,unknown,yes
36.0,services,married,secondary,no,981.0,no,no,unknown,16,jun,1093.0,1,-1,0,unknown,yes
36.0,blue-collar,divorced,secondary,no,638.0,yes,no,unknown,16,jun,1395.0,2,-1,0,unknown,yes
48.0,unemployed,single,tertiary,no,3229.0,no,no,unknown,16,jun,1089.0,1,-1,0,unknown,yes
51.0,management,single,secondary,no,1610.0,yes,no,unknown,16,jun,1248.0,3,-1,0,unknown,yes
51.0,blue-collar,married,secondary,no,33.0,no,yes,unknown,16,jun,721.0,3,-1,0,unknown,yes
46.0,technician,married,secondary,no,536.0,yes,no,unknown,16,jun,750.0,2,-1,0,unknown,yes
37.0,management,married,tertiary,no,0.0,no,no,unknown,16,jun,637.0,6,-1,0,unknown,yes
36.0,entrepreneur,married,tertiary,no,3057.0,no,no,unknown,16,jun,2769.0,4,-1,0,unknown,yes
47.0,management,married,secondary,no,2892.0,no,no,unknown,17,jun,556.0,1,-1,0,unknown,yes
40.0,technician,divorced,tertiary,no,0.0,no,no,unknown,17,jun,522.0,1,-1,0,unknown,yes
38.0,student,single,tertiary,no,3316.0,no,no,unknown,17,jun,1345.0,3,-1,0,unknown,yes
40.0,management,married,secondary,no,106.0,no,no,unknown,17,jun,676.0,2,-1,0,unknown,yes
39.0,blue-collar,married,primary,no,2303.0,yes,no,unknown,17,jun,775.0,3,-1,0,unknown,yes
60.0,management,married,tertiary,no,3301.0,no,no,unknown,17,jun,2621.0,3,-1,0,unknown,yes
39.0,self-employed,single,tertiary,no,426.0,no,no,unknown,18,jun,1029.0,1,-1,0,unknown,yes
51.0,services,divorced,secondary,no,9.0,no,no,unknown,18,jun,371.0,2,-1,0,unknown,yes
27.0,admin.,married,secondary,no,-97.0,yes,no,unknown,18,jun,1528.0,2,-1,0,unknown,yes
41.0,management,single,tertiary,no,11008.0,no,no,unknown,18,jun,1540.0,1,-1,0,unknown,yes
42.0,blue-collar,single,primary,no,4930.0,no,no,unknown,18,jun,973.0,1,-1,0,unknown,yes
41.0,entrepreneur,married,secondary,no,707.0,no,no,unknown,18,jun,707.0,1,-1,0,unknown,yes
33.0,technician,married,secondary,no,4.0,yes,yes,unknown,18,jun,625.0,2,-1,0,unknown,yes
46.0,admin.,married,secondary,no,126.0,no,no,unknown,18,jun,1255.0,1,-1,0,unknown,yes
31.0,blue-collar,married,secondary,no,671.0,yes,no,unknown,18,jun,704.0,4,-1,0,unknown,yes
41.0,blue-collar,married,primary,no,219.0,no,yes,unknown,18,jun,1574.0,3,-1,0,unknown,yes
41.0,blue-collar,divorced,secondary,no,3622.0,no,no,unknown,19,jun,1135.0,4,-1,0,unknown,yes
55.0,retired,divorced,secondary,no,1580.0,no,yes,unknown,19,jun,1007.0,1,-1,0,unknown,yes
53.0,technician,married,secondary,no,1319.0,no,no,unknown,19,jun,1318.0,3,-1,0,unknown,yes
55.0,housemaid,married,primary,no,2152.0,no,no,unknown,19,jun,922.0,2,-1,0,unknown,yes
39.0,services,married,secondary,no,2843.0,yes,no,unknown,19,jun,585.0,1,-1,0,unknown,yes
40.0,entrepreneur,married,tertiary,yes,0.0,no,no,unknown,19,jun,952.0,4,-1,0,unknown,yes
59.0,retired,married,primary,no,1115.0,no,no,unknown,19,jun,834.0,1,-1,0,unknown,yes
42.0,blue-collar,single,secondary,no,625.0,no,no,unknown,19,jun,651.0,3,-1,0,unknown,yes
41.0,blue-collar,married,primary,no,246.0,no,no,unknown,19,jun,683.0,3,-1,0,unknown,yes
27.0,blue-collar,married,secondary,no,61.0,yes,no,unknown,19,jun,1012.0,1,-1,0,unknown,yes
25.0,blue-collar,single,secondary,no,-191.0,yes,no,unknown,19,jun,958.0,7,-1,0,unknown,yes
43.0,unemployed,married,primary,no,519.0,no,no,unknown,20,jun,973.0,2,-1,0,unknown,yes
44.0,services,married,secondary,no,522.0,no,yes,unknown,20,jun,911.0,1,-1,0,unknown,yes
26.0,blue-collar,single,secondary,no,-46.0,yes,no,unknown,20,jun,382.0,7,-1,0,unknown,yes
52.0,retired,married,tertiary,no,2269.0,no,no,unknown,20,jun,1210.0,1,-1,0,unknown,yes
54.0,services,married,unknown,no,386.0,no,yes,unknown,20,jun,838.0,1,-1,0,unknown,yes
56.0,management,married,tertiary,no,0.0,no,yes,unknown,20,jun,422.0,1,-1,0,unknown,yes
57.0,management,married,tertiary,no,9103.0,no,yes,unknown,20,jun,1098.0,2,-1,0,unknown,yes
29.0,blue-collar,single,secondary,no,908.0,yes,no,unknown,20,jun,1663.0,1,-1,0,unknown,yes
47.0,technician,married,tertiary,no,1694.0,no,yes,unknown,20,jun,560.0,3,-1,0,unknown,yes
57.0,management,married,tertiary,no,-92.0,yes,yes,unknown,20,jun,1617.0,1,-1,0,unknown,yes
40.0,blue-collar,married,secondary,no,188.0,yes,yes,unknown,20,jun,570.0,2,-1,0,unknown,yes
46.0,services,divorced,secondary,no,0.0,no,no,unknown,20,jun,1023.0,3,-1,0,unknown,yes
43.0,blue-collar,single,secondary,no,740.0,yes,no,unknown,20,jun,585.0,2,-1,0,unknown,yes
45.0,management,married,tertiary,no,655.0,no,no,unknown,20,jun,693.0,3,-1,0,unknown,yes
24.0,management,married,secondary,no,867.0,yes,no,unknown,20,jun,546.0,10,-1,0,unknown,yes
40.0,blue-collar,married,secondary,no,1009.0,yes,yes,unknown,20,jun,1036.0,5,-1,0,unknown,yes
38.0,services,divorced,unknown,no,6360.0,no,no,unknown,20,jun,1409.0,2,-1,0,unknown,yes
36.0,unemployed,married,tertiary,no,4145.0,no,no,unknown,20,jun,988.0,4,-1,0,unknown,yes
27.0,blue-collar,single,secondary,yes,-27.0,no,no,unknown,23,jun,498.0,2,-1,0,unknown,yes
26.0,admin.,single,primary,no,-122.0,yes,no,unknown,23,jun,670.0,3,-1,0,unknown,yes
43.0,management,married,tertiary,no,149.0,yes,no,unknown,23,jun,662.0,2,-1,0,unknown,yes
25.0,blue-collar,single,primary,no,52.0,yes,no,unknown,24,jun,528.0,2,-1,0,unknown,yes
27.0,blue-collar,married,tertiary,no,335.0,yes,no,unknown,26,jun,519.0,3,-1,0,unknown,yes
30.0,technician,married,tertiary,no,526.0,yes,yes,unknown,26,jun,677.0,3,-1,0,unknown,yes
28.0,admin.,single,secondary,no,-7.0,no,yes,unknown,26,jun,3183.0,2,-1,0,unknown,yes
27.0,blue-collar,married,primary,no,-413.0,no,yes,unknown,27,jun,422.0,6,-1,0,unknown,yes
32.0,admin.,divorced,secondary,no,-241.0,no,yes,unknown,27,jun,856.0,2,-1,0,unknown,yes
41.0,blue-collar,single,secondary,no,75.0,yes,no,unknown,1,jul,479.0,9,-1,0,unknown,yes
37.0,technician,single,tertiary,no,0.0,no,no,unknown,1,jul,1135.0,2,-1,0,unknown,yes
27.0,technician,single,secondary,no,158.0,no,no,unknown,1,jul,650.0,2,-1,0,unknown,yes
29.0,services,single,secondary,no,84.0,no,yes,unknown,3,jul,587.0,3,-1,0,unknown,yes
33.0,services,married,secondary,no,114.0,no,yes,unknown,3,jul,676.0,1,-1,0,unknown,yes
36.0,technician,married,primary,no,0.0,no,no,unknown,4,jul,584.0,1,-1,0,unknown,yes
28.0,blue-collar,single,secondary,no,-127.0,yes,no,cellular,4,jul,1044.0,3,-1,0,unknown,yes
55.0,blue-collar,married,secondary,no,49.0,yes,no,cellular,7,jul,494.0,4,-1,0,unknown,yes
51.0,technician,married,secondary,no,216.0,no,no,cellular,7,jul,615.0,2,-1,0,unknown,yes
39.0,technician,single,secondary,no,506.0,yes,no,cellular,7,jul,718.0,2,-1,0,unknown,yes
42.0,blue-collar,divorced,primary,no,213.0,yes,no,cellular,7,jul,434.0,3,-1,0,unknown,yes
33.0,services,single,secondary,no,170.0,no,no,cellular,7,jul,782.0,1,-1,0,unknown,yes
36.0,entrepreneur,divorced,tertiary,no,776.0,no,yes,cellular,7,jul,722.0,3,-1,0,unknown,yes
45.0,technician,married,secondary,no,879.0,no,no,cellular,7,jul,621.0,2,-1,0,unknown,yes
37.0,self-employed,married,secondary,no,1633.0,no,no,cellular,7,jul,629.0,2,-1,0,unknown,yes
46.0,unemployed,married,secondary,no,926.0,no,no,cellular,7,jul,385.0,5,-1,0,unknown,yes
32.0,self-employed,single,tertiary,no,2559.0,no,no,cellular,7,jul,889.0,1,-1,0,unknown,yes
28.0,technician,single,secondary,no,909.0,no,yes,cellular,7,jul,532.0,1,-1,0,unknown,yes
45.0,admin.,divorced,secondary,no,-176.0,no,yes,cellular,7,jul,574.0,1,-1,0,unknown,yes
41.0,blue-collar,single,secondary,yes,1085.0,yes,yes,cellular,7,jul,599.0,1,-1,0,unknown,yes
59.0,blue-collar,divorced,primary,no,1265.0,no,yes,cellular,7,jul,849.0,1,-1,0,unknown,yes
47.0,technician,single,secondary,no,-239.0,yes,yes,cellular,7,jul,973.0,3,-1,0,unknown,yes
31.0,blue-collar,single,secondary,no,726.0,no,no,cellular,7,jul,719.0,2,-1,0,unknown,yes
31.0,management,single,tertiary,no,296.0,no,yes,cellular,8,jul,509.0,4,-1,0,unknown,yes
33.0,entrepreneur,married,secondary,no,-627.0,yes,yes,cellular,8,jul,740.0,1,-1,0,unknown,yes
52.0,entrepreneur,married,tertiary,yes,-468.0,no,no,cellular,8,jul,534.0,1,-1,0,unknown,yes
26.0,self-employed,single,secondary,no,551.0,no,no,cellular,8,jul,531.0,1,-1,0,unknown,yes
25.0,technician,single,secondary,no,0.0,no,yes,cellular,8,jul,634.0,1,-1,0,unknown,yes
25.0,blue-collar,married,secondary,no,,no,yes,cellular,8,jul,460.0,3,-1,0,unknown,yes
28.0,blue-collar,single,secondary,no,517.0,no,yes,cellular,8,jul,681.0,1,-1,0,unknown,yes
33.0,entrepreneur,divorced,tertiary,no,37.0,no,yes,cellular,8,jul,1082.0,1,-1,0,unknown,yes
45.0,management,divorced,tertiary,no,854.0,no,yes,cellular,8,jul,730.0,1,-1,0,unknown,yes
36.0,services,married,secondary,no,30.0,no,yes,cellular,8,jul,716.0,5,-1,0,unknown,yes
26.0,blue-collar,single,secondary,yes,81.0,no,yes,cellular,8,jul,803.0,2,-1,0,unknown,yes
38.0,technician,married,secondary,no,0.0,no,no,cellular,8,jul,635.0,1,-1,0,unknown,yes
56.0,blue-collar,single,secondary,no,663.0,no,yes,cellular,8,jul,819.0,3,-1,0,unknown,yes
26.0,admin.,single,secondary,no,102.0,no,yes,cellular,8,jul,658.0,2,-1,0,unknown,yes
26.0,technician,married,secondary,no,370.0,no,yes,cellular,8,jul,1061.0,4,-1,0,unknown,yes
25.0,blue-collar,single,secondary,no,189.0,no,yes,cellular,8,jul,687.0,2,-1,0,unknown,yes
26.0,unemployed,single,secondary,no,111.0,no,no,cellular,9,jul,537.0,1,-1,0,unknown,yes
40.0,blue-collar,married,primary,no,665.0,yes,no,cellular,9,jul,781.0,1,-1,0,unknown,yes
37.0,admin.,married,primary,no,214.0,yes,no,,9,jul,645.0,1,-1,0,unknown,yes
43.0,blue-collar,single,primary,no,0.0,no,no,cellular,9,jul,1242.0,1,-1,0,unknown,yes
41.0,services,divorced,tertiary,no,1583.0,yes,no,cellular,9,jul,662.0,1,-1,0,unknown,yes
49.0,blue-collar,married,secondary,no,0.0,no,yes,cellular,9,jul,625.0,1,-1,0,unknown,yes
29.0,admin.,divorced,tertiary,yes,0.0,no,yes,cellular,9,jul,426.0,3,-1,0,unknown,yes
39.0,services,divorced,secondary,no,687.0,yes,no,cellular,9,jul,869.0,1,-1,0,unknown,yes
38.0,management,married,tertiary,yes,327.0,yes,yes,cellular,9,jul,556.0,5,-1,0,unknown,yes
26.0,technician,married,secondary,no,-119.0,no,yes,cellular,9,jul,359.0,5,-1,0,unknown,yes
32.0,management,married,tertiary,no,794.0,yes,yes,cellular,9,jul,1014.0,1,-1,0,unknown,yes
33.0,blue-collar,married,primary,no,-191.0,yes,yes,cellular,9,jul,1290.0,4,-1,0,unknown,yes
31.0,management,single,tertiary,no,409.0,no,yes,cellular,9,jul,564.0,5,-1,0,unknown,yes
49.0,blue-collar,married,primary,no,3.0,no,yes,cellular,9,jul,1439.0,6,-1,0,unknown,yes
27.0,unemployed,single,primary,no,9.0,no,yes,cellular,9,jul,919.0,2,-1,0,unknown,yes
,blue-collar,single,secondary,no,155.0,yes,yes,cellular,9,jul,1426.0,3,-1,0,unknown,yes
35.0,blue-collar,married,secondary,no,1330.0,no,no,cellular,10,jul,901.0,1,-1,0,unknown,yes
26.0,,single,secondary,no,-29.0,yes,no,cellular,10,jul,998.0,4,-1,0,unknown,yes
45.0,entrepreneur,married,unknown,no,3133.0,yes,yes,cellular,10,jul,804.0,1,-1,0,unknown,yes
34.0,admin.,married,secondary,no,-33.0,yes,yes,cellular,10,jul,961.0,1,-1,0,unknown,yes
28.0,admin.,single,secondary,no,-170.0,no,yes,cellular,10,jul,720.0,2,-1,0,unknown,yes
25.0,blue-collar,single,secondary,no,1243.0,no,yes,cellular,10,jul,1341.0,7,-1,0,unknown,yes
30.0,blue-collar,single,secondary,no,1598.0,yes,no,cellular,10,jul,634.0,1,-1,0,unknown,yes
30.0,services,married,secondary,no,5.0,no,yes,cellular,10,jul,829.0,5,-1,0,unknown,yes
47.0,services,married,secondary,no,367.0,yes,no,cellular,10,jul,476.0,4,-1,0,unknown,yes
57.0,admin.,divorced,secondary,no,658.0,no,no,cellular,10,jul,724.0,1,-1,0,unknown,yes
38.0,management,married,tertiary,no,1722.0,yes,no,cellular,10,jul,500.0,1,-1,0,unknown,yes
54.0,technician,married,secondary,no,-315.0,no,yes,cellular,10,jul,2029.0,1,-1,0,unknown,yes
25.0,blue-collar,single,primary,no,2483.0,no,no,cellular,10,jul,1499.0,3,-1,0,unknown,yes
30.0,blue-collar,married,secondary,no,0.0,yes,yes,cellular,10,jul,1399.0,1,-1,0,unknown,yes
26.0,management,single,tertiary,no,45.0,no,no,cellular,10,jul,1187.0,3,-1,0,unknown,yes
31.0,student,married,primary,no,46.0,yes,no,cellular,10,jul,487.0,1,-1,0,unknown,yes
29.0,blue-collar,single,secondary,no,482.0,no,yes,cellular,10,jul,1097.0,3,-1,0,unknown,yes
49.0,blue-collar,married,secondary,no,3728.0,yes,no,cellular,11,jul,1060.0,2,-1,0,unknown,yes
60.0,retired,divorced,secondary,no,1099.0,no,no,cellular,11,jul,764.0,2,-1,0,unknown,yes
60.0,management,married,tertiary,no,2222.0,yes,no,cellular,11,jul,1120.0,2,-1,0,unknown,yes
29.0,management,single,tertiary,no,983.0,yes,no,cellular,11,jul,963.0,2,-1,0,unknown,yes
55.0,management,divorced,secondary,no,204.0,yes,no,cellular,11,jul,1973.0,2,-1,0,unknown,yes
44.0,admin.,married,secondary,no,1074.0,yes,no,cellular,11,jul,911.0,2,-1,0,unknown,yes
47.0,technician,married,secondary,no,3466.0,yes,no,cellular,11,jul,853.0,2,-1,0,unknown,yes
35.0,admin.,married,secondary,no,-203.0,yes,no,cellular,11,jul,1649.0,2,-1,0,unknown,yes
35.0,entrepreneur,married,secondary,no,2436.0,no,yes,cellular,14,jul,1397.0,3,-1,0,unknown,yes
38.0,technician,married,secondary,no,976.0,yes,no,cellular,14,jul,766.0,3,-1,0,unknown,yes
34.0,entrepreneur,married,tertiary,no,146.0,yes,no,cellular,14,jul,788.0,2,-1,0,unknown,yes
50.0,technician,married,secondary,no,156.0,no,yes,cellular,14,jul,1130.0,3,-1,0,unknown,yes
43.0,admin.,married,tertiary,no,189.0,yes,no,cellular,14,jul,1062.0,4,-1,0,unknown,yes
44.0,admin.,divorced,secondary,no,163.0,yes,no,cellular,14,jul,1669.0,2,-1,0,unknown,yes
51.0,services,divorced,secondary,no,242.0,no,yes,cellular,14,jul,1336.0,4,-1,0,unknown,yes
31.0,technician,married,secondary,no,1173.0,yes,no,cellular,14,jul,444.0,3,-1,0,unknown,yes
39.0,technician,married,tertiary,no,0.0,yes,no,cellular,14,jul,894.0,7,-1,0,unknown,yes
59.0,management,married,tertiary,no,296.0,no,yes,cellular,15,jul,805.0,3,-1,0,unknown,yes
25.0,services,single,secondary,no,333.0,no,yes,cellular,15,jul,1056.0,2,-1,0,unknown,yes
58.0,management,married,tertiary,no,3864.0,yes,no,cellular,15,jul,815.0,4,-1,0,unknown,yes
30.0,entrepreneur,married,primary,no,2686.0,yes,no,cellular,15,jul,808.0,3,-1,0,unknown,yes
34.0,blue-collar,single,primary,no,-109.0,yes,no,cellular,15,jul,860.0,4,-1,0,unknown,yes
51.0,services,divorced,secondary,no,65.0,no,yes,cellular,15,jul,881.0,1,-1,0,unknown,yes
60.0,retired,married,secondary,no,597.0,no,no,cellular,15,jul,,1,-1,0,unknown,yes
51.0,entrepreneur,married,secondary,no,-799.0,no,yes,cellular,15,jul,1001.0,3,-1,0,unknown,yes
37.0,management,divorced,tertiary,no,1775.0,no,no,cellular,15,jul,514.0,5,-1,0,unknown,yes
30.0,blue-collar,single,primary,no,0.0,no,no,cellular,15,jul,716.0,3,-1,0,unknown,yes
46.0,,divorced,secondary,no,-563.0,no,yes,cellular,15,jul,769.0,4,-1,0,unknown,yes
29.0,student,single,tertiary,no,5.0,no,no,cellular,15,jul,889.0,5,-1,0,unknown,yes
27.0,entrepreneur,married,tertiary,no,139.0,no,no,cellular,15,jul,448.0,5,-1,0,unknown,yes
28.0,management,single,tertiary,no,0.0,yes,no,cellular,16,jul,767.0,5,-1,0,unknown,yes
34.0,blue-collar,single,secondary,no,855.0,yes,no,cellular,16,jul,578.0,1,-1,0,unknown,yes
29.0,blue-collar,single,unknown,no,694.0,yes,yes,cellular,16,jul,1806.0,4,-1,0,unknown,yes
27.0,management,single,tertiary,no,151.0,yes,no,cellular,16,jul,496.0,1,-1,0,unknown,yes
26.0,technician,single,secondary,no,354.0,no,no,cellular,16,jul,586.0,1,-1,0,unknown,yes
36.0,management,married,tertiary,no,673.0,yes,no,cellular,16,jul,689.0,1,-1,0,unknown,yes
44.0,blue-collar,married,primary,no,1265.0,yes,no,,16,jul,555.0,1,-1,0,unknown,yes
39.0,blue-collar,married,tertiary,no,597.0,no,no,cellular,16,jul,686.0,6,-1,0,unknown,yes
30.0,technician,married,secondary,no,-393.0,yes,yes,cellular,16,jul,435.0,1,-1,0,unknown,yes
31.0,unemployed,divorced,tertiary,no,256.0,yes,no,cellular,16,jul,873.0,2,-1,0,unknown,yes
56.0,blue-collar,married,primary,no,0.0,yes,no,cellular,16,jul,1222.0,1,-1,0,unknown,yes
29.0,blue-collar,married,secondary,no,2870.0,yes,no,cellular,16,jul,988.0,1,-1,0,unknown,yes
43.0,blue-collar,married,secondary,no,184.0,no,yes,cellular,16,jul,1019.0,11,-1,0,unknown,yes
32.0,blue-collar,married,secondary,no,1905.0,yes,no,cellular,16,jul,709.0,2,-1,0,unknown,yes
30.0,admin.,single,secondary,no,-36.0,no,no,cellular,16,jul,561.0,9,-1,0,unknown,yes
40.0,blue-collar,married,secondary,no,-839.0,yes,yes,cellular,16,jul,1018.0,2,-1,0,unknown,yes
42.0,services,married,secondary,no,3465.0,yes,yes,cellular,16,jul,1039.0,2,-1,0,unknown,yes
27.0,student,married,secondary,no,119.0,yes,no,cellular,16,jul,781.0,2,-1,0,unknown,yes
35.0,management,married,tertiary,no,36.0,no,yes,cellular,16,jul,1656.0,5,-1,0,unknown,yes
35.0,housemaid,married,primary,no,113.0,yes,no,cellular,17,jul,923.0,2,-1,0,unknown,yes
32.0,blue-collar,single,secondary,no,118.0,yes,no,cellular,17,jul,1275.0,1,-1,0,unknown,yes
39.0,technician,married,secondary,no,251.0,yes,no,cellular,17,jul,342.0,2,-1,0,unknown,yes
31.0,blue-collar,divorced,secondary,no,-277.0,yes,no,telephone,17,jul,1008.0,2,-1,0,unknown,yes
,services,single,secondary,no,-189.0,no,yes,cellular,17,jul,538.0,2,-1,0,unknown,yes
42.0,management,married,tertiary,no,4.0,yes,no,cellular,17,jul,795.0,1,-1,0,unknown,yes
27.0,services,single,secondary,no,1820.0,yes,no,cellular,17,jul,1027.0,1,-1,0,unknown,yes
33.0,self-employed,divorced,secondary,no,1904.0,yes,no,cellular,17,jul,1584.0,2,-1,0,unknown,yes
51.0,blue-collar,married,primary,no,201.0,yes,no,cellular,17,jul,582.0,2,-1,0,unknown,yes
33.0,admin.,married,secondary,no,0.0,yes,no,telephone,17,jul,1448.0,7,-1,0,unknown,yes
30.0,technician,single,tertiary,no,178.0,no,no,cellular,17,jul,656.0,3,-1,0,unknown,yes
52.0,housemaid,married,primary,no,3798.0,yes,no,cellular,17,jul,1208.0,1,-1,0,unknown,yes
42.0,blue-collar,divorced,primary,no,301.0,yes,no,cellular,17,jul,,2,-1,0,unknown,yes
31.0,management,divorced,tertiary,no,294.0,yes,no,cellular,17,jul,536.0,5,-1,0,unknown,yes
27.0,services,married,secondary,no,0.0,yes,no,cellular,17,jul,991.0,5,-1,0,unknown,yes
44.0,blue-collar,single,secondary,no,292.0,no,yes,cellular,17,jul,1153.0,4,-1,0,unknown,yes
40.0,entrepreneur,divorced,secondary,no,2998.0,yes,no,cellular,18,jul,623.0,3,-1,0,unknown,yes
46.0,housemaid,divorced,primary,no,2084.0,yes,no,cellular,18,jul,1081.0,2,-1,0,unknown,yes
32.0,services,divorced,secondary,no,454.0,yes,no,cellular,18,jul,978.0,1,-1,0,unknown,yes
56.0,technician,divorced,secondary,no,179.0,no,no,cellular,18,jul,536.0,1,-1,0,unknown,yes
33.0,blue-collar,married,secondary,no,661.0,yes,no,cellular,18,jul,968.0,1,-1,0,unknown,yes
33.0,blue-collar,married,secondary,no,89.0,yes,no,cellular,18,jul,278.0,2,-1,0,unknown,yes
32.0,self-employed,married,primary,no,102.0,yes,no,cellular,18,jul,560.0,1,-1,0,unknown,yes
41.0,blue-collar,divorced,primary,no,138.0,yes,no,cellular,18,jul,640.0,3,-1,0,unknown,yes
31.0,admin.,single,secondary,no,622.0,no,no,cellular,18,jul,420.0,1,-1,0,unknown,yes
30.0,admin.,divorced,secondary,no,10.0,yes,no,cellular,18,jul,658.0,2,-1,0,unknown,yes
34.0,admin.,divorced,secondary,no,-251.0,no,no,cellular,18,jul,641.0,1,-1,0,unknown,yes
43.0,entrepreneur,married,secondary,no,104.0,yes,no,cellular,18,jul,635.0,3,-1,0,unknown,yes
28.0,blue-collar,married,secondary,no,173.0,no,no,cellular,18,jul,588.0,7,-1,0,unknown,yes
32.0,admin.,divorced,secondary,no,-46.0,no,yes,cellular,18,jul,1373.0,4,-1,0,unknown,yes
31.0,blue-collar,divorced,secondary,no,0.0,yes,yes,cellular,18,jul,913.0,4,-1,0,unknown,yes
35.0,entrepreneur,single,tertiary,no,145.0,yes,no,cellular,18,jul,799.0,2,-1,0,unknown,yes
31.0,management,married,tertiary,no,325.0,yes,no,cellular,18,jul,1139.0,2,-1,0,unknown,yes
25.0,services,single,secondary,no,2311.0,no,yes,cellular,21,jul,1105.0,2,-1,0,unknown,yes
56.0,retired,divorced,tertiary,no,158.0,no,yes,cellular,21,jul,854.0,1,-1,0,unknown,yes
47.0,technician,married,secondary,no,1981.0,yes,no,cellular,21,jul,919.0,2,-1,0,unknown,yes
39.0,management,married,tertiary,no,1423.0,yes,no,telephone,21,jul,733.0,3,-1,0,unknown,yes
51.0,management,married,tertiary,no,2455.0,yes,no,cellular,21,jul,553.0,1,-1,0,unknown,yes
54.0,technician,divorced,secondary,no,859.0,no,yes,cellular,21,jul,710.0,1,-1,0,unknown,yes
58.0,retired,married,unknown,no,9004.0,no,no,cellular,21,jul,891.0,4,-1,0,unknown,yes
42.0,unemployed,married,unknown,no,970.0,yes,no,telephone,21,jul,691.0,10,-1,0,unknown,yes
56.0,services,married,primary,no,486.0,no,yes,telephone,21,jul,1877.0,1,-1,0,unknown,yes
55.0,housemaid,married,secondary,no,127.0,yes,no,telephone,21,jul,1130.0,8,-1,0,unknown,yes
26.0,blue-collar,single,primary,no,409.0,yes,no,cellular,21,jul,577.0,2,-1,0,unknown,yes
40.0,admin.,single,secondary,no,664.0,no,no,cellular,21,jul,1342.0,2,-1,0,unknown,yes
26.0,technician,single,secondary,no,223.0,no,yes,cellular,21,jul,1002.0,3,-1,0,unknown,yes
35.0,management,single,tertiary,no,-324.0,no,yes,cellular,21,jul,985.0,11,-1,0,unknown,yes
34.0,services,single,secondary,no,-30.0,no,no,cellular,21,jul,1360.0,3,-1,0,unknown,yes
41.0,management,single,tertiary,no,1253.0,no,no,cellular,21,jul,1134.0,5,-1,0,unknown,yes
44.0,management,married,primary,no,4758.0,yes,no,cellular,22,jul,712.0,6,-1,0,unknown,yes
33.0,management,single,tertiary,no,30.0,yes,no,cellular,22,jul,1077.0,1,-1,0,unknown,yes
36.0,management,divorced,tertiary,no,81.0,no,yes,cellular,22,jul,560.0,1,-1,0,unknown,yes
38.0,technician,married,secondary,no,0.0,yes,no,cellular,22,jul,1545.0,1,-1,0,unknown,yes
35.0,technician,married,tertiary,no,328.0,yes,no,cellular,22,jul,654.0,2,-1,0,unknown,yes
41.0,technician,single,tertiary,no,145.0,no,no,cellular,22,jul,1833.0,2,-1,0,unknown,yes
41.0,management,divorced,unknown,no,465.0,yes,no,cellular,22,jul,1508.0,1,-1,0,unknown,yes
28.0,blue-collar,married,secondary,no,751.0,yes,no,cellular,22,jul,598.0,5,-1,0,unknown,yes
26.0,services,married,secondary,no,-379.0,yes,yes,cellular,22,jul,1237.0,7,-1,0,unknown,yes
39.0,blue-collar,single,secondary,no,0.0,no,no,cellular,22,jul,864.0,4,-1,0,unknown,yes
134.0,admin.,married,unknown,no,349.0,yes,no,cellular,22,jul,1037.0,8,-1,0,unknown,yes
37.0,admin.,married,secondary,no,1110.0,yes,no,telephone,22,jul,802.0,11,-1,0,unknown,yes
25.0,management,married,secondary,no,2228.0,yes,no,cellular,23,jul,754.0,1,-1,0,unknown,yes
46.0,management,divorced,tertiary,no,2166.0,yes,no,cellular,23,jul,870.0,1,-1,0,unknown,yes
25.0,blue-collar,single,secondary,no,-247.0,yes,no,cellular,23,jul,633.0,1,-1,0,unknown,yes
28.0,technician,single,tertiary,no,-123.0,no,yes,cellular,23,jul,690.0,1,-1,0,unknown,yes
33.0,services,divorced,secondary,no,44.0,no,yes,cellular,23,jul,529.0,1,-1,0,unknown,yes
32.0,management,single,secondary,no,131.0,yes,yes,cellular,23,jul,1152.0,2,-1,0,unknown,yes
32.0,blue-collar,married,secondary,no,476.0,yes,no,cellular,23,jul,956.0,9,-1,0,unknown,yes
47.0,technician,single,secondary,no,1101.0,yes,no,cellular,23,jul,957.0,3,-1,0,unknown,yes
50.0,entrepreneur,married,tertiary,no,-168.0,yes,no,cellular,23,jul,1327.0,2,-1,0,unknown,yes
27.0,technician,married,secondary,no,-392.0,yes,no,cellular,23,jul,228.0,2,-1,0,unknown,yes
45.0,admin.,married,secondary,no,524.0,yes,no,cellular,23,jul,808.0,1,-1,0,unknown,yes
51.0,admin.,single,secondary,no,895.0,no,no,cellular,23,jul,638.0,2,-1,0,unknown,yes
36.0,admin.,married,secondary,no,212.0,yes,yes,cellular,23,jul,1201.0,6,-1,0,unknown,yes
51.0,self-employed,married,secondary,no,,yes,no,cellular,23,jul,1309.0,4,-1,0,unknown,yes
33.0,services,single,tertiary,no,395.0,yes,no,cellular,23,jul,1359.0,6,-1,0,unknown,yes
59.0,technician,married,secondary,no,135.0,yes,yes,cellular,23,jul,416.0,4,-1,0,unknown,yes
38.0,entrepreneur,married,tertiary,no,0.0,no,no,cellular,23,jul,532.0,2,-1,0,unknown,yes
40.0,services,married,secondary,no,471.0,yes,no,cellular,24,jul,430.0,4,-1,0,unknown,yes
51.0,blue-collar,married,primary,no,603.0,yes,no,cellular,24,jul,853.0,2,-1,0,unknown,yes
41.0,entrepreneur,single,secondary,no,663.0,no,no,cellular,24,jul,1204.0,1,-1,0,unknown,yes
38.0,entrepreneur,married,secondary,no,593.0,yes,yes,cellular,24,jul,1484.0,24,-1,0,unknown,yes
31.0,management,married,tertiary,no,1224.0,yes,yes,cellular,24,jul,1441.0,2,-1,0,unknown,yes
28.0,admin.,single,secondary,no,2.0,yes,no,cellular,24,jul,454.0,1,-1,0,unknown,yes
41.0,blue-collar,married,secondary,yes,720.0,no,yes,cellular,24,jul,651.0,1,-1,0,unknown,yes
33.0,management,divorced,tertiary,no,990.0,yes,no,cellular,24,jul,1491.0,2,-1,0,unknown,yes
25.0,student,single,secondary,no,1747.0,yes,no,cellular,24,jul,903.0,1,-1,0,unknown,yes
45.0,admin.,divorced,secondary,no,59.0,yes,no,cellular,24,jul,873.0,8,-1,0,unknown,yes
31.0,blue-collar,married,primary,no,33.0,yes,no,cellular,24,jul,901.0,2,-1,0,unknown,yes
28.0,services,single,secondary,no,340.0,yes,no,cellular,24,jul,821.0,2,-1,0,unknown,yes
49.0,technician,divorced,secondary,no,305.0,no,no,cellular,24,jul,367.0,2,-1,0,unknown,yes
25.0,services,married,secondary,no,0.0,yes,no,cellular,24,jul,458.0,9,-1,0,unknown,yes
28.0,unemployed,single,tertiary,no,497.0,yes,no,cellular,24,jul,1602.0,6,-1,0,unknown,yes
54.0,retired,married,secondary,no,1371.0,no,no,telephone,25,jul,1492.0,2,-1,0,unknown,yes
28.0,technician,single,tertiary,no,1628.0,yes,no,cellular,25,jul,1422.0,2,-1,0,unknown,yes
27.0,technician,single,tertiary,no,372.0,yes,yes,cellular,25,jul,728.0,2,-1,0,unknown,yes
49.0,blue-collar,single,primary,no,566.0,yes,no,cellular,25,jul,979.0,2,-1,0,unknown,yes
53.0,blue-collar,married,primary,no,343.0,yes,no,cellular,25,jul,616.0,5,-1,0,unknown,yes
26.0,technician,single,secondary,no,941.0,no,yes,cellular,25,jul,784.0,1,-1,0,unknown,yes
37.0,services,married,secondary,no,775.0,no,yes,cellular,25,jul,1000.0,1,-1,0,unknown,yes
34.0,blue-collar,single,secondary,no,1759.0,no,yes,cellular,25,jul,695.0,1,-1,0,unknown,yes
51.0,retired,married,primary,no,1495.0,no,no,telephone,25,jul,1946.0,4,-1,0,unknown,yes
39.0,housemaid,married,secondary,no,1444.0,no,no,telephone,25,jul,362.0,8,-1,0,unknown,yes
35.0,technician,single,tertiary,no,470.0,yes,no,cellular,25,jul,743.0,13,-1,0,unknown,yes
51.0,unemployed,married,primary,no,1162.0,yes,no,cellular,25,jul,2015.0,1,-1,0,unknown,yes
30.0,management,single,tertiary,no,2.0,yes,yes,,25,jul,1031.0,8,-1,0,unknown,yes
42.0,blue-collar,single,primary,no,1628.0,yes,no,cellular,25,jul,590.0,8,-1,0,unknown,yes
54.0,management,married,secondary,no,1134.0,yes,no,cellular,25,jul,1330.0,3,-1,0,unknown,yes
51.0,blue-collar,married,primary,no,0.0,yes,yes,cellular,25,jul,946.0,3,-1,0,unknown,yes
57.0,retired,divorced,primary,no,63.0,no,yes,cellular,25,jul,1448.0,17,-1,0,unknown,yes
30.0,management,married,tertiary,no,1221.0,yes,no,telephone,25,jul,279.0,4,-1,0,unknown,yes
37.0,blue-collar,single,secondary,no,5024.0,no,yes,cellular,25,jul,661.0,4,-1,0,unknown,yes
39.0,technician,married,secondary,no,10685.0,yes,no,cellular,25,jul,1369.0,9,-1,0,unknown,yes
35.0,technician,married,tertiary,no,1629.0,no,no,cellular,25,jul,653.0,4,-1,0,unknown,yes
48.0,management,married,secondary,no,268.0,yes,no,cellular,28,jul,458.0,7,-1,0,unknown,yes
31.0,management,married,tertiary,no,0.0,yes,yes,cellular,28,jul,664.0,8,-1,0,unknown,yes
35.0,self-employed,married,secondary,no,5613.0,yes,no,cellular,28,jul,699.0,3,-1,0,unknown,yes
48.0,housemaid,married,secondary,no,513.0,no,yes,cellular,28,jul,939.0,3,-1,0,unknown,yes
53.0,housemaid,married,primary,no,362.0,no,no,cellular,28,jul,1169.0,2,-1,0,unknown,yes
27.0,technician,single,secondary,no,3933.0,no,no,cellular,28,jul,837.0,3,-1,0,unknown,yes
55.0,technician,married,secondary,no,3899.0,yes,no,telephone,28,jul,596.0,4,-1,0,unknown,yes
40.0,services,married,secondary,no,473.0,yes,no,cellular,28,jul,383.0,3,-1,0,unknown,yes
40.0,self-employed,single,tertiary,no,1616.0,no,no,,28,jul,1009.0,7,-1,0,unknown,yes
38.0,blue-collar,divorced,secondary,no,1817.0,yes,no,cellular,28,jul,1096.0,4,-1,0,unknown,yes
54.0,retired,single,secondary,no,129.0,no,yes,cellular,28,jul,867.0,2,-1,0,unknown,yes
54.0,technician,married,secondary,no,1938.0,no,yes,cellular,28,jul,551.0,3,-1,0,unknown,yes
50.0,admin.,single,secondary,no,133.0,no,no,cellular,28,jul,890.0,4,-1,0,unknown,yes
48.0,management,divorced,tertiary,no,2263.0,no,no,cellular,29,jul,874.0,2,-1,0,unknown,yes
41.0,services,married,unknown,no,1538.0,no,no,cellular,29,jul,710.0,2,-1,0,unknown,yes
51.0,blue-collar,divorced,primary,no,5.0,no,no,cellular,29,jul,600.0,2,-1,0,unknown,yes
42.0,technician,single,tertiary,no,2625.0,no,no,cellular,29,jul,2516.0,2,-1,0,unknown,yes
58.0,retired,divorced,secondary,no,1080.0,yes,no,cellular,29,jul,1058.0,2,-1,0,unknown,yes
47.0,unemployed,married,secondary,no,312.0,no,no,cellular,29,jul,884.0,1,-1,0,unknown,yes
58.0,admin.,married,secondary,no,145.0,yes,no,telephone,29,jul,616.0,13,-1,0,unknown,yes
41.0,blue-collar,married,secondary,no,-190.0,no,yes,cellular,29,jul,808.0,3,-1,0,unknown,yes
50.0,admin.,married,secondary,no,2678.0,no,no,telephone,30,jul,1011.0,6,-1,0,unknown,yes
46.0,housemaid,married,secondary,no,271.0,yes,no,cellular,30,jul,1013.0,29,-1,0,unknown,yes
44.0,blue-collar,married,secondary,no,0.0,no,no,cellular,30,jul,684.0,2,-1,0,unknown,yes
36.0,services,married,secondary,no,0.0,no,no,cellular,30,jul,843.0,2,-1,0,unknown,yes
58.0,management,divorced,secondary,no,3161.0,no,no,telephone,30,jul,542.0,2,-1,0,unknown,yes
44.0,unemployed,single,primary,yes,-4.0,no,yes,cellular,30,jul,788.0,2,-1,0,unknown,yes
49.0,entrepreneur,divorced,unknown,yes,-701.0,yes,no,cellular,30,jul,988.0,2,-1,0,unknown,yes
55.0,management,married,tertiary,no,-375.0,no,no,cellular,30,jul,814.0,2,-1,0,unknown,yes
52.0,unemployed,married,primary,no,959.0,no,no,telephone,30,jul,694.0,2,-1,0,unknown,yes
60.0,retired,divorced,secondary,no,1091.0,no,no,cellular,30,jul,441.0,5,-1,0,unknown,yes
41.0,services,married,unknown,yes,-1.0,no,yes,cellular,30,jul,1171.0,4,-1,0,unknown,yes
36.0,management,married,tertiary,no,96.0,no,no,cellular,30,jul,729.0,4,-1,0,unknown,yes
41.0,blue-collar,divorced,primary,no,0.0,no,no,cellular,30,jul,509.0,2,-1,0,unknown,yes
50.0,entrepreneur,married,tertiary,no,230.0,no,no,telephone,30,jul,1089.0,4,-1,0,unknown,yes
44.0,housemaid,married,primary,no,-156.0,no,yes,cellular,30,jul,1211.0,2,-1,0,unknown,yes
54.0,technician,married,secondary,no,114.0,no,no,cellular,30,jul,458.0,3,-1,0,unknown,yes
35.0,management,married,tertiary,no,-468.0,yes,no,cellular,30,jul,540.0,8,-1,0,unknown,yes
59.0,retired,divorced,secondary,no,679.0,no,no,cellular,30,jul,761.0,4,-1,0,unknown,yes
42.0,entrepreneur,married,unknown,no,206.0,yes,no,cellular,30,jul,695.0,2,-1,0,unknown,yes
27.0,management,single,tertiary,no,1.0,yes,no,cellular,30,jul,764.0,4,-1,0,unknown,yes
59.0,housemaid,divorced,primary,no,2518.0,no,no,cellular,30,jul,675.0,3,-1,0,unknown,yes
43.0,admin.,married,secondary,no,378.0,no,no,cellular,30,jul,782.0,8,-1,0,unknown,yes
39.0,technician,single,secondary,no,391.0,no,yes,cellular,30,jul,962.0,4,-1,0,unknown,yes
33.0,unemployed,married,secondary,no,-144.0,no,no,cellular,30,jul,481.0,3,-1,0,unknown,yes
36.0,self-employed,single,tertiary,no,1240.0,no,no,cellular,31,jul,812.0,3,-1,0,unknown,yes
35.0,blue-collar,divorced,primary,no,1792.0,yes,no,cellular,31,jul,630.0,6,-1,0,unknown,yes
50.0,blue-collar,married,unknown,no,2284.0,yes,no,telephone,31,jul,1088.0,17,-1,0,unknown,yes
55.0,technician,married,secondary,no,264.0,yes,yes,cellular,31,jul,1150.0,5,-1,0,unknown,yes
51.0,unemployed,divorced,tertiary,no,0.0,no,no,cellular,31,jul,,2,-1,0,unknown,yes
48.0,entrepreneur,married,tertiary,yes,-392.0,no,no,cellular,31,jul,725.0,4,-1,0,unknown,yes
55.0,housemaid,divorced,primary,no,77.0,no,no,cellular,31,jul,463.0,6,-1,0,unknown,yes
30.0,services,married,secondary,no,48.0,yes,no,cellular,31,jul,662.0,13,-1,0,unknown,yes
53.0,blue-collar,married,primary,no,252.0,no,no,cellular,31,jul,727.0,4,-1,0,unknown,yes
40.0,blue-collar,married,secondary,no,1954.0,no,no,cellular,31,jul,1107.0,2,-1,0,unknown,yes
44.0,technician,married,primary,no,755.0,no,yes,cellular,31,jul,829.0,4,-1,0,unknown,yes
49.0,management,divorced,tertiary,no,755.0,no,no,cellular,31,jul,1212.0,4,-1,0,unknown,yes
40.0,admin.,married,secondary,no,341.0,no,no,cellular,31,jul,1142.0,5,-1,0,unknown,yes
58.0,unemployed,married,primary,no,1183.0,no,no,cellular,31,jul,1721.0,5,-1,0,unknown,yes
49.0,services,married,secondary,no,388.0,no,no,telephone,31,jul,1032.0,4,-1,0,unknown,yes
38.0,technician,married,secondary,no,1919.0,no,no,cellular,4,aug,846.0,1,-1,0,unknown,yes
51.0,housemaid,divorced,tertiary,no,1613.0,no,no,cellular,4,aug,870.0,1,-1,0,unknown,yes
36.0,management,divorced,tertiary,no,0.0,no,no,cellular,4,aug,1165.0,1,-1,0,unknown,yes
55.0,retired,married,secondary,no,0.0,no,no,cellular,4,aug,1110.0,1,-1,0,unknown,yes
43.0,technician,married,tertiary,no,0.0,no,no,cellular,4,aug,1488.0,2,-1,0,unknown,yes
60.0,management,divorced,secondary,no,0.0,no,no,cellular,5,aug,603.0,3,-1,0,unknown,yes
57.0,retired,married,secondary,no,466.0,no,no,cellular,5,aug,641.0,2,-1,0,unknown,yes
41.0,technician,married,tertiary,no,515.0,no,no,cellular,5,aug,837.0,2,-1,0,unknown,yes
50.0,technician,married,tertiary,no,2313.0,no,no,cellular,5,aug,553.0,1,-1,0,unknown,yes
53.0,blue-collar,married,secondary,no,-8.0,no,no,cellular,5,aug,794.0,1,-1,0,unknown,yes
59.0,retired,married,primary,no,1634.0,yes,yes,cellular,5,aug,836.0,1,-1,0,unknown,yes
59.0,housemaid,married,primary,no,100.0,no,no,cellular,5,aug,1134.0,1,-1,0,unknown,yes
52.0,unknown,married,unknown,no,5361.0,no,no,cellular,5,aug,607.0,3,-1,0,unknown,yes
58.0,management,divorced,tertiary,no,1257.0,no,no,cellular,5,aug,1536.0,1,-1,0,,yes
59.0,retired,married,primary,no,3400.0,yes,no,cellular,5,aug,515.0,3,-1,0,unknown,yes
49.0,technician,single,secondary,no,1377.0,no,no,cellular,5,aug,935.0,1,-1,0,unknown,yes
33.0,management,divorced,tertiary,no,2885.0,no,no,cellular,5,aug,1051.0,2,-1,0,unknown,yes
55.0,blue-collar,married,primary,no,512.0,no,no,cellular,5,aug,1200.0,2,-1,0,unknown,yes
42.0,technician,married,tertiary,no,921.0,no,no,cellular,5,aug,531.0,3,-1,0,unknown,yes
52.0,services,married,secondary,no,1000.0,no,no,cellular,5,aug,766.0,2,-1,0,unknown,yes
38.0,technician,married,tertiary,no,202.0,no,no,cellular,5,aug,1311.0,2,-1,0,,yes
55.0,technician,married,tertiary,no,169.0,no,yes,cellular,5,aug,618.0,2,-1,0,unknown,yes
49.0,technician,married,tertiary,no,3726.0,no,no,cellular,5,aug,875.0,2,-1,0,unknown,yes
56.0,technician,divorced,secondary,no,146.0,yes,no,cellular,5,aug,419.0,3,-1,0,unknown,yes
46.0,technician,married,secondary,no,940.0,no,no,cellular,5,aug,1227.0,2,-1,0,unknown,yes
57.0,retired,divorced,tertiary,no,734.0,no,no,cellular,6,aug,1357.0,4,-1,0,unknown,yes
61.0,retired,married,secondary,no,77.0,no,no,cellular,6,aug,455.0,4,-1,0,unknown,yes
45.0,admin.,married,secondary,no,925.0,no,no,cellular,6,aug,406.0,2,-1,0,unknown,yes
39.0,management,married,tertiary,no,1836.0,no,no,cellular,6,aug,902.0,3,-1,0,unknown,yes
46.0,admin.,married,secondary,no,660.0,no,no,cellular,6,aug,740.0,2,-1,0,unknown,yes
43.0,management,single,tertiary,no,1304.0,no,no,cellular,6,aug,501.0,2,-1,0,unknown,yes
34.0,services,married,secondary,no,2956.0,no,no,cellular,6,aug,835.0,2,-1,0,unknown,yes
35.0,management,divorced,tertiary,no,146.0,no,no,cellular,6,aug,720.0,2,-1,0,unknown,yes
36.0,management,divorced,tertiary,yes,36.0,no,no,cellular,6,aug,836.0,4,-1,0,unknown,yes
45.0,management,divorced,tertiary,no,1.0,no,no,cellular,6,aug,490.0,2,-1,0,unknown,yes
47.0,technician,married,secondary,no,2480.0,no,no,cellular,6,aug,763.0,2,-1,0,unknown,yes
42.0,technician,married,tertiary,no,14282.0,yes,no,cellular,6,aug,649.0,4,-1,0,unknown,yes
40.0,management,single,tertiary,no,0.0,no,no,cellular,6,aug,641.0,6,-1,0,unknown,yes
40.0,technician,divorced,secondary,no,311.0,no,no,cellular,6,aug,738.0,2,-1,0,unknown,yes
32.0,technician,married,secondary,no,560.0,no,no,cellular,6,aug,1044.0,4,-1,0,unknown,yes
33.0,technician,single,secondary,no,3059.0,no,yes,cellular,6,aug,482.0,2,-1,0,unknown,yes
32.0,self-employed,married,tertiary,no,1423.0,no,no,cellular,6,aug,1249.0,4,-1,0,unknown,yes
46.0,blue-collar,married,primary,no,874.0,no,no,cellular,6,aug,996.0,1,-1,0,unknown,yes
50.0,admin.,married,secondary,no,706.0,yes,no,cellular,6,aug,1250.0,4,-1,0,unknown,yes
51.0,blue-collar,married,primary,no,7098.0,no,no,cellular,6,aug,1471.0,7,-1,0,unknown,yes
30.0,management,single,tertiary,no,5389.0,no,no,cellular,6,aug,1456.0,3,-1,0,unknown,yes
39.0,technician,single,secondary,no,1104.0,no,no,cellular,7,aug,395.0,2,-1,0,unknown,yes
47.0,admin.,married,secondary,no,3070.0,no,no,cellular,7,aug,663.0,4,-1,0,unknown,yes
40.0,technician,divorced,secondary,no,0.0,no,no,cellular,7,aug,674.0,2,-1,0,unknown,yes
50.0,blue-collar,married,primary,no,4108.0,yes,no,cellular,7,aug,526.0,2,-1,0,unknown,yes
,management,married,tertiary,no,0.0,no,no,cellular,7,aug,401.0,3,-1,0,unknown,yes
32.0,management,single,tertiary,no,4291.0,no,no,cellular,7,aug,1321.0,9,-1,0,unknown,yes
57.0,technician,married,tertiary,no,6822.0,no,no,cellular,7,aug,797.0,2,-1,0,unknown,yes
41.0,self-employed,married,tertiary,no,231.0,no,no,cellular,7,aug,352.0,2,-1,0,unknown,yes
50.0,technician,married,secondary,no,3176.0,no,no,cellular,7,aug,670.0,1,-1,0,unknown,yes
46.0,technician,divorced,secondary,no,-824.0,yes,no,cellular,7,aug,429.0,3,-1,0,unknown,yes
31.0,management,married,tertiary,no,676.0,no,no,cellular,7,aug,1182.0,1,-1,0,unknown,yes
36.0,technician,single,secondary,no,651.0,no,no,cellular,7,aug,876.0,1,-1,0,unknown,yes
45.0,technician,divorced,secondary,no,2657.0,no,no,cellular,7,aug,895.0,3,-1,0,unknown,yes
33.0,technician,divorced,secondary,no,801.0,no,no,cellular,7,aug,341.0,5,-1,0,unknown,yes
47.0,services,married,secondary,no,405.0,no,yes,cellular,8,aug,994.0,2,-1,0,unknown,yes
35.0,management,married,tertiary,no,82.0,no,no,cellular,8,aug,507.0,4,-1,0,unknown,yes
38.0,management,married,tertiary,no,179.0,no,no,unknown,8,aug,317.0,4,-1,0,unknown,yes
33.0,management,married,tertiary,no,1047.0,no,no,cellular,8,aug,512.0,4,-1,0,unknown,yes
44.0,technician,single,secondary,no,7138.0,no,no,cellular,8,aug,809.0,2,-1,0,unknown,yes
31.0,,single,tertiary,no,165.0,no,yes,cellular,8,aug,523.0,2,-1,0,unknown,yes
31.0,management,single,tertiary,no,37.0,no,no,cellular,8,aug,669.0,2,-1,0,unknown,yes
49.0,services,married,secondary,no,823.0,no,no,cellular,8,aug,780.0,4,-1,0,unknown,yes
52.0,services,married,primary,no,1625.0,no,no,cellular,8,aug,459.0,2,-1,0,unknown,yes
31.0,technician,married,tertiary,no,120.0,no,no,cellular,8,aug,1000.0,1,-1,0,unknown,yes
35.0,management,married,tertiary,no,2957.0,yes,yes,cellular,8,aug,733.0,3,-1,0,unknown,yes
31.0,management,single,tertiary,no,2.0,no,no,cellular,8,aug,848.0,1,-1,0,unknown,yes
36.0,technician,divorced,secondary,no,1.0,no,no,cellular,8,aug,1242.0,3,-1,0,unknown,yes
39.0,management,married,tertiary,no,1795.0,no,no,cellular,8,aug,922.0,7,-1,0,unknown,yes
46.0,management,married,tertiary,no,4.0,no,no,cellular,8,aug,1206.0,4,-1,0,unknown,yes
48.0,blue-collar,married,primary,no,476.0,no,no,cellular,11,aug,856.0,3,-1,0,unknown,yes
36.0,management,married,tertiary,no,9.0,no,no,cellular,11,aug,386.0,4,-1,0,unknown,yes
30.0,management,married,tertiary,no,131.0,yes,no,cellular,11,aug,384.0,6,-1,0,unknown,yes
33.0,management,single,tertiary,no,1120.0,no,no,cellular,11,aug,1070.0,2,-1,0,unknown,yes
57.0,housemaid,married,primary,no,2785.0,no,no,cellular,11,aug,610.0,4,-1,0,unknown,yes
33.0,management,single,tertiary,no,0.0,no,no,cellular,11,aug,699.0,7,-1,0,unknown,yes
35.0,management,married,tertiary,no,43.0,no,no,cellular,11,aug,917.0,4,-1,0,unknown,yes
53.0,management,married,tertiary,no,0.0,no,no,cellular,11,aug,608.0,2,-1,0,unknown,yes
41.0,management,married,secondary,no,456.0,yes,no,cellular,11,aug,734.0,4,-1,0,unknown,yes
32.0,management,single,secondary,no,2018.0,no,no,cellular,11,aug,1238.0,1,-1,0,unknown,yes
41.0,management,married,,no,0.0,no,no,cellular,11,aug,1242.0,5,-1,0,unknown,yes
35.0,technician,single,secondary,no,354.0,no,no,cellular,11,aug,444.0,3,-1,0,unknown,yes
48.0,blue-collar,married,primary,no,719.0,no,yes,cellular,11,aug,418.0,5,-1,0,unknown,yes
34.0,management,married,tertiary,no,828.0,no,yes,cellular,11,aug,1080.0,3,-1,0,unknown,yes
47.0,blue-collar,married,secondary,no,2787.0,no,no,cellular,11,aug,479.0,1,-1,0,unknown,yes
46.0,unemployed,married,secondary,no,2551.0,no,no,cellular,12,aug,645.0,2,-1,0,,yes
60.0,retired,married,secondary,no,2722.0,no,no,cellular,12,aug,506.0,2,-1,0,unknown,yes
39.0,management,married,secondary,no,1880.0,no,no,cellular,12,aug,768.0,2,-1,0,unknown,yes
57.0,blue-collar,married,primary,no,2112.0,no,no,cellular,12,aug,1134.0,2,-1,0,unknown,yes
36.0,unemployed,divorced,secondary,no,871.0,no,no,cellular,12,aug,396.0,3,-1,0,unknown,yes
30.0,management,married,secondary,no,850.0,no,no,cellular,12,aug,507.0,2,-1,0,unknown,yes
33.0,technician,married,secondary,no,3243.0,no,no,cellular,12,aug,439.0,4,-1,0,unknown,yes
,management,married,tertiary,no,1567.0,yes,no,cellular,12,aug,1133.0,4,-1,0,unknown,yes
36.0,technician,single,secondary,yes,12.0,no,no,cellular,12,aug,587.0,2,-1,0,unknown,yes
49.0,blue-collar,married,primary,no,128.0,no,no,cellular,12,aug,696.0,2,-1,0,unknown,yes
49.0,blue-collar,married,secondary,no,553.0,no,no,cellular,12,aug,645.0,8,-1,0,unknown,yes
40.0,unemployed,divorced,secondary,no,1694.0,no,no,cellular,12,aug,473.0,6,-1,0,unknown,yes
49.0,blue-collar,married,primary,no,408.0,no,no,cellular,12,aug,559.0,4,-1,0,unknown,yes
38.0,management,married,tertiary,no,1223.0,no,no,cellular,12,aug,1092.0,5,-1,0,unknown,yes
31.0,management,single,tertiary,no,1858.0,no,no,cellular,12,aug,453.0,3,-1,0,unknown,yes
34.0,management,married,tertiary,no,520.0,yes,no,cellular,12,aug,1307.0,4,-1,0,unknown,yes
39.0,management,married,tertiary,no,271.0,yes,no,cellular,12,aug,1344.0,1,-1,0,unknown,yes
40.0,management,married,secondary,no,4396.0,no,no,cellular,12,aug,432.0,3,-1,0,unknown,yes
47.0,technician,married,secondary,no,568.0,yes,no,cellular,12,aug,1613.0,1,-1,0,unknown,yes
37.0,technician,single,secondary,no,3665.0,no,no,cellular,12,aug,664.0,3,-1,0,unknown,yes
44.0,technician,single,secondary,no,244.0,yes,no,cellular,12,aug,1735.0,4,-1,0,unknown,yes
55.0,management,married,tertiary,no,568.0,no,no,cellular,12,aug,940.0,10,-1,0,unknown,yes
40.0,technician,married,secondary,no,42.0,no,no,cellular,13,aug,1842.0,2,-1,0,unknown,yes
54.0,retired,married,primary,no,309.0,no,no,cellular,13,aug,969.0,2,-1,0,unknown,yes
35.0,technician,married,secondary,no,-180.0,no,yes,cellular,13,aug,823.0,2,-1,0,unknown,yes
32.0,technician,single,tertiary,no,34646.0,no,no,telephone,13,aug,618.0,9,-1,0,unknown,yes
36.0,management,divorced,tertiary,no,59.0,no,no,cellular,13,aug,526.0,2,-1,0,unknown,yes
37.0,management,married,tertiary,no,4436.0,no,no,cellular,13,aug,846.0,5,-1,0,unknown,yes
37.0,technician,single,secondary,no,-242.0,yes,no,cellular,13,aug,1149.0,6,-1,0,unknown,yes
50.0,self-employed,married,secondary,no,10052.0,no,no,cellular,13,aug,665.0,2,-1,0,unknown,yes
58.0,retired,married,tertiary,no,0.0,no,no,cellular,13,aug,641.0,4,-1,0,unknown,yes
52.0,technician,divorced,secondary,no,152.0,no,no,cellular,13,aug,404.0,6,-1,0,unknown,yes
31.0,management,married,tertiary,no,156.0,no,no,,13,aug,657.0,7,-1,0,unknown,yes
40.0,management,married,tertiary,no,66.0,no,no,cellular,13,aug,737.0,4,-1,0,unknown,yes
34.0,management,single,tertiary,no,9827.0,yes,no,cellular,13,aug,871.0,4,-1,0,unknown,yes
53.0,services,married,secondary,no,6170.0,no,no,cellular,13,aug,838.0,4,-1,0,unknown,yes
43.0,management,married,tertiary,no,2383.0,no,no,cellular,13,aug,379.0,6,-1,0,unknown,yes
30.0,technician,single,tertiary,no,635.0,no,no,cellular,13,aug,851.0,8,-1,0,unknown,yes
34.0,technician,single,secondary,no,16.0,no,no,cellular,13,aug,990.0,1,-1,0,unknown,yes
48.0,admin.,divorced,secondary,no,362.0,no,no,cellular,13,aug,529.0,1,-1,0,unknown,yes
33.0,management,married,tertiary,no,191.0,no,no,cellular,13,aug,1148.0,2,-1,0,unknown,yes
37.0,management,single,tertiary,no,455.0,yes,no,cellular,13,aug,904.0,6,-1,0,unknown,yes
57.0,technician,divorced,secondary,no,3043.0,no,no,cellular,14,aug,707.0,2,-1,0,unknown,yes
55.0,retired,married,primary,no,3334.0,no,no,cellular,14,aug,632.0,4,-1,0,unknown,yes
34.0,technician,married,tertiary,no,8029.0,yes,no,cellular,14,aug,593.0,4,-1,0,unknown,yes
44.0,entrepreneur,married,tertiary,no,624.0,no,no,telephone,14,aug,552.0,2,-1,0,unknown,yes
35.0,management,single,tertiary,no,331.0,no,no,cellular,14,aug,857.0,2,-1,0,unknown,yes
34.0,housemaid,married,primary,no,2929.0,no,no,cellular,14,aug,518.0,2,-1,0,unknown,yes
49.0,services,married,secondary,no,1314.0,no,no,cellular,14,aug,834.0,14,-1,0,unknown,yes
30.0,technician,married,secondary,no,289.0,yes,no,cellular,14,aug,1184.0,4,-1,0,unknown,yes
32.0,management,single,tertiary,no,20.0,no,no,cellular,14,aug,1151.0,2,-1,0,unknown,yes
56.0,blue-collar,married,primary,no,8163.0,no,no,cellular,14,aug,1231.0,4,-1,0,unknown,yes
50.0,management,single,tertiary,no,1200.0,no,no,cellular,14,aug,904.0,3,-1,0,unknown,yes
32.0,technician,single,secondary,no,1732.0,yes,no,cellular,14,aug,1871.0,3,-1,0,unknown,yes
45.0,technician,single,tertiary,no,0.0,no,no,cellular,18,aug,773.0,4,-1,0,unknown,yes
52.0,management,married,tertiary,no,,no,no,cellular,18,aug,762.0,3,-1,0,unknown,yes
60.0,blue-collar,married,primary,no,493.0,no,no,cellular,18,aug,671.0,4,-1,0,unknown,yes
47.0,management,married,tertiary,no,682.0,no,no,cellular,18,aug,638.0,6,-1,0,unknown,yes
32.0,technician,single,secondary,no,0.0,no,no,cellular,18,aug,594.0,4,-1,0,unknown,yes
55.0,blue-collar,married,primary,no,3485.0,no,no,cellular,18,aug,625.0,4,-1,0,unknown,yes
36.0,management,single,tertiary,no,2944.0,no,no,cellular,18,aug,882.0,8,-1,0,unknown,yes
46.0,technician,married,secondary,no,1353.0,no,no,cellular,18,aug,528.0,5,-1,0,unknown,yes
55.0,management,divorced,tertiary,no,0.0,no,no,cellular,18,aug,309.0,4,-1,0,unknown,yes
30.0,management,single,tertiary,no,1541.0,no,no,cellular,18,aug,471.0,8,-1,0,unknown,yes
54.0,blue-collar,married,secondary,no,548.0,no,no,cellular,18,aug,520.0,7,-1,0,unknown,yes
31.0,management,divorced,tertiary,no,254.0,no,no,cellular,18,aug,1576.0,8,-1,0,unknown,yes
46.0,technician,single,tertiary,no,4414.0,no,no,cellular,18,aug,504.0,7,-1,0,unknown,yes
61.0,management,married,secondary,no,985.0,no,no,cellular,18,aug,998.0,6,-1,0,unknown,yes
58.0,retired,married,primary,no,1241.0,no,no,cellular,18,aug,194.0,2,-1,0,unknown,yes
38.0,technician,single,secondary,no,3278.0,no,no,cellular,19,aug,645.0,14,-1,0,unknown,yes
49.0,technician,married,secondary,no,412.0,no,no,cellular,19,aug,1293.0,8,-1,0,unknown,yes
43.0,management,single,tertiary,no,483.0,no,no,cellular,19,aug,950.0,6,-1,0,unknown,yes
52.0,management,married,tertiary,no,7135.0,no,no,cellular,19,aug,1032.0,3,-1,0,unknown,yes
33.0,self-employed,single,tertiary,no,61.0,no,no,cellular,19,aug,836.0,3,-1,0,unknown,yes
33.0,management,married,tertiary,no,1412.0,yes,no,unknown,19,aug,480.0,1,-1,0,unknown,yes
53.0,management,married,tertiary,no,15.0,no,no,cellular,20,aug,921.0,2,-1,0,unknown,yes
40.0,admin.,single,tertiary,no,27.0,no,no,cellular,20,aug,467.0,2,-1,0,unknown,yes
44.0,self-employed,married,tertiary,no,1196.0,no,no,cellular,20,aug,552.0,5,-1,0,unknown,yes
42.0,technician,divorced,secondary,no,19.0,no,no,cellular,20,aug,875.0,4,-1,0,unknown,yes
33.0,management,single,tertiary,no,432.0,no,no,telephone,20,aug,588.0,6,-1,0,unknown,yes
53.0,technician,married,tertiary,no,988.0,no,no,cellular,20,aug,1408.0,5,-1,0,unknown,yes
60.0,admin.,married,tertiary,no,1614.0,no,no,cellular,20,aug,921.0,6,-1,0,unknown,yes
33.0,technician,single,secondary,no,163.0,yes,no,cellular,20,aug,627.0,2,-1,0,unknown,yes
37.0,technician,married,tertiary,no,247.0,no,no,cellular,20,aug,625.0,6,-1,0,unknown,yes
45.0,admin.,married,secondary,no,236.0,no,no,cellular,20,aug,703.0,2,-1,0,unknown,yes
34.0,technician,single,secondary,no,666.0,no,no,cellular,21,aug,1503.0,2,-1,0,unknown,yes
56.0,technician,married,tertiary,no,73.0,no,no,cellular,21,aug,644.0,4,-1,0,unknown,yes
57.0,technician,divorced,tertiary,no,96.0,no,no,cellular,21,aug,913.0,4,-1,0,unknown,yes
32.0,management,single,tertiary,no,46.0,no,no,cellular,21,aug,788.0,6,-1,0,unknown,yes
50.0,services,married,secondary,no,1501.0,no,no,cellular,21,aug,946.0,4,-1,0,unknown,yes
30.0,services,single,tertiary,no,-477.0,no,yes,cellular,21,aug,1532.0,2,-1,0,unknown,yes
56.0,admin.,married,secondary,no,1694.0,no,no,cellular,21,aug,793.0,10,-1,0,unknown,yes
55.0,blue-collar,married,secondary,no,196.0,no,no,cellular,21,aug,81.0,1,-1,0,unknown,yes
34.0,self-employed,single,tertiary,no,462.0,no,no,cellular,21,aug,1877.0,3,-1,0,unknown,yes
52.0,management,married,tertiary,no,1227.0,no,no,cellular,22,aug,1123.0,4,-1,0,unknown,yes
32.0,management,single,tertiary,no,522.0,no,no,cellular,22,aug,576.0,2,-1,0,unknown,yes
31.0,self-employed,married,tertiary,no,94.0,no,no,cellular,22,aug,579.0,2,-1,0,unknown,yes
44.0,technician,married,secondary,no,267.0,no,no,cellular,22,aug,520.0,2,-1,0,unknown,yes
33.0,management,married,tertiary,no,4570.0,no,no,cellular,22,aug,1258.0,2,-1,0,unknown,yes
53.0,blue-collar,married,secondary,no,25.0,no,no,cellular,22,aug,528.0,2,-1,0,unknown,yes
46.0,management,single,tertiary,no,0.0,no,no,cellular,22,aug,686.0,2,-1,0,unknown,yes
46.0,entrepreneur,married,tertiary,no,1920.0,no,no,cellular,22,aug,604.0,6,-1,0,unknown,yes
,admin.,married,secondary,no,1575.0,yes,no,cellular,22,aug,1241.0,11,-1,0,unknown,yes
51.0,unemployed,married,secondary,no,234.0,no,no,cellular,22,aug,735.0,1,-1,0,unknown,yes
57.0,retired,married,primary,no,3518.0,yes,no,cellular,25,aug,626.0,3,-1,0,unknown,yes
43.0,technician,married,secondary,no,136.0,no,no,cellular,25,aug,363.0,7,-1,0,unknown,yes
48.0,management,single,tertiary,no,830.0,no,no,cellular,25,aug,961.0,4,-1,0,unknown,yes
33.0,housemaid,married,primary,no,2054.0,no,no,cellular,25,aug,472.0,6,-1,0,unknown,yes
59.0,blue-collar,married,primary,no,-546.0,no,no,cellular,25,aug,1152.0,6,-1,0,unknown,yes
58.0,blue-collar,married,primary,no,5188.0,yes,no,cellular,25,aug,606.0,6,-1,0,unknown,yes
32.0,management,single,tertiary,no,1882.0,no,no,cellular,25,aug,497.0,5,-1,0,unknown,yes
44.0,management,married,tertiary,no,792.0,no,no,cellular,25,aug,630.0,7,-1,0,unknown,yes
47.0,blue-collar,married,unknown,yes,162.0,no,no,cellular,25,aug,366.0,3,-1,0,unknown,yes
34.0,technician,married,secondary,no,1035.0,no,no,cellular,25,aug,1374.0,10,-1,0,unknown,yes
51.0,retired,married,tertiary,no,746.0,no,no,cellular,25,aug,372.0,5,-1,0,unknown,yes
60.0,unknown,married,unknown,no,17297.0,no,no,cellular,26,aug,664.0,11,-1,0,unknown,yes
46.0,admin.,married,secondary,no,22.0,no,no,cellular,26,aug,388.0,6,-1,0,unknown,yes
41.0,technician,married,tertiary,no,231.0,no,no,cellular,26,aug,428.0,2,-1,0,unknown,yes
34.0,self-employed,single,secondary,no,296.0,no,no,cellular,27,aug,609.0,13,-1,0,unknown,yes
31.0,technician,divorced,tertiary,no,0.0,no,no,cellular,27,aug,581.0,6,-1,0,unknown,yes
37.0,management,married,tertiary,no,40.0,no,no,cellular,27,aug,1033.0,4,-1,0,unknown,yes
59.0,retired,married,secondary,no,2396.0,no,no,cellular,27,aug,1040.0,6,-1,0,unknown,yes
55.0,services,married,unknown,no,2944.0,no,no,cellular,27,aug,672.0,6,-1,0,unknown,yes
33.0,management,single,tertiary,no,7084.0,no,no,cellular,27,aug,512.0,8,-1,0,unknown,yes
30.0,technician,married,tertiary,no,569.0,no,no,cellular,27,aug,976.0,12,-1,0,unknown,yes
36.0,management,married,tertiary,no,0.0,no,no,telephone,27,aug,645.0,9,-1,0,unknown,yes
44.0,management,married,tertiary,no,1138.0,no,no,cellular,27,aug,523.0,3,-1,0,unknown,yes
36.0,technician,divorced,secondary,no,54.0,yes,no,cellular,27,aug,1642.0,3,-1,0,unknown,yes
33.0,management,single,tertiary,no,2637.0,no,no,cellular,28,aug,583.0,17,-1,0,unknown,yes
36.0,technician,married,secondary,no,2473.0,no,no,cellular,28,aug,965.0,4,-1,0,unknown,yes
53.0,blue-collar,married,primary,no,5603.0,no,no,cellular,28,aug,2372.0,6,-1,0,unknown,yes
47.0,admin.,divorced,secondary,no,225.0,no,no,cellular,28,aug,1126.0,4,-1,0,unknown,yes
39.0,management,married,tertiary,no,-17.0,yes,yes,cellular,28,aug,908.0,1,-1,0,unknown,yes
35.0,technician,single,secondary,no,3490.0,yes,no,cellular,29,aug,643.0,2,-1,0,unknown,yes
32.0,management,single,tertiary,no,769.0,no,no,cellular,29,aug,695.0,2,-1,0,unknown,yes
46.0,technician,divorced,secondary,no,-90.0,no,yes,telephone,17,oct,270.0,1,-1,0,unknown,yes
30.0,self-employed,married,tertiary,no,1785.0,no,no,unknown,17,oct,235.0,1,-1,0,unknown,yes
36.0,self-employed,single,tertiary,no,-103.0,yes,yes,telephone,17,oct,3253.0,1,-1,0,unknown,yes
47.0,admin.,divorced,secondary,no,555.0,yes,yes,telephone,17,oct,478.0,1,-1,0,unknown,yes
52.0,technician,married,secondary,no,5303.0,yes,no,unknown,19,oct,,1,-1,0,unknown,yes
43.0,management,married,tertiary,no,1258.0,no,no,unknown,20,oct,312.0,1,-1,0,unknown,yes
44.0,technician,single,secondary,no,1679.0,no,no,telephone,20,oct,718.0,1,-1,0,unknown,yes
30.0,blue-collar,married,secondary,no,1664.0,yes,no,telephone,20,oct,2016.0,1,-1,0,unknown,yes
32.0,admin.,married,secondary,no,8749.0,yes,yes,unknown,21,oct,294.0,1,-1,0,unknown,yes
42.0,admin.,single,secondary,no,-247.0,yes,yes,telephone,21,oct,519.0,1,166,1,other,yes
33.0,services,married,secondary,no,3444.0,yes,no,telephone,21,oct,144.0,1,91,4,failure,yes
45.0,admin.,married,secondary,no,5346.0,yes,yes,unknown,21,oct,187.0,1,-1,0,unknown,yes
45.0,blue-collar,married,secondary,no,1144.0,yes,no,unknown,22,oct,676.0,1,-1,0,unknown,yes
28.0,student,single,,no,2351.0,no,no,telephone,22,oct,157.0,1,-1,0,unknown,yes
32.0,technician,single,tertiary,no,5514.0,no,no,telephone,22,oct,181.0,1,-1,0,unknown,yes
28.0,self-employed,married,secondary,no,123.0,no,yes,telephone,22,oct,313.0,1,-1,0,unknown,yes
44.0,admin.,divorced,primary,no,429.0,yes,no,telephone,23,oct,80.0,1,-1,0,unknown,yes
51.0,entrepreneur,married,tertiary,no,5254.0,yes,no,unknown,23,oct,134.0,1,-1,0,unknown,yes
56.0,technician,married,secondary,no,589.0,yes,no,unknown,23,oct,518.0,1,147,2,success,yes
40.0,technician,divorced,tertiary,no,568.0,yes,no,unknown,24,oct,112.0,1,-1,0,unknown,yes
49.0,admin.,married,secondary,no,10250.0,yes,no,telephone,24,oct,97.0,1,-1,0,unknown,yes
50.0,management,single,tertiary,no,3537.0,no,no,unknown,24,oct,305.0,1,-1,0,unknown,yes
58.0,admin.,divorced,secondary,no,1947.0,no,no,telephone,26,oct,228.0,1,-1,0,unknown,yes
37.0,admin.,married,secondary,no,1967.0,no,no,telephone,27,oct,376.0,1,-1,0,unknown,yes
27.0,entrepreneur,married,secondary,no,2329.0,no,no,telephone,27,oct,131.0,1,-1,0,unknown,yes
47.0,management,divorced,tertiary,no,12026.0,yes,no,telephone,27,oct,251.0,1,-1,0,unknown,yes
39.0,admin.,married,secondary,no,1757.0,no,no,telephone,28,oct,125.0,1,-1,0,unknown,yes
43.0,management,married,secondary,no,107.0,yes,yes,telephone,28,oct,135.0,1,-1,0,unknown,yes
34.0,technician,married,secondary,no,1012.0,yes,yes,telephone,28,oct,540.0,1,-1,0,unknown,yes
35.0,management,divorced,tertiary,no,0.0,yes,no,telephone,29,oct,171.0,1,-1,0,unknown,yes
58.0,management,divorced,tertiary,no,372.0,no,yes,unknown,29,oct,11.0,1,-1,0,unknown,yes
35.0,management,single,tertiary,no,7506.0,yes,no,unknown,30,oct,248.0,1,-1,0,unknown,yes
42.0,technician,divorced,secondary,no,314.0,yes,no,unknown,30,oct,234.0,1,-1,0,unknown,yes
43.0,retired,married,secondary,no,860.0,no,no,telephone,30,oct,132.0,1,-1,0,unknown,yes
34.0,housemaid,married,secondary,no,0.0,yes,no,unknown,30,oct,154.0,1,-1,0,,yes
35.0,blue-collar,single,secondary,no,3623.0,no,no,telephone,30,oct,160.0,1,-1,0,unknown,yes
38.0,admin.,single,secondary,no,2470.0,no,no,telephone,31,oct,227.0,1,-1,0,unknown,yes
39.0,,married,secondary,no,1307.0,yes,no,telephone,31,oct,158.0,1,-1,0,unknown,yes
58.0,retired,divorced,tertiary,no,3237.0,no,no,telephone,31,oct,615.0,1,-1,0,unknown,yes
60.0,management,married,tertiary,no,5041.0,no,no,telephone,4,nov,399.0,1,-1,0,unknown,yes
56.0,technician,married,secondary,no,6619.0,yes,no,telephone,4,nov,465.0,1,-1,0,unknown,yes
31.0,management,married,tertiary,no,1331.0,no,no,unknown,5,nov,268.0,1,-1,0,unknown,yes
37.0,services,married,secondary,no,1970.0,yes,no,telephone,5,nov,253.0,1,-1,0,unknown,yes
59.0,retired,divorced,secondary,no,1026.0,no,no,unknown,5,nov,669.0,1,-1,0,unknown,yes
49.0,management,married,secondary,no,249.0,no,no,telephone,6,nov,234.0,1,-1,0,unknown,yes
30.0,management,single,tertiary,no,12857.0,yes,no,cellular,6,nov,150.0,1,-1,0,unknown,yes
31.0,technician,single,tertiary,no,2807.0,no,no,unknown,8,nov,154.0,1,-1,0,unknown,yes
40.0,blue-collar,married,secondary,no,5060.0,no,no,unknown,9,nov,299.0,1,-1,0,unknown,yes
43.0,admin.,married,secondary,no,2271.0,no,no,telephone,10,nov,524.0,1,-1,0,unknown,yes
48.0,management,married,tertiary,no,1.0,no,no,telephone,10,nov,248.0,1,-1,0,unknown,yes
34.0,management,married,tertiary,no,676.0,no,no,telephone,11,nov,486.0,1,-1,0,unknown,yes
28.0,self-employed,single,tertiary,no,160.0,no,no,unknown,11,nov,,1,-1,0,unknown,yes
34.0,admin.,married,tertiary,no,899.0,yes,no,unknown,12,nov,114.0,1,170,3,failure,yes
47.0,,married,secondary,no,1230.0,yes,no,telephone,12,nov,378.0,1,-1,0,unknown,yes
59.0,housemaid,married,tertiary,no,0.0,no,no,telephone,13,nov,494.0,1,-1,0,unknown,yes
32.0,blue-collar,single,tertiary,no,,no,no,unknown,13,nov,90.0,1,-1,0,unknown,yes
31.0,entrepreneur,single,secondary,no,0.0,no,no,telephone,13,nov,160.0,1,-1,0,unknown,yes
27.0,student,single,secondary,no,67.0,no,no,telephone,14,nov,239.0,1,-1,0,unknown,yes
35.0,unemployed,single,secondary,no,127.0,yes,no,telephone,14,nov,162.0,1,-1,0,,yes
32.0,blue-collar,married,secondary,no,2089.0,yes,no,cellular,14,nov,132.0,1,-1,0,unknown,yes
57.0,blue-collar,married,unknown,no,3585.0,no,no,telephone,14,nov,172.0,1,-1,0,unknown,yes
58.0,management,married,tertiary,no,4152.0,yes,no,telephone,14,nov,160.0,1,-1,0,unknown,yes
30.0,technician,single,secondary,no,816.0,yes,no,unknown,14,nov,179.0,1,-1,0,unknown,yes
37.0,management,married,secondary,no,5447.0,yes,yes,cellular,17,nov,1789.0,1,-1,0,unknown,yes
44.0,technician,divorced,secondary,no,275.0,no,no,cellular,17,nov,1077.0,1,-1,0,unknown,yes
57.0,blue-collar,married,secondary,no,1540.0,yes,no,cellular,17,nov,564.0,1,-1,0,unknown,yes
34.0,blue-collar,married,secondary,no,751.0,yes,yes,cellular,17,nov,1303.0,1,-1,0,unknown,yes
54.0,unemployed,single,secondary,no,380.0,no,no,cellular,17,nov,696.0,2,-1,0,unknown,yes
,retired,married,secondary,no,1504.0,yes,yes,cellular,17,nov,761.0,1,-1,0,unknown,yes
59.0,management,married,tertiary,no,1783.0,no,yes,cellular,17,nov,540.0,2,-1,0,unknown,yes
53.0,retired,married,tertiary,no,2269.0,no,no,cellular,17,nov,1091.0,2,150,1,success,yes
37.0,technician,married,secondary,no,5115.0,yes,no,,17,nov,1210.0,2,171,4,failure,yes
45.0,entrepreneur,married,secondary,no,781.0,no,yes,cellular,17,nov,652.0,2,126,2,failure,yes
49.0,technician,single,secondary,no,-188.0,yes,yes,cellular,17,nov,454.0,1,-1,0,unknown,yes
31.0,blue-collar,single,tertiary,no,761.0,no,no,telephone,18,nov,514.0,2,-1,0,unknown,yes
31.0,admin.,single,secondary,no,19.0,yes,no,cellular,18,nov,1978.0,1,-1,0,unknown,yes
35.0,technician,married,secondary,no,4508.0,yes,no,cellular,18,nov,854.0,1,-1,0,unknown,yes
37.0,entrepreneur,divorced,tertiary,no,66.0,no,no,cellular,18,nov,1164.0,2,-1,0,unknown,yes
48.0,management,married,tertiary,no,2266.0,no,no,cellular,18,nov,676.0,1,-1,0,unknown,yes
39.0,technician,single,secondary,no,4646.0,yes,no,cellular,18,nov,486.0,1,-1,0,unknown,yes
34.0,management,single,tertiary,no,1494.0,yes,no,cellular,18,nov,596.0,1,182,1,other,yes
49.0,management,married,tertiary,no,,yes,no,cellular,18,nov,924.0,1,-1,0,unknown,yes
41.0,management,married,tertiary,no,0.0,yes,no,cellular,18,nov,897.0,3,-1,0,unknown,yes
46.0,management,married,secondary,no,0.0,no,no,cellular,18,nov,1855.0,1,-1,0,unknown,yes
54.0,management,divorced,tertiary,no,2171.0,yes,yes,telephone,18,nov,1034.0,1,-1,0,unknown,yes
38.0,technician,married,tertiary,no,3234.0,no,no,cellular,18,nov,578.0,2,-1,0,unknown,yes
39.0,entrepreneur,married,secondary,no,11887.0,no,no,cellular,18,nov,1181.0,2,-1,0,unknown,yes
46.0,management,married,tertiary,no,0.0,no,no,cellular,18,nov,716.0,2,110,3,other,yes
58.0,management,divorced,tertiary,no,5037.0,yes,no,cellular,18,nov,1437.0,2,-1,0,unknown,yes
32.0,self-employed,single,tertiary,no,386.0,yes,no,cellular,18,nov,482.0,1,-1,0,unknown,yes
30.0,admin.,married,secondary,no,8781.0,yes,no,cellular,18,nov,898.0,1,-1,0,unknown,yes
51.0,entrepreneur,married,primary,no,538.0,no,no,cellular,18,nov,1122.0,4,-1,0,unknown,yes
30.0,management,single,tertiary,no,5561.0,yes,no,cellular,19,nov,511.0,1,-1,0,unknown,yes
35.0,management,divorced,tertiary,no,859.0,yes,yes,cellular,19,nov,1554.0,1,-1,0,unknown,yes
30.0,services,single,primary,no,0.0,yes,yes,cellular,19,nov,686.0,1,-1,0,unknown,yes
30.0,self-employed,single,secondary,no,,no,yes,cellular,19,nov,925.0,1,-1,0,unknown,yes
43.0,management,married,tertiary,no,1429.0,yes,no,cellular,19,nov,1015.0,1,198,2,other,yes
47.0,management,married,unknown,no,4189.0,yes,no,cellular,19,nov,489.0,3,-1,0,unknown,yes
51.0,retired,married,tertiary,no,580.0,no,no,cellular,19,nov,694.0,2,-1,0,unknown,yes
32.0,services,single,secondary,no,2615.0,no,no,cellular,19,nov,853.0,1,-1,0,unknown,yes
53.0,unemployed,divorced,secondary,no,587.0,no,no,cellular,19,nov,561.0,1,-1,0,unknown,yes
33.0,technician,single,tertiary,no,149.0,yes,no,cellular,19,nov,424.0,2,182,1,other,yes
40.0,blue-collar,single,secondary,no,3.0,no,no,cellular,19,nov,998.0,1,-1,0,unknown,yes
42.0,blue-collar,married,primary,no,807.0,yes,no,cellular,19,nov,1057.0,1,-1,0,unknown,yes
,unemployed,divorced,secondary,no,3354.0,yes,no,cellular,19,nov,522.0,1,174,1,success,yes
32.0,self-employed,single,tertiary,no,1249.0,yes,no,cellular,19,nov,472.0,1,-1,0,unknown,yes
38.0,blue-collar,married,primary,no,190.0,yes,no,telephone,19,nov,623.0,1,175,1,other,yes
32.0,technician,single,tertiary,no,550.0,no,no,cellular,19,nov,337.0,1,-1,0,unknown,yes
30.0,entrepreneur,married,secondary,no,12737.0,no,yes,cellular,19,nov,589.0,2,-1,0,unknown,yes
35.0,technician,married,secondary,no,0.0,yes,no,cellular,19,nov,644.0,4,-1,0,unknown,yes
36.0,admin.,married,secondary,no,1207.0,yes,no,cellular,19,nov,1792.0,2,-1,0,unknown,yes
43.0,self-employed,divorced,secondary,no,347.0,no,no,cellular,19,nov,1468.0,3,-1,0,unknown,yes
42.0,management,married,tertiary,no,3713.0,no,no,cellular,19,nov,709.0,2,-1,0,unknown,yes
40.0,management,married,tertiary,no,3352.0,yes,no,cellular,19,nov,639.0,2,27,1,success,yes
32.0,blue-collar,married,secondary,no,254.0,yes,no,cellular,19,nov,1720.0,3,-1,0,unknown,yes
32.0,technician,married,tertiary,no,4654.0,yes,yes,cellular,20,nov,276.0,1,128,2,failure,yes
41.0,blue-collar,single,secondary,yes,-386.0,no,yes,cellular,20,nov,477.0,1,-1,0,unknown,yes
34.0,blue-collar,single,secondary,no,3043.0,yes,yes,cellular,20,nov,670.0,1,-1,0,unknown,yes
40.0,services,single,secondary,no,1547.0,yes,no,cellular,20,nov,405.0,1,-1,0,unknown,yes
32.0,services,single,tertiary,no,,no,no,cellular,20,nov,531.0,1,-1,0,unknown,yes
32.0,technician,single,secondary,no,6402.0,yes,no,cellular,20,nov,628.0,1,-1,0,unknown,yes
36.0,self-employed,single,secondary,no,1295.0,no,no,cellular,20,nov,1192.0,1,-1,0,unknown,yes
45.0,technician,married,secondary,no,6993.0,yes,no,cellular,20,nov,283.0,1,-1,0,unknown,yes
47.0,self-employed,married,secondary,no,4420.0,yes,yes,cellular,20,nov,454.0,1,-1,0,unknown,yes
35.0,management,divorced,tertiary,no,141.0,no,yes,cellular,20,nov,728.0,1,-1,0,unknown,yes
36.0,services,married,secondary,no,11462.0,yes,no,cellular,20,nov,993.0,1,-1,0,unknown,yes
33.0,technician,married,tertiary,no,6843.0,no,no,cellular,20,nov,755.0,1,100,10,other,yes
30.0,blue-collar,married,secondary,no,501.0,yes,yes,cellular,20,nov,994.0,1,177,1,failure,yes
32.0,services,single,secondary,no,5806.0,yes,no,cellular,20,nov,1503.0,2,-1,0,unknown,yes
45.0,entrepreneur,married,tertiary,no,20138.0,yes,no,cellular,20,nov,871.0,5,-1,0,unknown,yes
47.0,services,married,secondary,no,1315.0,no,no,cellular,20,nov,329.0,4,-1,0,unknown,yes
46.0,technician,married,tertiary,no,0.0,no,no,cellular,20,nov,531.0,1,167,1,failure,yes
39.0,unemployed,single,tertiary,no,7.0,yes,no,cellular,20,nov,931.0,4,-1,0,unknown,yes
30.0,services,married,secondary,no,3929.0,yes,no,cellular,20,nov,593.0,1,-1,0,unknown,yes
45.0,self-employed,married,secondary,no,7.0,no,no,cellular,20,nov,691.0,1,-1,0,unknown,yes
43.0,blue-collar,married,secondary,no,699.0,yes,yes,cellular,20,nov,1258.0,105,122,2,other,yes
53.0,blue-collar,married,primary,no,421.0,yes,no,,20,nov,677.0,1,-1,0,unknown,yes
43.0,technician,married,tertiary,no,4333.0,yes,no,cellular,20,nov,1490.0,3,-1,0,unknown,yes
54.0,management,divorced,secondary,no,300.0,yes,no,cellular,20,nov,562.0,2,-1,0,unknown,yes
,blue-collar,single,secondary,no,7773.0,yes,no,cellular,20,nov,705.0,1,-1,0,unknown,yes
30.0,admin.,married,secondary,no,1794.0,no,no,cellular,20,nov,1035.0,1,-1,0,unknown,yes
36.0,management,single,tertiary,no,2032.0,no,yes,cellular,20,nov,736.0,1,-1,0,unknown,yes
33.0,management,married,tertiary,no,3401.0,no,no,cellular,20,nov,253.0,1,-1,0,unknown,yes
38.0,entrepreneur,married,tertiary,no,1110.0,yes,no,cellular,20,nov,888.0,2,183,2,failure,yes
37.0,technician,divorced,secondary,no,3068.0,yes,yes,cellular,20,nov,370.0,2,195,1,other,yes
32.0,services,married,secondary,no,983.0,yes,no,cellular,20,nov,500.0,2,133,1,failure,yes
59.0,technician,divorced,secondary,no,2396.0,no,no,cellular,20,nov,488.0,1,-1,0,unknown,yes
59.0,retired,married,secondary,no,6888.0,no,no,telephone,20,nov,1025.0,2,-1,0,unknown,yes
46.0,admin.,divorced,secondary,no,2087.0,no,no,cellular,20,nov,768.0,3,-1,0,unknown,yes
32.0,blue-collar,single,primary,no,121.0,yes,no,cellular,20,nov,758.0,1,-1,0,unknown,yes
52.0,entrepreneur,single,tertiary,no,3469.0,yes,no,cellular,20,nov,653.0,1,-1,0,unknown,yes
45.0,blue-collar,married,primary,no,5461.0,yes,no,cellular,20,nov,841.0,2,-1,0,unknown,yes
52.0,blue-collar,married,secondary,no,7119.0,no,yes,telephone,20,nov,871.0,3,-1,0,unknown,yes
31.0,blue-collar,married,tertiary,no,-35.0,no,no,cellular,20,nov,952.0,2,-1,0,unknown,yes
31.0,unemployed,married,secondary,no,314.0,yes,no,cellular,20,nov,1341.0,3,178,7,failure,yes
39.0,technician,single,secondary,no,18508.0,no,no,cellular,20,nov,1598.0,4,-1,0,unknown,yes
35.0,blue-collar,married,secondary,no,5639.0,yes,no,cellular,20,nov,945.0,2,-1,0,unknown,yes
33.0,services,married,secondary,no,2918.0,no,yes,cellular,20,nov,1059.0,2,-1,0,unknown,yes
50.0,blue-collar,married,primary,no,12519.0,yes,no,cellular,21,nov,615.0,3,34,1,failure,yes
,management,married,tertiary,no,4069.0,no,no,,21,nov,517.0,1,-1,0,unknown,yes
34.0,admin.,single,tertiary,no,4254.0,yes,no,cellular,21,nov,714.0,1,-1,0,unknown,yes
46.0,blue-collar,divorced,primary,no,219.0,yes,no,cellular,21,nov,729.0,1,-1,0,unknown,yes
47.0,technician,married,secondary,no,0.0,no,no,cellular,21,nov,591.0,1,10,1,failure,yes
39.0,admin.,single,secondary,no,2263.0,yes,yes,telephone,21,nov,1158.0,9,-1,0,unknown,yes
31.0,self-employed,single,tertiary,no,2589.0,no,no,cellular,21,nov,614.0,1,-1,0,unknown,yes
41.0,management,single,tertiary,no,1982.0,no,no,cellular,21,nov,558.0,1,-1,0,unknown,yes
59.0,,married,tertiary,no,7049.0,no,no,cellular,21,nov,530.0,1,163,2,failure,yes
39.0,management,divorced,tertiary,no,1968.0,no,no,cellular,21,nov,648.0,1,-1,0,unknown,yes
48.0,housemaid,married,primary,no,7195.0,no,no,cellular,21,nov,609.0,2,-1,0,unknown,yes
50.0,admin.,married,secondary,no,4117.0,no,no,cellular,21,nov,530.0,1,-1,0,unknown,yes
31.0,admin.,single,secondary,no,3950.0,yes,no,cellular,21,nov,529.0,1,-1,0,unknown,yes
30.0,services,single,secondary,no,495.0,yes,no,cellular,21,nov,641.0,1,-1,0,unknown,yes
31.0,management,married,secondary,no,,yes,no,cellular,21,nov,957.0,1,184,2,failure,yes
30.0,technician,married,secondary,no,455.0,yes,no,cellular,21,nov,758.0,1,-1,0,unknown,yes
34.0,blue-collar,single,secondary,no,,yes,no,cellular,21,nov,963.0,1,-1,0,unknown,yes
53.0,blue-collar,married,secondary,no,1777.0,yes,no,cellular,21,nov,796.0,5,154,1,failure,yes
34.0,blue-collar,married,primary,no,3527.0,yes,no,cellular,21,nov,1022.0,1,-1,0,unknown,yes
57.0,management,married,tertiary,no,372.0,no,no,cellular,21,nov,553.0,3,-1,0,unknown,yes
41.0,services,single,secondary,no,92.0,no,no,cellular,21,nov,372.0,1,-1,0,unknown,yes
40.0,admin.,married,primary,no,72.0,yes,yes,cellular,21,nov,849.0,1,-1,0,unknown,yes
37.0,admin.,divorced,secondary,no,1533.0,yes,no,cellular,21,nov,555.0,4,-1,0,unknown,yes
31.0,management,married,tertiary,no,4148.0,yes,no,cellular,21,nov,316.0,3,99,9,other,yes
58.0,management,married,tertiary,no,96.0,no,no,cellular,21,nov,850.0,1,-1,0,unknown,yes
39.0,unemployed,married,secondary,no,2245.0,no,no,cellular,21,nov,749.0,2,-1,0,unknown,yes
47.0,technician,married,secondary,no,834.0,no,yes,cellular,21,nov,902.0,1,133,2,other,yes
44.0,management,married,tertiary,no,4119.0,yes,yes,telephone,21,nov,1074.0,1,-1,0,unknown,yes
45.0,technician,married,tertiary,no,-525.0,no,yes,cellular,21,nov,980.0,2,-1,0,unknown,yes
41.0,entrepreneur,married,primary,no,39.0,yes,no,cellular,21,nov,549.0,2,-1,0,unknown,yes
33.0,technician,single,tertiary,no,0.0,yes,no,cellular,21,nov,654.0,1,-1,0,unknown,yes
30.0,student,single,tertiary,no,2766.0,no,no,cellular,21,nov,834.0,1,-1,0,unknown,yes
30.0,student,single,tertiary,no,3300.0,no,no,cellular,21,nov,1571.0,1,-1,0,unknown,yes
42.0,management,married,tertiary,no,36.0,no,no,cellular,21,nov,664.0,3,-1,0,unknown,yes
49.0,management,married,tertiary,no,22520.0,no,no,cellular,21,nov,579.0,9,-1,0,unknown,yes
59.0,unemployed,single,primary,no,7724.0,no,no,cellular,21,nov,373.0,3,-1,0,unknown,yes
31.0,unknown,married,secondary,no,111.0,no,no,cellular,21,nov,504.0,2,93,2,failure,yes
43.0,management,married,tertiary,no,2640.0,no,no,cellular,21,nov,314.0,4,-1,0,unknown,yes
38.0,management,married,tertiary,no,3436.0,no,no,cellular,21,nov,663.0,4,-1,0,unknown,yes
30.0,services,married,secondary,no,0.0,yes,no,cellular,21,nov,681.0,4,-1,0,unknown,yes
35.0,admin.,divorced,secondary,no,3636.0,no,yes,cellular,21,nov,808.0,2,-1,0,unknown,yes
43.0,technician,married,secondary,no,3288.0,yes,no,cellular,21,nov,775.0,3,-1,0,unknown,yes
34.0,management,single,tertiary,no,2633.0,yes,no,cellular,21,nov,705.0,6,-1,0,unknown,yes
,blue-collar,married,secondary,no,580.0,no,no,cellular,21,nov,965.0,2,-1,0,unknown,yes
46.0,management,married,secondary,no,149.0,no,no,cellular,21,nov,1222.0,2,-1,0,unknown,yes
46.0,services,divorced,secondary,no,4329.0,no,no,cellular,21,nov,534.0,2,-1,0,unknown,yes
37.0,admin.,single,secondary,no,1097.0,yes,no,cellular,21,nov,1555.0,2,-1,0,unknown,yes
42.0,management,married,tertiary,no,1275.0,yes,yes,cellular,21,nov,925.0,5,-1,0,unknown,yes
23.0,unemployed,single,primary,no,1003.0,no,no,telephone,27,nov,8.0,1,-1,0,unknown,yes
53.0,management,divorced,secondary,no,1004.0,no,yes,telephone,22,dec,119.0,1,-1,0,unknown,yes
26.0,unemployed,single,tertiary,no,814.0,no,no,cellular,28,jan,1387.0,1,-1,0,unknown,yes
49.0,technician,married,secondary,no,808.0,yes,no,cellular,28,jan,1232.0,1,-1,0,unknown,yes
34.0,unknown,single,secondary,no,859.0,no,no,cellular,28,jan,829.0,1,-1,0,unknown,yes
28.0,unknown,single,secondary,no,4465.0,no,no,cellular,28,jan,769.0,1,-1,0,unknown,yes
46.0,technician,divorced,tertiary,no,0.0,no,no,cellular,28,jan,1199.0,2,-1,0,unknown,yes
26.0,unemployed,single,secondary,no,622.0,no,no,cellular,28,jan,1451.0,2,-1,0,unknown,yes
31.0,services,single,secondary,no,1709.0,no,yes,telephone,28,jan,944.0,3,-1,0,unknown,yes
51.0,admin.,single,tertiary,no,394.0,no,no,telephone,28,jan,968.0,2,-1,0,unknown,yes
47.0,blue-collar,married,secondary,no,1125.0,yes,no,cellular,29,jan,1101.0,1,-1,0,unknown,yes
53.0,blue-collar,married,primary,yes,-462.0,no,no,cellular,29,jan,470.0,1,-1,0,unknown,yes
29.0,unemployed,single,primary,no,550.0,no,no,cellular,29,jan,801.0,1,-1,0,unknown,yes
32.0,technician,single,secondary,no,540.0,no,yes,cellular,29,jan,750.0,1,-1,0,unknown,yes
26.0,blue-collar,single,primary,no,941.0,no,no,cellular,29,jan,1165.0,1,-1,0,unknown,yes
40.0,management,single,tertiary,no,1361.0,no,no,cellular,29,jan,1473.0,1,-1,0,unknown,yes
33.0,services,single,tertiary,no,-452.0,no,no,cellular,29,jan,692.0,2,-1,0,unknown,yes
49.0,unemployed,married,primary,no,518.0,no,no,cellular,29,jan,1917.0,2,-1,0,unknown,yes
60.0,technician,married,tertiary,no,-71.0,yes,yes,cellular,30,jan,1451.0,1,-1,0,unknown,yes
41.0,management,single,secondary,no,3234.0,yes,no,cellular,30,jan,2770.0,1,-1,0,unknown,yes
36.0,technician,single,secondary,no,98.0,no,no,,30,jan,771.0,1,-1,0,unknown,yes
29.0,services,single,unknown,no,196.0,no,no,cellular,30,jan,726.0,2,-1,0,unknown,yes
42.0,admin.,divorced,secondary,no,936.0,no,no,cellular,30,jan,931.0,1,-1,0,unknown,yes
33.0,entrepreneur,single,tertiary,no,300.0,yes,yes,cellular,30,jan,922.0,5,-1,0,unknown,yes
31.0,admin.,divorced,secondary,no,217.0,yes,no,cellular,30,jan,1776.0,2,-1,0,unknown,yes
31.0,unemployed,single,primary,no,163.0,no,no,cellular,30,jan,707.0,2,2,1,other,yes
26.0,services,single,secondary,no,110.0,no,no,cellular,30,jan,1136.0,2,-1,0,unknown,yes
40.0,technician,single,tertiary,no,1646.0,yes,no,cellular,2,feb,215.0,1,242,2,failure,yes
45.0,unemployed,married,secondary,no,2040.0,no,no,telephone,2,feb,803.0,1,-1,0,unknown,yes
55.0,technician,married,secondary,yes,-308.0,no,no,cellular,2,feb,781.0,1,-1,0,unknown,yes
29.0,technician,single,tertiary,no,2325.0,no,no,cellular,2,feb,125.0,1,-1,0,unknown,yes
47.0,management,single,tertiary,no,86.0,no,no,cellular,2,feb,1086.0,1,-1,0,unknown,yes
50.0,unemployed,divorced,unknown,no,1088.0,no,no,cellular,2,feb,749.0,1,-1,0,unknown,yes
44.0,unemployed,married,secondary,no,0.0,yes,no,cellular,2,feb,699.0,1,272,1,failure,yes
56.0,unemployed,married,secondary,no,0.0,no,no,telephone,2,feb,492.0,1,-1,0,unknown,yes
39.0,student,single,tertiary,no,2103.0,no,no,cellular,2,feb,588.0,1,-1,0,unknown,yes
59.0,retired,single,secondary,no,2.0,no,no,telephone,2,feb,935.0,1,-1,0,unknown,yes
43.0,management,divorced,secondary,no,51.0,no,no,cellular,2,feb,430.0,1,-1,0,unknown,yes
36.0,admin.,married,secondary,no,96.0,no,no,cellular,2,feb,302.0,1,-1,0,unknown,yes
29.0,admin.,single,secondary,no,1027.0,yes,no,cellular,2,feb,177.0,1,-1,0,unknown,yes
38.0,management,married,tertiary,no,1308.0,yes,no,cellular,2,feb,626.0,1,-1,0,unknown,yes
41.0,services,divorced,secondary,no,840.0,yes,no,cellular,2,feb,938.0,1,-1,0,unknown,yes
58.0,management,divorced,tertiary,no,5701.0,no,no,cellular,2,feb,521.0,1,-1,0,unknown,yes
61.0,management,married,tertiary,no,6016.0,no,no,cellular,2,feb,670.0,3,-1,0,unknown,yes
36.0,management,married,tertiary,no,630.0,no,no,cellular,2,feb,285.0,1,-1,0,unknown,yes
30.0,self-employed,single,tertiary,no,432.0,yes,no,cellular,2,feb,402.0,1,-1,0,unknown,yes
43.0,admin.,single,secondary,no,-247.0,yes,yes,cellular,2,feb,751.0,2,76,4,failure,yes
39.0,services,married,secondary,no,52.0,no,no,telephone,2,feb,1420.0,3,-1,0,unknown,yes
48.0,blue-collar,single,primary,no,623.0,yes,no,cellular,2,feb,1425.0,2,-1,0,unknown,yes
26.0,student,single,secondary,no,0.0,no,no,cellular,2,feb,1223.0,2,-1,0,unknown,yes
51.0,technician,married,secondary,no,100.0,no,no,cellular,2,feb,467.0,2,-1,0,unknown,yes
37.0,management,married,tertiary,no,4089.0,yes,no,cellular,2,feb,289.0,2,174,4,other,yes
29.0,technician,single,tertiary,no,1669.0,no,no,cellular,3,feb,297.0,1,-1,0,unknown,yes
57.0,admin.,married,secondary,no,169.0,no,no,cellular,3,feb,369.0,1,-1,0,unknown,yes
25.0,admin.,single,secondary,no,483.0,no,yes,cellular,3,feb,189.0,1,-1,0,unknown,yes
68.0,retired,divorced,primary,no,250.0,no,no,cellular,3,feb,360.0,1,-1,0,unknown,yes
34.0,management,married,tertiary,no,0.0,yes,no,cellular,3,feb,251.0,1,-1,0,unknown,yes
38.0,technician,divorced,secondary,no,902.0,yes,no,cellular,3,feb,650.0,1,-1,0,,yes
54.0,,divorced,secondary,no,2156.0,yes,no,cellular,3,feb,261.0,1,195,4,failure,yes
32.0,management,single,tertiary,no,2360.0,no,no,cellular,3,feb,152.0,2,160,5,other,yes
41.0,blue-collar,married,primary,no,201.0,yes,no,cellular,3,feb,157.0,1,-1,0,unknown,yes
48.0,technician,single,secondary,no,-92.0,yes,no,cellular,3,feb,1393.0,1,-1,0,unknown,yes
59.0,retired,divorced,secondary,no,514.0,no,no,cellular,3,feb,261.0,1,-1,0,unknown,yes
39.0,unemployed,single,secondary,no,-114.0,yes,no,cellular,3,feb,372.0,1,-1,0,unknown,yes
31.0,management,married,tertiary,no,1331.0,no,no,cellular,3,feb,182.0,2,90,1,success,yes
30.0,entrepreneur,single,secondary,no,732.0,no,no,cellular,3,feb,1404.0,4,-1,0,unknown,yes
40.0,management,married,tertiary,no,1308.0,no,no,telephone,3,feb,1776.0,2,-1,0,unknown,yes
28.0,self-employed,married,tertiary,no,0.0,yes,no,cellular,4,feb,546.0,3,196,4,failure,yes
52.0,management,married,tertiary,no,-970.0,yes,no,cellular,4,feb,489.0,1,-1,0,unknown,yes
32.0,technician,single,tertiary,no,1246.0,yes,no,cellular,4,feb,192.0,2,-1,0,unknown,yes
34.0,management,married,tertiary,no,73.0,no,no,cellular,4,feb,426.0,2,-1,0,unknown,yes
31.0,unemployed,single,primary,no,406.0,no,no,cellular,4,feb,736.0,1,-1,0,unknown,yes
57.0,admin.,married,secondary,no,4391.0,no,no,telephone,4,feb,1416.0,1,-1,0,unknown,yes
31.0,self-employed,married,tertiary,no,168.0,no,no,cellular,4,feb,193.0,2,-1,0,unknown,yes
29.0,management,married,tertiary,no,1441.0,yes,no,cellular,4,feb,80.0,2,-1,0,unknown,yes
75.0,retired,divorced,primary,no,3881.0,yes,no,cellular,4,feb,136.0,3,-1,0,unknown,yes
32.0,admin.,single,secondary,no,678.0,yes,no,cellular,4,feb,1579.0,1,246,4,failure,yes
31.0,management,married,tertiary,no,141.0,yes,no,cellular,4,feb,572.0,2,238,7,other,yes
41.0,self-employed,single,tertiary,no,-94.0,yes,no,cellular,4,feb,1164.0,1,203,1,failure,yes
22.0,admin.,single,tertiary,no,897.0,yes,no,cellular,4,feb,133.0,4,-1,0,unknown,yes
31.0,unemployed,single,secondary,no,1214.0,no,no,cellular,4,feb,974.0,1,-1,0,unknown,yes
69.0,retired,married,primary,no,324.0,no,no,cellular,4,feb,,4,-1,0,unknown,yes
30.0,self-employed,married,tertiary,no,2666.0,no,no,cellular,4,feb,467.0,1,-1,0,unknown,yes
49.0,blue-collar,divorced,secondary,no,10613.0,no,yes,cellular,4,feb,1226.0,1,-1,0,unknown,yes
29.0,management,single,tertiary,no,697.0,no,no,cellular,4,feb,206.0,1,-1,0,unknown,yes
43.0,blue-collar,married,,no,953.0,yes,no,cellular,4,feb,765.0,2,-1,0,unknown,yes
28.0,services,single,,no,198.0,no,no,cellular,4,feb,976.0,2,-1,0,unknown,yes
56.0,unemployed,single,primary,no,1110.0,no,no,cellular,4,feb,945.0,2,-1,0,unknown,yes
39.0,admin.,married,secondary,no,130.0,yes,yes,cellular,4,feb,1290.0,2,-1,0,unknown,yes
33.0,blue-collar,married,secondary,no,315.0,no,no,cellular,4,feb,146.0,3,-1,0,unknown,yes
38.0,technician,married,tertiary,no,4383.0,no,no,cellular,4,feb,1381.0,4,-1,0,unknown,yes
30.0,admin.,single,secondary,no,313.0,yes,no,cellular,4,feb,1121.0,2,-1,0,unknown,yes
29.0,technician,married,secondary,no,273.0,no,no,cellular,4,feb,2775.0,2,-1,0,unknown,yes
69.0,management,married,tertiary,no,840.0,no,no,telephone,5,feb,128.0,3,-1,0,unknown,yes
44.0,management,married,tertiary,no,309.0,yes,no,cellular,5,feb,676.0,1,-1,0,unknown,yes
35.0,management,single,tertiary,no,2707.0,no,no,cellular,5,feb,699.0,1,-1,0,unknown,yes
31.0,technician,single,tertiary,no,1109.0,no,no,cellular,5,feb,642.0,1,167,2,failure,yes
26.0,entrepreneur,single,secondary,no,101.0,yes,no,cellular,5,feb,810.0,1,268,1,failure,yes
26.0,entrepreneur,single,tertiary,no,725.0,no,no,cellular,5,feb,1916.0,2,189,29,other,yes
34.0,unemployed,married,primary,no,309.0,no,no,cellular,5,feb,578.0,1,-1,0,unknown,yes
42.0,technician,single,secondary,no,541.0,yes,no,cellular,5,feb,656.0,1,-1,0,unknown,yes
54.0,services,married,unknown,no,0.0,yes,no,cellular,5,feb,686.0,2,267,1,other,yes
53.0,management,married,tertiary,no,1624.0,no,no,cellular,5,feb,158.0,3,-1,0,unknown,yes
54.0,technician,married,secondary,no,0.0,no,no,telephone,5,feb,744.0,3,-1,0,unknown,yes
48.0,entrepreneur,single,tertiary,no,318.0,yes,no,cellular,5,feb,1017.0,4,-1,0,unknown,yes
40.0,unemployed,married,primary,no,1908.0,yes,no,cellular,5,feb,1661.0,2,-1,0,unknown,yes
28.0,technician,single,tertiary,no,676.0,no,no,cellular,5,feb,1138.0,2,-1,0,unknown,yes
34.0,entrepreneur,married,tertiary,no,1076.0,yes,no,cellular,5,feb,136.0,10,-1,0,unknown,yes
34.0,management,single,tertiary,no,1228.0,no,no,cellular,5,feb,263.0,8,-1,0,unknown,yes
32.0,management,single,tertiary,no,0.0,no,no,cellular,5,feb,550.0,4,-1,0,unknown,yes
31.0,services,single,secondary,no,13.0,no,yes,cellular,6,feb,1019.0,2,-1,0,unknown,yes
31.0,management,single,tertiary,no,12857.0,yes,no,cellular,6,feb,158.0,1,92,1,success,yes
66.0,technician,married,secondary,no,0.0,no,no,cellular,6,feb,751.0,1,-1,0,unknown,yes
37.0,,single,tertiary,no,6101.0,no,no,cellular,6,feb,141.0,1,-1,0,unknown,yes
33.0,management,married,tertiary,no,158.0,no,no,cellular,6,feb,192.0,2,-1,0,unknown,yes
50.0,management,married,tertiary,no,346.0,no,no,cellular,6,feb,178.0,1,-1,0,unknown,yes
33.0,blue-collar,single,secondary,no,697.0,no,no,cellular,6,feb,860.0,2,-1,0,unknown,yes
56.0,management,married,tertiary,no,616.0,no,no,cellular,6,feb,156.0,1,-1,0,unknown,yes
26.0,services,single,tertiary,no,1140.0,yes,no,cellular,6,feb,984.0,2,-1,0,unknown,yes
59.0,retired,divorced,tertiary,no,3444.0,no,no,cellular,6,feb,241.0,2,-1,0,unknown,yes
32.0,blue-collar,married,secondary,no,1879.0,no,no,cellular,6,feb,591.0,8,-1,0,unknown,yes
22.0,,single,secondary,no,0.0,no,no,cellular,6,feb,229.0,6,-1,0,unknown,yes
34.0,management,married,tertiary,no,0.0,no,no,cellular,6,feb,787.0,3,9,1,other,yes
39.0,services,married,tertiary,no,1493.0,no,no,cellular,9,feb,912.0,3,-1,0,unknown,yes
28.0,technician,single,,no,313.0,no,no,cellular,9,feb,1183.0,2,-1,0,unknown,yes
31.0,self-employed,single,tertiary,no,1815.0,no,no,telephone,9,feb,1541.0,1,-1,0,unknown,yes
33.0,blue-collar,single,tertiary,no,700.0,no,no,cellular,9,feb,126.0,1,88,1,success,yes
66.0,retired,married,primary,no,206.0,no,no,cellular,9,feb,479.0,1,-1,0,unknown,yes
26.0,admin.,single,secondary,no,255.0,no,no,cellular,9,feb,190.0,1,-1,0,unknown,yes
30.0,admin.,single,secondary,no,270.0,no,no,cellular,9,feb,123.0,1,-1,0,unknown,yes
28.0,technician,single,tertiary,no,4987.0,no,no,cellular,9,feb,253.0,21,-1,0,unknown,yes
29.0,technician,single,tertiary,no,673.0,yes,no,cellular,9,feb,835.0,3,-1,0,unknown,yes
49.0,services,married,secondary,no,320.0,no,no,telephone,9,feb,1971.0,4,-1,0,unknown,yes
34.0,admin.,married,secondary,no,0.0,yes,no,cellular,10,feb,97.0,1,85,1,failure,yes
47.0,blue-collar,married,secondary,no,292.0,no,no,cellular,10,feb,277.0,1,-1,0,unknown,yes
42.0,technician,married,tertiary,no,757.0,no,no,cellular,10,feb,154.0,1,-1,0,unknown,yes
43.0,management,married,tertiary,no,40.0,no,no,cellular,10,feb,147.0,1,-1,0,unknown,yes
61.0,retired,married,tertiary,no,1257.0,no,no,cellular,10,feb,503.0,1,-1,0,unknown,yes
35.0,technician,single,secondary,no,1693.0,yes,no,cellular,10,feb,515.0,1,-1,0,unknown,yes
40.0,blue-collar,married,secondary,no,5060.0,no,no,cellular,10,feb,154.0,2,93,1,success,yes
31.0,management,divorced,tertiary,no,373.0,no,no,cellular,10,feb,132.0,6,-1,0,unknown,yes
33.0,management,married,secondary,no,369.0,no,no,cellular,11,feb,446.0,1,-1,0,unknown,yes
69.0,retired,married,primary,no,2346.0,no,no,cellular,11,feb,354.0,2,-1,0,unknown,yes
30.0,services,single,secondary,no,1599.0,no,no,cellular,11,feb,152.0,2,-1,0,unknown,yes
41.0,technician,married,secondary,no,1066.0,no,no,cellular,11,feb,109.0,3,-1,0,unknown,yes
31.0,management,married,tertiary,no,2603.0,yes,no,cellular,11,feb,280.0,4,-1,0,unknown,yes
22.0,student,single,secondary,no,381.0,no,no,cellular,12,feb,227.0,1,-1,0,unknown,yes
37.0,admin.,married,secondary,no,1314.0,yes,no,cellular,12,feb,118.0,4,210,3,failure,yes
48.0,management,single,tertiary,no,5689.0,no,no,cellular,12,feb,262.0,1,-1,0,unknown,yes
unknown,retired,married,primary,no,12114.0,no,no,telephone,12,feb,165.0,2,-1,0,unknown,yes
72.0,retired,married,tertiary,no,0.0,no,no,cellular,13,feb,99.0,1,-1,0,unknown,yes
46.0,admin.,divorced,secondary,no,2232.0,no,no,cellular,13,feb,121.0,1,-1,0,unknown,yes
26.0,technician,single,tertiary,no,11862.0,no,no,cellular,13,feb,119.0,1,-1,0,unknown,yes
37.0,technician,married,tertiary,no,127.0,yes,no,cellular,13,feb,71.0,1,-1,0,unknown,yes
53.0,management,divorced,tertiary,no,2152.0,no,no,cellular,13,feb,75.0,3,-1,0,unknown,yes
33.0,management,single,tertiary,no,3552.0,no,no,cellular,13,feb,158.0,2,85,3,failure,yes
90.0,retired,divorced,secondary,no,1.0,no,no,cellular,13,feb,152.0,3,-1,0,unknown,yes
54.0,admin.,divorced,secondary,no,1872.0,no,no,cellular,13,feb,439.0,5,-1,0,unknown,yes
67.0,retired,married,tertiary,no,1341.0,no,no,cellular,13,feb,706.0,1,-1,0,unknown,yes
42.0,management,divorced,unknown,no,7702.0,no,no,cellular,16,feb,138.0,2,-1,0,unknown,yes
71.0,retired,married,primary,no,4657.0,no,no,cellular,16,feb,93.0,5,-1,0,unknown,yes
44.0,admin.,divorced,secondary,no,397.0,yes,yes,cellular,16,feb,127.0,1,257,1,other,yes
47.0,entrepreneur,married,tertiary,no,0.0,no,no,cellular,16,feb,261.0,2,-1,0,unknown,yes
44.0,admin.,married,tertiary,no,348.0,yes,yes,cellular,16,feb,170.0,2,-1,0,unknown,yes
37.0,technician,single,secondary,no,2442.0,no,no,cellular,16,feb,91.0,3,-1,0,unknown,yes
37.0,services,married,secondary,no,1543.0,yes,no,cellular,16,feb,138.0,2,-1,0,unknown,yes
28.0,self-employed,single,tertiary,no,805.0,no,no,cellular,16,feb,331.0,1,-1,0,unknown,yes
21.0,blue-collar,single,secondary,no,2265.0,no,no,cellular,17,feb,92.0,2,-1,0,unknown,yes
32.0,management,single,tertiary,no,312.0,no,no,cellular,17,feb,232.0,2,-1,0,unknown,yes
51.0,technician,married,secondary,no,196.0,yes,yes,cellular,17,feb,88.0,1,-1,0,unknown,yes
26.0,student,single,secondary,no,620.0,no,no,cellular,17,feb,104.0,1,-1,0,unknown,yes
74.0,retired,married,secondary,no,1714.0,no,no,telephone,17,feb,127.0,1,-1,0,unknown,yes
65.0,retired,married,tertiary,no,2416.0,no,no,cellular,17,feb,221.0,2,-1,0,unknown,yes
47.0,technician,married,secondary,no,335.0,no,no,cellular,17,feb,226.0,1,-1,0,unknown,yes
38.0,admin.,married,secondary,no,755.0,yes,no,cellular,17,feb,120.0,1,-1,0,unknown,yes
71.0,retired,married,secondary,no,2850.0,no,no,cellular,17,feb,185.0,1,-1,0,unknown,yes
29.0,services,married,secondary,no,1135.0,yes,no,cellular,17,feb,323.0,1,-1,0,unknown,yes
61.0,retired,married,primary,no,197.0,no,no,cellular,17,feb,113.0,1,-1,0,unknown,yes
57.0,retired,divorced,,no,720.0,no,no,telephone,17,feb,202.0,4,-1,0,unknown,yes
37.0,management,married,tertiary,no,5355.0,no,no,telephone,17,feb,466.0,4,-1,0,unknown,yes
68.0,retired,married,secondary,no,445.0,no,no,cellular,18,feb,475.0,1,-1,0,,yes
29.0,management,single,tertiary,no,5359.0,no,no,cellular,18,feb,147.0,1,-1,0,unknown,yes
51.0,entrepreneur,married,primary,no,1443.0,no,no,cellular,18,feb,172.0,10,-1,0,unknown,yes
41.0,technician,divorced,secondary,no,4047.0,yes,no,cellular,18,feb,343.0,1,-1,0,unknown,yes
24.0,student,single,secondary,no,23878.0,no,no,cellular,18,feb,185.0,1,-1,0,unknown,yes
24.0,blue-collar,single,secondary,no,167.0,no,yes,cellular,18,feb,134.0,2,-1,0,unknown,yes
59.0,unemployed,married,secondary,no,1047.0,no,no,cellular,18,feb,83.0,3,-1,0,unknown,yes
85.0,retired,divorced,primary,no,7613.0,no,no,cellular,18,feb,355.0,3,-1,0,unknown,yes
51.0,technician,married,secondary,no,117.0,no,no,cellular,18,feb,442.0,2,-1,0,unknown,yes
39.0,technician,married,secondary,no,2266.0,no,no,cellular,18,feb,208.0,4,-1,0,unknown,yes
44.0,management,married,primary,no,558.0,no,no,cellular,19,feb,268.0,5,-1,0,unknown,yes
,admin.,single,secondary,no,2509.0,no,no,cellular,19,feb,654.0,3,-1,0,unknown,yes
48.0,management,married,tertiary,no,1808.0,yes,no,cellular,26,feb,245.0,1,-1,0,unknown,yes
37.0,technician,single,secondary,no,1130.0,no,no,cellular,26,feb,152.0,1,-1,0,unknown,yes
71.0,retired,married,tertiary,no,653.0,no,no,telephone,26,feb,367.0,1,-1,0,unknown,yes
62.0,housemaid,married,unknown,no,2021.0,no,no,telephone,26,feb,361.0,1,-1,0,unknown,yes
26.0,admin.,single,tertiary,no,313.0,no,yes,cellular,26,feb,210.0,2,-1,0,unknown,yes
43.0,unemployed,single,tertiary,no,983.0,yes,no,cellular,26,feb,97.0,1,-1,0,unknown,yes
30.0,management,single,tertiary,no,5561.0,yes,no,cellular,27,feb,195.0,1,100,1,success,yes
50.0,management,married,unknown,no,8345.0,no,no,cellular,27,feb,194.0,1,261,1,failure,yes
25.0,technician,single,secondary,no,1231.0,yes,no,cellular,27,feb,412.0,5,-1,0,unknown,yes
25.0,admin.,single,tertiary,no,3730.0,yes,no,cellular,27,feb,353.0,1,-1,0,unknown,yes
31.0,management,single,,no,924.0,no,no,cellular,27,feb,172.0,1,-1,0,unknown,yes
28.0,technician,single,tertiary,no,2489.0,yes,no,telephone,27,feb,342.0,2,-1,0,unknown,yes
66.0,retired,married,secondary,no,995.0,no,no,cellular,27,feb,131.0,2,-1,0,unknown,yes
41.0,management,married,secondary,no,280.0,yes,no,cellular,27,feb,87.0,2,-1,0,unknown,yes
46.0,technician,married,secondary,no,3434.0,no,yes,cellular,27,feb,115.0,1,-1,0,unknown,yes
42.0,unemployed,married,tertiary,no,576.0,no,no,cellular,27,feb,156.0,1,-1,0,unknown,yes
28.0,technician,single,secondary,no,1363.0,no,no,cellular,27,feb,79.0,1,-1,0,unknown,yes
39.0,blue-collar,single,primary,no,581.0,yes,no,cellular,27,feb,233.0,1,270,1,other,yes
42.0,services,married,secondary,no,1376.0,yes,no,cellular,2,mar,712.0,4,-1,0,unknown,yes
35.0,services,married,secondary,no,52.0,yes,no,cellular,2,mar,378.0,4,-1,0,unknown,yes
55.0,technician,married,secondary,no,0.0,yes,yes,cellular,2,mar,116.0,1,-1,0,unknown,yes
37.0,technician,married,tertiary,no,549.0,no,no,cellular,2,mar,239.0,1,-1,0,unknown,yes
29.0,management,single,tertiary,no,92.0,no,no,cellular,2,mar,175.0,5,-1,0,unknown,yes
49.0,management,married,tertiary,no,2881.0,no,no,cellular,2,mar,120.0,3,-1,0,unknown,yes
44.0,technician,single,secondary,no,,no,no,telephone,2,mar,382.0,2,-1,0,unknown,yes
54.0,admin.,married,secondary,no,602.0,no,no,cellular,3,mar,143.0,2,-1,0,unknown,yes
28.0,management,single,tertiary,no,730.0,yes,no,cellular,3,mar,631.0,1,-1,0,unknown,yes
30.0,admin.,single,secondary,no,523.0,no,yes,cellular,3,mar,83.0,1,-1,0,unknown,yes
47.0,technician,married,secondary,no,293.0,no,no,cellular,3,mar,499.0,1,-1,0,unknown,yes
34.0,blue-collar,single,secondary,no,215.0,no,no,cellular,3,mar,350.0,3,-1,0,unknown,yes
37.0,unknown,single,tertiary,no,0.0,no,no,cellular,3,mar,426.0,1,-1,0,unknown,yes
25.0,self-employed,single,tertiary,no,42.0,yes,no,cellular,3,mar,320.0,1,-1,0,unknown,yes
29.0,technician,single,secondary,no,316.0,yes,no,cellular,3,mar,156.0,1,-1,0,unknown,yes
62.0,management,married,secondary,no,4562.0,yes,no,cellular,3,mar,168.0,1,-1,0,unknown,yes
58.0,management,divorced,secondary,no,10180.0,no,no,cellular,3,mar,180.0,2,-1,0,unknown,yes
46.0,management,married,tertiary,no,0.0,no,no,cellular,3,mar,305.0,13,-1,0,unknown,yes
56.0,retired,married,tertiary,no,281.0,no,no,cellular,3,mar,96.0,2,-1,0,unknown,yes
33.0,management,married,tertiary,no,250.0,no,no,cellular,4,mar,377.0,6,-1,0,unknown,yes
27.0,student,single,tertiary,no,0.0,no,no,cellular,5,mar,82.0,3,-1,0,unknown,yes
60.0,retired,married,secondary,no,404.0,no,no,cellular,5,mar,308.0,2,196,2,failure,yes
32.0,management,single,tertiary,no,506.0,no,no,cellular,5,mar,63.0,2,-1,0,unknown,yes
83.0,retired,divorced,primary,no,1097.0,no,no,telephone,5,mar,181.0,1,-1,0,unknown,yes
35.0,self-employed,married,tertiary,no,3698.0,yes,no,cellular,5,mar,106.0,1,-1,0,unknown,yes
31.0,management,divorced,,no,883.0,yes,no,cellular,5,mar,112.0,2,106,1,failure,yes
30.0,,single,tertiary,no,2539.0,no,no,telephone,5,mar,199.0,5,-1,0,,yes
29.0,technician,married,secondary,no,2326.0,no,no,cellular,6,mar,195.0,1,-1,0,unknown,yes
36.0,management,single,tertiary,no,811.0,no,no,cellular,6,mar,229.0,1,-1,0,unknown,yes
57.0,management,married,tertiary,no,256.0,no,no,cellular,6,mar,227.0,1,-1,0,unknown,yes
21.0,blue-collar,single,secondary,no,682.0,no,no,,6,mar,266.0,1,-1,0,unknown,yes
44.0,management,single,tertiary,no,483.0,no,no,cellular,6,mar,207.0,2,199,6,success,yes
23.0,management,single,tertiary,no,1506.0,no,no,cellular,9,mar,131.0,4,-1,0,unknown,yes
34.0,management,single,tertiary,no,575.0,no,no,cellular,9,mar,116.0,1,-1,0,unknown,yes
32.0,self-employed,married,secondary,no,409.0,no,no,cellular,9,mar,217.0,2,-1,0,unknown,yes
37.0,unemployed,single,tertiary,no,,yes,no,cellular,10,mar,350.0,2,112,3,failure,yes
35.0,management,single,tertiary,no,671.0,yes,no,cellular,10,mar,112.0,1,-1,0,unknown,yes
47.0,management,married,tertiary,no,2351.0,no,no,cellular,10,mar,80.0,1,-1,0,unknown,yes
61.0,management,married,tertiary,no,997.0,no,no,cellular,10,mar,106.0,1,-1,0,unknown,yes
30.0,management,single,tertiary,no,4808.0,no,no,cellular,10,mar,,1,-1,0,unknown,yes
70.0,retired,married,secondary,no,6422.0,no,no,cellular,10,mar,122.0,1,-1,0,unknown,yes
52.0,management,married,tertiary,no,31.0,no,no,cellular,10,mar,135.0,1,-1,0,unknown,yes
28.0,management,single,secondary,no,171.0,no,no,cellular,10,mar,93.0,1,-1,0,unknown,yes
57.0,management,married,tertiary,no,2681.0,no,no,cellular,11,mar,266.0,2,-1,0,unknown,yes
24.0,admin.,single,tertiary,no,-61.0,no,no,cellular,11,mar,95.0,4,-1,0,unknown,yes
32.0,management,married,tertiary,no,8929.0,no,no,cellular,11,mar,126.0,1,-1,0,unknown,yes
65.0,housemaid,married,primary,no,715.0,no,no,cellular,11,mar,323.0,1,-1,0,unknown,yes
44.0,management,married,tertiary,no,not_available,no,no,cellular,11,mar,188.0,3,-1,0,unknown,yes
32.0,entrepreneur,single,tertiary,no,-34.0,yes,no,cellular,11,mar,101.0,1,-1,0,unknown,yes
33.0,technician,single,tertiary,no,258.0,no,no,cellular,12,mar,80.0,4,-1,0,unknown,yes
53.0,services,divorced,secondary,no,0.0,no,no,cellular,12,mar,80.0,2,-1,0,unknown,yes
31.0,management,divorced,tertiary,no,71.0,no,no,cellular,12,mar,119.0,1,-1,0,unknown,yes
58.0,self-employed,married,tertiary,no,5810.0,no,no,cellular,12,mar,139.0,1,-1,0,unknown,yes
30.0,management,single,tertiary,no,3473.0,no,no,cellular,12,mar,1209.0,2,-1,0,unknown,yes
47.0,blue-collar,married,secondary,no,238.0,yes,yes,cellular,13,mar,3076.0,1,-1,0,unknown,yes
60.0,technician,married,secondary,no,1740.0,no,no,cellular,13,mar,296.0,2,-1,0,unknown,yes
36.0,entrepreneur,divorced,tertiary,no,3407.0,no,no,cellular,16,mar,392.0,4,-1,0,unknown,yes
37.0,services,single,secondary,no,1045.0,no,no,cellular,17,mar,406.0,2,41,1,failure,yes
43.0,admin.,married,secondary,no,132.0,no,no,cellular,17,mar,220.0,1,-1,0,unknown,yes
37.0,admin.,single,tertiary,no,1000.0,yes,no,cellular,17,mar,195.0,1,-1,0,unknown,yes
31.0,management,single,tertiary,no,115.0,no,no,cellular,17,mar,187.0,1,-1,0,unknown,yes
31.0,technician,married,secondary,no,180.0,no,no,cellular,17,mar,299.0,2,-1,0,unknown,yes
30.0,management,single,tertiary,no,201.0,yes,no,cellular,17,mar,325.0,2,-1,0,unknown,yes
30.0,management,married,tertiary,no,8089.0,yes,no,cellular,18,mar,232.0,2,294,2,failure,yes
32.0,admin.,single,tertiary,no,8866.0,no,no,cellular,18,mar,278.0,2,-1,0,unknown,yes
35.0,admin.,married,secondary,no,2.0,yes,no,cellular,18,mar,194.0,1,-1,0,unknown,yes
59.0,technician,married,secondary,no,259.0,no,no,cellular,18,mar,224.0,1,-1,0,unknown,yes
33.0,housemaid,single,tertiary,no,1107.0,yes,no,cellular,18,mar,201.0,1,-1,0,unknown,yes
37.0,management,single,tertiary,no,1730.0,no,no,cellular,19,mar,167.0,1,-1,0,unknown,yes
31.0,services,married,secondary,no,447.0,no,no,cellular,19,mar,220.0,3,-1,0,unknown,yes
26.0,management,single,tertiary,no,2786.0,no,no,cellular,23,mar,415.0,1,-1,0,unknown,yes
53.0,technician,married,secondary,no,10185.0,no,no,cellular,23,mar,115.0,1,-1,0,unknown,yes
34.0,unemployed,married,secondary,no,978.0,no,no,cellular,24,mar,132.0,1,-1,0,unknown,yes
46.0,management,divorced,tertiary,no,-130.0,yes,no,cellular,24,mar,144.0,2,-1,0,unknown,yes
76.0,retired,divorced,primary,no,3049.0,no,no,cellular,24,mar,170.0,3,-1,0,unknown,yes
46.0,management,married,tertiary,no,11385.0,no,no,cellular,24,mar,269.0,3,-1,0,unknown,yes
83.0,retired,divorced,primary,no,46.0,no,no,cellular,25,mar,115.0,1,-1,0,unknown,yes
23.0,student,single,secondary,no,4126.0,no,no,cellular,25,mar,96.0,2,-1,0,unknown,yes
34.0,management,single,tertiary,no,212.0,no,no,cellular,25,mar,278.0,8,-1,0,unknown,yes
24.0,student,single,secondary,no,1250.0,no,no,cellular,25,mar,411.0,2,-1,0,unknown,yes
41.0,management,divorced,tertiary,no,25.0,yes,yes,cellular,26,mar,117.0,2,-1,0,unknown,yes
28.0,admin.,single,secondary,no,1277.0,no,no,cellular,26,mar,475.0,1,-1,0,unknown,yes
34.0,technician,married,secondary,no,390.0,yes,no,cellular,27,mar,95.0,2,231,2,failure,yes
77.0,retired,married,secondary,no,9601.0,no,no,telephone,27,mar,515.0,1,-1,0,unknown,yes
36.0,management,married,secondary,no,565.0,no,no,cellular,27,mar,300.0,1,-1,0,unknown,yes
58.0,management,married,tertiary,no,1384.0,yes,no,cellular,27,mar,342.0,1,-1,0,unknown,yes
46.0,admin.,married,secondary,no,-522.0,yes,no,cellular,27,mar,243.0,3,239,13,other,yes
59.0,retired,married,tertiary,no,9676.0,no,no,telephone,27,mar,234.0,2,-1,0,unknown,yes
19.0,student,single,primary,no,134.0,no,no,cellular,27,mar,271.0,2,-1,0,unknown,yes
23.0,management,single,tertiary,no,2143.0,no,no,cellular,30,mar,180.0,2,-1,0,unknown,yes
27.0,management,single,tertiary,no,831.0,no,no,cellular,30,mar,1081.0,2,-1,0,unknown,yes
73.0,retired,divorced,primary,no,2308.0,no,no,telephone,30,mar,163.0,2,-1,0,unknown,yes
41.0,management,married,tertiary,no,1468.0,yes,no,cellular,31,mar,237.0,3,-1,0,unknown,yes
30.0,admin.,single,tertiary,no,311.0,no,no,cellular,31,mar,158.0,2,-1,0,unknown,yes
26.0,admin.,single,secondary,no,274.0,no,no,cellular,1,apr,351.0,3,-1,0,unknown,yes
38.0,blue-collar,single,tertiary,no,172.0,yes,no,cellular,1,apr,1176.0,1,-1,0,unknown,yes
46.0,management,divorced,tertiary,no,507.0,yes,no,cellular,1,apr,1196.0,1,-1,0,unknown,yes
27.0,technician,single,tertiary,no,393.0,no,no,cellular,1,apr,165.0,2,-1,0,unknown,yes
63.0,self-employed,married,tertiary,no,-39.0,no,no,cellular,1,apr,387.0,2,-1,0,unknown,yes
34.0,admin.,married,secondary,no,1474.0,no,no,cellular,2,apr,739.0,2,-1,0,unknown,yes
32.0,admin.,single,secondary,no,471.0,no,yes,cellular,2,apr,243.0,3,-1,0,unknown,yes
33.0,management,single,tertiary,no,3161.0,yes,no,cellular,2,apr,313.0,3,-1,0,unknown,yes
47.0,blue-collar,married,secondary,no,1612.0,yes,no,cellular,2,apr,1164.0,1,-1,0,unknown,yes
48.0,admin.,divorced,secondary,no,4099.0,no,no,cellular,2,apr,397.0,2,-1,0,unknown,yes
58.0,unknown,married,unknown,no,68.0,no,no,cellular,2,apr,268.0,1,-1,0,unknown,yes
50.0,management,married,tertiary,no,414.0,yes,no,cellular,3,apr,707.0,1,302,3,failure,yes
26.0,blue-collar,single,secondary,no,5005.0,no,yes,cellular,3,apr,117.0,1,-1,0,unknown,yes
39.0,blue-collar,married,secondary,no,1756.0,yes,no,cellular,3,apr,939.0,1,-1,0,unknown,yes
55.0,blue-collar,divorced,secondary,no,1613.0,yes,no,cellular,3,apr,296.0,1,270,3,failure,yes
41.0,self-employed,married,secondary,no,3123.0,yes,no,cellular,3,apr,1203.0,2,135,2,failure,yes
54.0,entrepreneur,divorced,unknown,no,4736.0,yes,no,telephone,6,apr,475.0,6,307,5,failure,yes
33.0,technician,single,tertiary,no,127.0,yes,no,cellular,6,apr,583.0,2,222,17,failure,yes
42.0,management,single,tertiary,no,11891.0,no,no,cellular,6,apr,158.0,1,-1,0,unknown,yes
50.0,blue-collar,married,primary,no,4979.0,no,no,telephone,6,apr,180.0,1,-1,0,unknown,yes
40.0,management,married,secondary,no,754.0,no,yes,cellular,6,apr,635.0,1,-1,0,unknown,yes
37.0,admin.,married,secondary,no,1207.0,yes,no,telephone,6,apr,1353.0,2,138,2,success,yes
44.0,blue-collar,single,secondary,no,712.0,yes,yes,cellular,6,apr,740.0,3,-1,0,unknown,yes
30.0,blue-collar,single,tertiary,no,297.0,no,no,cellular,7,apr,465.0,4,-1,0,unknown,yes
26.0,self-employed,single,secondary,no,3676.0,no,no,cellular,7,apr,148.0,160,-1,0,unknown,yes
,unemployed,married,secondary,no,817.0,no,no,cellular,7,apr,721.0,4,-1,0,unknown,yes
46.0,blue-collar,single,tertiary,no,283.0,no,no,cellular,7,apr,299.0,1,-1,0,unknown,yes
25.0,admin.,single,secondary,no,82.0,no,yes,cellular,7,apr,104.0,2,-1,0,unknown,yes
56.0,technician,married,secondary,no,2847.0,no,no,cellular,8,apr,327.0,1,-1,0,unknown,yes
36.0,blue-collar,single,secondary,no,1822.0,yes,no,cellular,8,apr,952.0,1,323,1,other,yes
35.0,technician,single,secondary,no,16.0,yes,no,cellular,8,apr,903.0,1,-1,0,unknown,yes
54.0,unemployed,married,secondary,no,377.0,no,no,cellular,8,apr,1134.0,1,-1,0,unknown,yes
48.0,management,married,secondary,no,4415.0,yes,no,cellular,8,apr,1032.0,3,141,7,failure,yes
32.0,technician,married,secondary,no,303.0,yes,no,cellular,8,apr,150.0,1,267,4,failure,yes
60.0,admin.,divorced,secondary,no,12039.0,no,no,telephone,8,apr,236.0,1,-1,0,unknown,yes
67.0,retired,married,secondary,no,1443.0,no,no,cellular,8,apr,245.0,1,-1,0,unknown,yes
32.0,management,single,tertiary,no,1781.0,no,no,cellular,8,apr,321.0,1,-1,0,unknown,yes
26.0,admin.,married,secondary,no,3415.0,no,no,cellular,8,apr,209.0,1,-1,0,unknown,yes
33.0,management,single,tertiary,no,318.0,yes,no,cellular,8,apr,1190.0,1,141,3,other,yes
21.0,student,single,primary,no,423.0,no,no,cellular,8,apr,104.0,5,-1,0,unknown,yes
30.0,technician,single,secondary,no,2544.0,no,no,cellular,8,apr,108.0,2,-1,0,unknown,yes
27.0,student,single,secondary,no,2614.0,no,no,cellular,8,apr,143.0,2,-1,0,unknown,yes
30.0,services,single,secondary,no,1268.0,yes,no,cellular,8,apr,105.0,4,320,8,other,yes
36.0,blue-collar,married,secondary,no,536.0,yes,no,cellular,8,apr,274.0,3,-1,0,unknown,yes
27.0,admin.,married,secondary,no,1293.0,yes,no,cellular,8,apr,1665.0,3,-1,0,unknown,yes
29.0,management,single,tertiary,no,,no,no,cellular,8,apr,548.0,2,-1,0,unknown,yes
38.0,blue-collar,single,secondary,no,2580.0,yes,no,cellular,8,apr,1691.0,2,264,3,failure,yes
23.0,admin.,single,tertiary,no,314.0,no,yes,cellular,8,apr,142.0,4,-1,0,unknown,yes
38.0,technician,married,tertiary,no,206.0,no,no,,8,apr,350.0,2,-1,0,unknown,yes
30.0,technician,single,secondary,no,3286.0,yes,no,cellular,9,apr,743.0,1,-1,0,unknown,yes
41.0,services,married,secondary,no,803.0,yes,no,cellular,9,apr,592.0,4,316,3,failure,yes
33.0,technician,single,secondary,no,719.0,yes,no,cellular,9,apr,448.0,2,316,6,failure,yes
35.0,admin.,married,secondary,no,898.0,yes,no,cellular,9,apr,214.0,1,-1,0,unknown,yes
,admin.,married,tertiary,no,332.0,no,no,cellular,9,apr,179.0,1,-1,0,unknown,yes
68.0,retired,divorced,primary,no,695.0,no,no,cellular,9,apr,233.0,1,-1,0,unknown,yes
20.0,student,single,secondary,no,1819.0,no,no,cellular,9,apr,245.0,3,-1,0,unknown,yes
30.0,management,single,tertiary,no,2544.0,no,no,cellular,9,apr,152.0,2,-1,0,unknown,yes
32.0,blue-collar,married,secondary,no,759.0,yes,no,cellular,9,apr,317.0,5,-1,0,unknown,yes
28.0,management,divorced,tertiary,no,229.0,yes,no,cellular,9,apr,1042.0,2,315,2,other,yes
45.0,blue-collar,married,secondary,no,96.0,yes,no,cellular,13,apr,348.0,3,256,2,failure,yes
29.0,technician,single,secondary,no,110.0,yes,no,cellular,13,apr,1036.0,1,-1,0,unknown,yes
31.0,blue-collar,married,secondary,no,1406.0,yes,yes,cellular,13,apr,1091.0,2,-1,0,unknown,yes
39.0,services,divorced,secondary,no,0.0,yes,no,cellular,13,apr,1006.0,2,-1,0,unknown,yes
42.0,blue-collar,married,primary,no,2103.0,yes,no,cellular,13,apr,384.0,2,-1,0,unknown,yes
35.0,management,single,tertiary,no,1599.0,yes,yes,cellular,13,apr,407.0,1,-1,0,unknown,yes
34.0,technician,single,tertiary,no,925.0,yes,no,cellular,13,apr,709.0,1,-1,0,unknown,yes
26.0,management,single,tertiary,no,-3.0,no,no,cellular,13,apr,1022.0,2,-1,0,unknown,yes
29.0,services,divorced,secondary,no,84.0,yes,no,cellular,13,apr,1101.0,2,-1,0,unknown,yes
44.0,self-employed,single,tertiary,no,1367.0,yes,no,cellular,13,apr,1232.0,3,146,1,other,yes
34.0,management,married,tertiary,no,703.0,yes,no,cellular,14,apr,342.0,1,-1,0,unknown,yes
33.0,management,married,tertiary,no,0.0,yes,no,cellular,14,apr,535.0,3,328,1,failure,yes
34.0,management,single,tertiary,no,2646.0,no,no,cellular,14,apr,142.0,1,-1,0,unknown,yes
33.0,admin.,single,,no,,yes,no,cellular,14,apr,344.0,1,74,2,failure,yes
22.0,student,single,secondary,no,107.0,no,no,cellular,14,apr,125.0,1,-1,0,unknown,yes
32.0,technician,married,secondary,no,765.0,yes,yes,cellular,14,apr,850.0,2,-1,0,unknown,yes
36.0,services,single,secondary,no,-253.0,yes,no,cellular,14,apr,1073.0,1,-1,0,unknown,yes
44.0,admin.,divorced,secondary,no,0.0,no,no,cellular,14,apr,1594.0,1,148,1,failure,yes
65.0,retired,married,secondary,no,2.0,no,no,cellular,14,apr,450.0,1,-1,0,unknown,yes
61.0,self-employed,divorced,tertiary,no,6.0,yes,no,cellular,14,apr,133.0,2,-1,0,unknown,yes
41.0,housemaid,married,primary,no,0.0,no,no,cellular,14,apr,168.0,1,-1,0,unknown,yes
24.0,management,married,unknown,no,448.0,no,no,cellular,14,apr,324.0,1,-1,0,unknown,yes
77.0,retired,divorced,tertiary,no,4659.0,no,no,cellular,14,apr,161.0,1,-1,0,unknown,yes
62.0,housemaid,married,tertiary,no,1528.0,no,no,cellular,14,apr,496.0,1,-1,0,unknown,yes
30.0,unemployed,married,tertiary,no,330.0,no,no,cellular,14,apr,111.0,1,-1,0,unknown,yes
29.0,admin.,single,secondary,no,731.0,no,no,cellular,14,apr,107.0,3,-1,0,unknown,yes
29.0,unemployed,single,secondary,no,25.0,no,no,cellular,14,apr,207.0,2,-1,0,unknown,yes
65.0,management,married,secondary,no,587.0,no,no,cellular,15,apr,223.0,2,-1,0,unknown,yes
43.0,services,married,primary,no,2557.0,yes,no,telephone,15,apr,165.0,2,327,3,failure,yes
70.0,retired,divorced,primary,no,275.0,no,no,cellular,15,apr,82.0,1,-1,0,unknown,yes
32.0,services,married,secondary,no,1129.0,yes,no,cellular,15,apr,903.0,2,341,2,failure,yes
46.0,technician,married,secondary,no,2149.0,yes,no,cellular,15,apr,282.0,2,-1,0,unknown,yes
33.0,admin.,married,secondary,no,855.0,no,no,cellular,15,apr,110.0,1,-1,0,unknown,yes
57.0,services,married,primary,no,491.0,yes,no,cellular,15,apr,1217.0,3,-1,0,unknown,yes
62.0,blue-collar,married,secondary,no,180.0,no,no,cellular,15,apr,389.0,2,-1,0,unknown,yes
32.0,services,single,secondary,no,133.0,no,no,cellular,15,apr,171.0,1,-1,0,unknown,yes
39.0,blue-collar,single,secondary,no,649.0,yes,no,cellular,15,apr,668.0,1,-1,0,unknown,yes
76.0,housemaid,divorced,primary,no,1411.0,no,no,telephone,15,apr,170.0,3,-1,0,unknown,yes
36.0,admin.,single,secondary,no,11174.0,yes,no,cellular,15,apr,953.0,1,-1,0,unknown,yes
27.0,technician,single,secondary,no,439.0,yes,no,cellular,15,apr,1038.0,2,-1,0,unknown,yes
38.0,management,single,tertiary,no,6158.0,yes,no,cellular,15,apr,139.0,5,145,9,failure,yes
56.0,blue-collar,married,primary,no,3498.0,no,no,cellular,15,apr,264.0,2,-1,0,unknown,yes
51.0,unemployed,married,tertiary,no,1801.0,no,no,cellular,16,apr,838.0,3,-1,0,,yes
39.0,management,married,tertiary,no,937.0,no,no,,16,apr,144.0,4,-1,0,unknown,yes
35.0,management,divorced,tertiary,no,26.0,no,no,cellular,16,apr,78.0,2,-1,0,unknown,yes
32.0,blue-collar,married,secondary,yes,-53.0,yes,no,cellular,16,apr,648.0,1,272,1,other,yes
51.0,housemaid,married,unknown,no,2337.0,yes,no,cellular,16,apr,251.0,2,266,3,other,yes
37.0,technician,married,secondary,no,1762.0,no,no,cellular,16,apr,334.0,2,-1,0,unknown,yes
52.0,entrepreneur,single,tertiary,no,3469.0,yes,no,cellular,16,apr,583.0,1,147,1,success,yes
35.0,technician,married,secondary,no,545.0,yes,no,cellular,16,apr,1579.0,1,234,4,failure,yes
47.0,admin.,married,secondary,no,3480.0,no,no,cellular,16,apr,443.0,1,-1,0,unknown,yes
31.0,technician,married,secondary,no,183.0,no,no,cellular,16,apr,495.0,1,-1,0,unknown,yes
49.0,services,married,secondary,no,2416.0,yes,no,cellular,16,apr,1366.0,1,-1,0,unknown,yes
30.0,management,single,tertiary,no,424.0,no,no,cellular,16,apr,298.0,4,-1,0,unknown,yes
35.0,blue-collar,single,secondary,no,0.0,yes,no,cellular,16,apr,1174.0,1,345,4,other,yes
44.0,management,married,primary,no,294.0,no,no,cellular,16,apr,165.0,3,-1,0,unknown,yes
42.0,blue-collar,married,secondary,no,1598.0,yes,yes,cellular,16,apr,1463.0,2,-1,0,unknown,yes
29.0,management,single,tertiary,no,268.0,no,no,cellular,16,apr,667.0,1,-1,0,unknown,yes
42.0,technician,divorced,secondary,no,214.0,no,no,cellular,16,apr,127.0,1,-1,0,unknown,yes
43.0,management,married,tertiary,no,240.0,yes,no,cellular,16,apr,453.0,1,-1,0,unknown,yes
36.0,technician,single,secondary,no,2511.0,yes,no,cellular,16,apr,700.0,5,-1,0,unknown,yes
36.0,technician,married,tertiary,no,4596.0,yes,no,cellular,16,apr,901.0,2,-1,0,unknown,yes
32.0,services,married,secondary,no,1273.0,yes,no,cellular,16,apr,1365.0,2,328,1,failure,yes
54.0,technician,married,secondary,no,3994.0,no,yes,cellular,16,apr,299.0,2,-1,0,unknown,yes
50.0,management,married,tertiary,no,469.0,no,no,cellular,16,apr,161.0,1,-1,0,unknown,yes
32.0,technician,single,tertiary,no,932.0,yes,no,cellular,16,apr,944.0,1,318,1,failure,yes
28.0,student,single,tertiary,no,844.0,no,no,cellular,16,apr,551.0,2,-1,0,unknown,yes
40.0,services,divorced,primary,no,471.0,yes,no,cellular,16,apr,1156.0,1,345,2,,yes
34.0,admin.,single,secondary,no,63.0,yes,no,cellular,17,apr,678.0,1,-1,0,unknown,yes
52.0,retired,divorced,primary,no,-779.0,yes,yes,cellular,17,apr,709.0,1,-1,0,unknown,yes
35.0,blue-collar,married,secondary,no,293.0,yes,no,cellular,17,apr,1017.0,1,325,1,other,yes
32.0,management,divorced,tertiary,no,294.0,yes,no,cellular,17,apr,1095.0,1,274,5,success,yes
60.0,management,married,tertiary,no,13546.0,no,no,cellular,17,apr,452.0,3,-1,0,unknown,yes
34.0,blue-collar,married,primary,no,,yes,no,cellular,17,apr,952.0,1,343,1,failure,yes
30.0,admin.,single,secondary,no,69.0,yes,no,cellular,17,apr,997.0,1,-1,0,unknown,yes
39.0,self-employed,married,tertiary,no,-3058.0,yes,yes,cellular,17,apr,882.0,3,-1,0,unknown,yes
40.0,services,single,secondary,no,224.0,yes,no,cellular,17,apr,875.0,2,-1,0,unknown,yes
38.0,management,married,tertiary,no,165.0,yes,no,cellular,17,apr,526.0,1,260,2,other,yes
35.0,management,single,tertiary,no,397.0,yes,no,cellular,17,apr,594.0,1,-1,0,unknown,yes
37.0,blue-collar,married,primary,no,3154.0,yes,no,cellular,17,apr,404.0,1,305,3,failure,yes
29.0,technician,married,secondary,no,1180.0,yes,no,cellular,17,apr,367.0,3,323,3,failure,yes
36.0,technician,single,secondary,yes,-487.0,yes,no,cellular,17,apr,1080.0,1,-1,0,unknown,yes
34.0,management,married,secondary,yes,879.0,yes,no,cellular,17,apr,712.0,1,344,1,failure,yes
33.0,technician,married,secondary,no,806.0,no,no,cellular,17,apr,108.0,1,-1,0,unknown,yes
29.0,technician,single,secondary,no,674.0,no,no,cellular,17,apr,170.0,5,-1,0,unknown,yes
33.0,management,married,tertiary,no,0.0,yes,no,cellular,17,apr,378.0,1,-1,0,unknown,yes
41.0,self-employed,married,secondary,no,323.0,yes,no,cellular,17,apr,949.0,2,254,6,other,yes
74.0,retired,married,secondary,no,921.0,no,no,telephone,17,apr,394.0,2,-1,0,unknown,yes
53.0,technician,married,secondary,no,5303.0,yes,no,telephone,17,apr,320.0,3,180,1,success,yes
38.0,admin.,married,secondary,no,0.0,yes,yes,cellular,17,apr,547.0,2,-1,0,unknown,yes
41.0,technician,married,secondary,no,4004.0,no,no,cellular,17,apr,314.0,2,-1,0,unknown,yes
52.0,technician,married,secondary,no,386.0,no,no,cellular,20,apr,438.0,1,-1,0,unknown,yes
40.0,technician,married,primary,no,284.0,yes,no,cellular,20,apr,1332.0,2,-1,0,unknown,yes
32.0,entrepreneur,married,secondary,no,-242.0,yes,no,cellular,20,apr,1202.0,3,-1,0,unknown,yes
28.0,technician,married,secondary,no,1086.0,yes,no,cellular,20,apr,1112.0,3,-1,0,unknown,yes
28.0,management,single,secondary,no,2840.0,no,no,cellular,20,apr,227.0,5,-1,0,unknown,yes
35.0,management,married,tertiary,no,43.0,yes,no,cellular,20,apr,860.0,1,-1,0,unknown,yes
46.0,management,married,primary,no,3229.0,yes,no,cellular,20,apr,1550.0,1,-1,0,unknown,yes
50.0,unknown,married,primary,no,,yes,yes,cellular,20,apr,670.0,4,340,2,success,yes
44.0,blue-collar,single,secondary,no,0.0,no,no,cellular,20,apr,133.0,1,-1,0,unknown,yes
29.0,blue-collar,divorced,secondary,no,-19.0,yes,no,cellular,20,apr,712.0,4,-1,0,unknown,yes
61.0,,married,secondary,no,243.0,no,no,cellular,20,apr,194.0,1,-1,0,unknown,yes
70.0,retired,married,secondary,no,2575.0,no,no,telephone,20,apr,216.0,2,-1,0,unknown,yes
44.0,blue-collar,married,secondary,yes,105.0,yes,no,cellular,20,apr,586.0,1,-1,0,unknown,yes
59.0,management,married,tertiary,no,0.0,yes,yes,cellular,20,apr,392.0,1,-1,0,unknown,yes
45.0,blue-collar,married,,yes,-443.0,yes,yes,cellular,20,apr,691.0,1,-1,0,unknown,yes
39.0,technician,married,tertiary,no,1524.0,no,no,cellular,20,apr,567.0,1,-1,0,unknown,yes
,blue-collar,married,primary,no,1925.0,yes,no,cellular,20,apr,904.0,2,-1,0,unknown,yes
78.0,retired,married,primary,no,240.0,no,no,cellular,20,apr,325.0,1,-1,0,unknown,yes
28.0,technician,single,tertiary,no,387.0,yes,no,cellular,20,apr,205.0,1,82,1,failure,yes
,,divorced,tertiary,no,13.0,yes,no,cellular,20,apr,76.0,1,-1,0,unknown,yes
73.0,retired,divorced,tertiary,no,3203.0,no,no,cellular,20,apr,148.0,1,-1,0,unknown,yes
34.0,management,married,tertiary,no,606.0,no,no,cellular,20,apr,97.0,1,-1,0,unknown,yes
28.0,student,single,secondary,no,0.0,no,no,cellular,20,apr,185.0,1,-1,0,unknown,yes
42.0,admin.,divorced,secondary,no,527.0,no,yes,cellular,20,apr,112.0,1,-1,0,unknown,yes
54.0,unemployed,divorced,secondary,no,309.0,no,no,cellular,20,apr,,1,-1,0,unknown,yes
27.0,blue-collar,married,secondary,no,4333.0,no,no,cellular,20,apr,163.0,1,-1,0,unknown,yes
73.0,retired,married,primary,no,253.0,no,no,cellular,20,apr,345.0,1,-1,0,unknown,yes
33.0,management,single,tertiary,no,6807.0,no,no,cellular,20,apr,163.0,1,-1,0,unknown,yes
51.0,entrepreneur,married,tertiary,no,83.0,no,no,cellular,20,apr,267.0,2,-1,0,unknown,yes
32.0,management,single,tertiary,no,819.0,yes,no,cellular,20,apr,114.0,2,-1,0,unknown,yes
33.0,technician,married,secondary,no,1968.0,yes,no,cellular,20,apr,1817.0,3,-1,0,unknown,yes
26.0,services,single,secondary,no,136.0,no,no,cellular,20,apr,120.0,1,-1,0,unknown,yes
32.0,technician,single,secondary,no,1995.0,yes,no,cellular,20,apr,121.0,1,-1,0,unknown,yes
41.0,blue-collar,divorced,primary,no,285.0,yes,no,cellular,20,apr,1272.0,2,-1,0,unknown,yes
39.0,,married,unknown,no,621.0,yes,no,cellular,20,apr,1333.0,5,-1,0,unknown,yes
24.0,student,single,secondary,no,597.0,yes,no,cellular,20,apr,943.0,3,-1,0,unknown,yes
37.0,blue-collar,divorced,secondary,no,0.0,yes,no,cellular,21,apr,146.0,4,-1,0,unknown,yes
35.0,management,single,tertiary,no,1750.0,yes,no,cellular,21,apr,333.0,3,-1,0,unknown,yes
26.0,student,single,tertiary,no,10086.0,no,no,cellular,21,apr,110.0,2,-1,0,unknown,yes
29.0,technician,single,secondary,no,3466.0,no,no,cellular,21,apr,274.0,1,-1,0,unknown,yes
63.0,retired,married,unknown,no,2193.0,no,no,telephone,21,apr,1348.0,4,-1,0,unknown,yes
95.0,retired,divorced,primary,no,2282.0,no,no,telephone,21,apr,207.0,17,-1,0,unknown,yes
65.0,retired,married,tertiary,no,1973.0,no,no,telephone,21,apr,396.0,3,-1,0,unknown,yes
59.0,technician,married,secondary,no,10925.0,no,no,cellular,21,apr,100.0,1,-1,0,unknown,yes
35.0,management,single,tertiary,no,704.0,no,no,cellular,21,apr,164.0,1,-1,0,unknown,yes
74.0,retired,married,secondary,no,9480.0,no,no,cellular,21,apr,211.0,1,-1,0,unknown,yes
56.0,unemployed,married,primary,no,3391.0,no,no,cellular,21,apr,243.0,1,-1,0,unknown,yes
26.0,student,single,tertiary,no,1134.0,no,no,cellular,21,apr,,4,-1,0,unknown,yes
30.0,blue-collar,single,unknown,no,6281.0,no,no,cellular,21,apr,149.0,2,-1,0,unknown,yes
29.0,self-employed,married,secondary,no,123.0,no,yes,cellular,21,apr,158.0,2,181,1,success,yes
78.0,retired,married,primary,no,8556.0,no,no,telephone,21,apr,137.0,2,-1,0,unknown,yes
45.0,unknown,divorced,unknown,no,0.0,no,no,cellular,21,apr,278.0,3,-1,0,unknown,yes
29.0,blue-collar,single,secondary,no,2.0,yes,yes,cellular,21,apr,379.0,5,-1,0,unknown,yes
39.0,admin.,married,tertiary,no,1108.0,no,no,cellular,21,apr,204.0,1,-1,0,unknown,yes
45.0,management,married,tertiary,no,212.0,no,no,cellular,21,apr,65.0,2,-1,0,unknown,yes
45.0,technician,married,tertiary,no,5110.0,no,no,cellular,22,apr,341.0,2,-1,0,unknown,yes
36.0,student,single,secondary,no,17.0,no,no,cellular,22,apr,621.0,1,-1,0,unknown,yes
41.0,unknown,single,unknown,no,942.0,no,no,cellular,22,apr,219.0,1,-1,0,unknown,yes
38.0,technician,married,secondary,no,0.0,yes,no,cellular,22,apr,315.0,1,-1,0,unknown,yes
33.0,admin.,married,tertiary,no,882.0,no,no,cellular,22,apr,104.0,1,183,4,failure,yes
30.0,,married,tertiary,no,81.0,no,no,cellular,22,apr,145.0,1,-1,0,unknown,yes
65.0,retired,married,primary,no,276.0,no,no,cellular,22,apr,229.0,1,-1,0,unknown,yes
75.0,retired,married,tertiary,no,2991.0,no,no,cellular,22,apr,240.0,1,-1,0,unknown,yes
65.0,management,divorced,,no,90.0,yes,no,cellular,22,apr,416.0,1,-1,0,unknown,yes
53.0,management,married,tertiary,no,3754.0,no,no,cellular,22,apr,307.0,1,278,2,failure,yes
40.0,management,married,primary,no,395.0,yes,no,cellular,22,apr,232.0,4,-1,0,unknown,yes
31.0,admin.,single,tertiary,no,676.0,yes,no,cellular,22,apr,124.0,2,343,2,other,yes
25.0,student,single,secondary,no,8.0,no,no,cellular,22,apr,107.0,2,-1,0,unknown,yes
37.0,technician,married,secondary,no,0.0,yes,no,cellular,22,apr,1288.0,3,-1,0,unknown,yes
32.0,management,single,tertiary,no,2069.0,no,no,cellular,22,apr,545.0,1,-1,0,unknown,yes
45.0,management,married,tertiary,no,506.0,no,no,cellular,23,apr,229.0,2,-1,0,unknown,yes
35.0,management,married,tertiary,no,8.0,no,no,,23,apr,93.0,3,-1,0,unknown,yes
74.0,retired,married,primary,no,670.0,no,no,cellular,23,apr,266.0,5,-1,0,unknown,yes
37.0,management,married,tertiary,no,0.0,yes,no,cellular,23,apr,242.0,5,153,7,failure,yes
59.0,blue-collar,married,primary,no,1939.0,no,no,cellular,23,apr,172.0,1,-1,0,unknown,yes
76.0,management,married,unknown,no,1780.0,yes,no,telephone,23,apr,413.0,3,-1,0,unknown,yes
25.0,blue-collar,single,secondary,no,0.0,no,no,cellular,23,apr,163.0,1,-1,0,unknown,yes
27.0,services,single,secondary,no,955.0,no,no,cellular,23,apr,206.0,1,-1,0,unknown,yes
39.0,admin.,married,secondary,no,732.0,no,no,cellular,23,apr,522.0,4,-1,0,unknown,yes
24.0,services,single,unknown,no,2022.0,no,no,cellular,23,apr,159.0,4,-1,0,unknown,yes
28.0,blue-collar,single,tertiary,no,4099.0,no,no,cellular,23,apr,116.0,4,-1,0,unknown,yes
51.0,management,married,tertiary,no,4917.0,no,no,cellular,23,apr,113.0,1,-1,0,unknown,yes
66.0,retired,married,primary,no,2883.0,no,no,cellular,23,apr,158.0,1,-1,0,unknown,yes
28.0,unemployed,single,primary,no,1374.0,no,no,cellular,23,apr,203.0,4,-1,0,unknown,yes
30.0,management,single,tertiary,no,398.0,no,no,cellular,24,apr,235.0,2,-1,0,unknown,yes
58.0,blue-collar,married,secondary,no,3027.0,yes,no,cellular,24,apr,160.0,1,-1,0,unknown,yes
32.0,management,single,tertiary,no,2974.0,yes,no,cellular,24,apr,227.0,1,4,1,failure,yes
31.0,technician,single,tertiary,no,1081.0,no,no,cellular,24,apr,202.0,5,261,2,failure,yes
71.0,technician,married,,no,383.0,no,no,cellular,27,apr,388.0,3,-1,0,unknown,yes
37.0,admin.,married,tertiary,no,3913.0,yes,no,cellular,27,apr,124.0,1,-1,0,unknown,yes
56.0,management,divorced,tertiary,no,3287.0,no,no,cellular,27,apr,497.0,1,-1,0,unknown,yes
65.0,retired,married,primary,no,3629.0,no,no,cellular,27,apr,148.0,1,-1,0,unknown,yes
72.0,self-employed,married,tertiary,no,132.0,no,no,cellular,27,apr,444.0,1,-1,0,unknown,yes
51.0,admin.,single,secondary,no,726.0,yes,no,cellular,27,apr,89.0,8,-1,0,unknown,yes
35.0,blue-collar,married,secondary,no,149.0,yes,no,cellular,29,apr,507.0,3,349,1,other,yes
34.0,blue-collar,married,secondary,no,640.0,yes,no,cellular,29,apr,636.0,2,-1,0,unknown,yes
29.0,admin.,married,secondary,no,7707.0,yes,no,cellular,29,apr,961.0,2,334,2,failure,yes
30.0,technician,single,tertiary,no,53.0,no,no,cellular,29,apr,375.0,1,-1,0,unknown,yes
39.0,technician,single,secondary,no,15.0,yes,no,cellular,30,apr,510.0,1,-1,0,unknown,yes
45.0,management,married,tertiary,no,242.0,no,no,cellular,30,apr,587.0,1,-1,0,unknown,yes
28.0,admin.,single,secondary,no,377.0,no,no,cellular,30,apr,571.0,1,-1,0,unknown,yes
52.0,unemployed,married,,no,94.0,no,no,cellular,30,apr,244.0,1,-1,0,unknown,yes
59.0,retired,married,primary,no,363.0,no,no,cellular,30,apr,400.0,1,-1,0,unknown,yes
38.0,services,married,secondary,no,1970.0,yes,no,cellular,30,apr,701.0,1,176,1,success,yes
47.0,technician,married,secondary,no,1167.0,yes,no,cellular,30,apr,968.0,1,87,5,failure,yes
52.0,management,married,tertiary,no,193.0,no,no,cellular,30,apr,381.0,1,269,1,failure,yes
38.0,management,married,tertiary,no,0.0,yes,no,cellular,30,apr,571.0,1,-1,0,unknown,yes
29.0,student,single,secondary,no,,no,no,cellular,30,apr,239.0,1,-1,0,unknown,yes
36.0,unemployed,single,tertiary,no,1291.0,no,no,cellular,30,apr,195.0,1,86,1,success,yes
58.0,retired,married,tertiary,no,1425.0,no,no,,30,apr,224.0,1,-1,0,unknown,yes
31.0,technician,married,tertiary,no,3382.0,no,no,,30,apr,739.0,1,-1,0,unknown,yes
59.0,retired,divorced,secondary,no,5583.0,yes,no,cellular,30,apr,720.0,1,-1,0,unknown,yes
47.0,blue-collar,married,secondary,no,1230.0,yes,no,cellular,30,apr,412.0,1,169,1,success,yes
36.0,admin.,married,secondary,no,96.0,no,no,cellular,30,apr,208.0,1,87,1,success,yes
21.0,student,single,secondary,no,224.0,no,no,cellular,30,apr,871.0,1,-1,0,unknown,yes
23.0,student,single,secondary,no,0.0,no,no,cellular,30,apr,297.0,1,83,6,success,yes
47.0,blue-collar,married,secondary,no,1730.0,yes,no,cellular,30,apr,231.0,1,-1,0,unknown,yes
29.0,management,single,tertiary,no,697.0,no,no,cellular,30,apr,365.0,1,85,1,success,yes
25.0,management,single,tertiary,no,943.0,no,no,cellular,30,apr,512.0,1,-1,0,unknown,yes
37.0,technician,married,secondary,no,1458.0,no,no,cellular,30,apr,281.0,1,-1,0,unknown,yes
33.0,admin.,married,secondary,no,95.0,yes,no,cellular,30,apr,335.0,1,-1,0,unknown,yes
59.0,technician,married,secondary,no,2308.0,no,no,cellular,30,apr,815.0,1,87,1,other,yes
58.0,management,divorced,tertiary,no,5701.0,no,no,cellular,30,apr,354.0,1,87,1,success,yes
44.0,blue-collar,married,unknown,no,1529.0,yes,no,cellular,30,apr,347.0,1,-1,0,unknown,yes
48.0,blue-collar,married,secondary,no,292.0,no,no,cellular,30,apr,271.0,1,79,1,success,yes
34.0,self-employed,married,primary,no,7468.0,yes,yes,cellular,30,apr,383.0,1,-1,0,unknown,yes
42.0,technician,married,unknown,no,1559.0,no,no,cellular,30,apr,368.0,1,-1,0,unknown,yes
54.0,admin.,divorced,secondary,no,1693.0,no,no,cellular,30,apr,,1,87,2,other,yes
42.0,technician,married,tertiary,no,757.0,no,no,cellular,30,apr,354.0,1,79,1,success,yes
42.0,blue-collar,married,primary,no,201.0,yes,no,cellular,30,apr,841.0,1,85,2,failure,yes
44.0,self-employed,divorced,tertiary,no,1070.0,yes,no,cellular,30,apr,381.0,1,160,2,other,yes
37.0,blue-collar,married,secondary,no,1330.0,no,no,cellular,30,apr,390.0,1,-1,0,unknown,yes
29.0,student,single,secondary,no,314.0,no,no,cellular,30,apr,465.0,1,-1,0,unknown,yes
47.0,unknown,married,unknown,no,677.0,no,no,cellular,30,apr,900.0,2,86,2,failure,yes
24.0,management,single,tertiary,no,2845.0,no,no,cellular,30,apr,779.0,2,-1,0,unknown,yes
34.0,admin.,single,secondary,no,-32.0,no,yes,cellular,30,apr,246.0,2,-1,0,unknown,yes
30.0,management,single,tertiary,no,398.0,no,no,cellular,30,apr,554.0,1,6,2,success,yes
46.0,technician,married,secondary,no,0.0,no,no,cellular,30,apr,200.0,1,259,2,other,yes
123.0,services,married,secondary,no,1337.0,no,no,cellular,30,apr,442.0,1,-1,0,unknown,yes
59.0,retired,married,secondary,no,493.0,no,no,cellular,30,apr,237.0,1,-1,0,unknown,yes
35.0,,single,tertiary,no,1750.0,yes,no,cellular,30,apr,687.0,1,9,3,success,yes
33.0,technician,married,tertiary,no,4401.0,no,no,cellular,30,apr,439.0,1,-1,0,unknown,yes
35.0,management,married,tertiary,no,193.0,yes,no,cellular,30,apr,565.0,1,13,1,failure,yes
37.0,management,married,tertiary,no,5106.0,no,no,cellular,30,apr,244.0,1,-1,0,unknown,yes
35.0,admin.,single,tertiary,no,994.0,no,no,cellular,30,apr,400.0,1,87,2,failure,yes
38.0,technician,single,tertiary,no,1101.0,no,no,cellular,30,apr,800.0,1,-1,0,unknown,yes
33.0,blue-collar,single,unknown,no,129.0,yes,yes,cellular,30,apr,482.0,1,161,1,failure,yes
42.0,management,married,tertiary,no,6060.0,yes,no,cellular,30,apr,316.0,1,350,2,failure,yes
33.0,management,married,tertiary,no,55.0,no,no,cellular,30,apr,526.0,2,87,3,failure,yes
53.0,management,married,tertiary,no,1624.0,no,no,cellular,30,apr,284.0,3,84,3,success,yes
53.0,services,married,secondary,no,341.0,no,no,cellular,30,apr,423.0,2,-1,0,unknown,yes
31.0,management,single,tertiary,no,2016.0,no,no,cellular,30,apr,209.0,1,-1,0,unknown,yes
26.0,admin.,single,secondary,no,255.0,no,no,cellular,30,apr,457.0,1,80,1,success,yes
30.0,technician,single,secondary,no,4684.0,yes,no,cellular,30,apr,268.0,3,-1,0,unknown,yes
24.0,admin.,single,secondary,no,1052.0,no,no,cellular,30,apr,354.0,1,-1,0,unknown,yes
28.0,management,single,tertiary,no,1808.0,no,no,cellular,30,apr,309.0,1,-1,0,unknown,yes
26.0,unemployed,single,tertiary,no,3511.0,no,no,cellular,30,apr,439.0,2,-1,0,unknown,yes
35.0,technician,married,secondary,no,518.0,yes,no,cellular,30,apr,616.0,1,-1,0,unknown,yes
28.0,technician,single,secondary,no,227.0,no,no,cellular,30,apr,278.0,1,-1,0,unknown,yes
30.0,admin.,single,secondary,no,270.0,no,no,cellular,30,apr,437.0,1,80,1,success,yes
32.0,management,married,tertiary,no,4733.0,no,no,cellular,30,apr,532.0,1,-1,0,unknown,yes
52.0,self-employed,married,tertiary,no,6657.0,no,no,telephone,30,apr,917.0,1,-1,0,unknown,yes
38.0,management,married,tertiary,no,613.0,no,no,cellular,30,apr,242.0,1,86,1,success,yes
34.0,self-employed,single,tertiary,no,5462.0,no,no,cellular,30,apr,430.0,1,-1,0,unknown,yes
29.0,technician,single,secondary,no,674.0,no,no,cellular,30,apr,483.0,1,13,5,success,yes
30.0,management,single,tertiary,no,364.0,no,no,cellular,30,apr,306.0,2,-1,0,unknown,yes
31.0,services,single,secondary,no,181.0,no,no,cellular,30,apr,325.0,1,-1,0,unknown,yes
24.0,student,single,primary,no,474.0,no,no,cellular,30,apr,551.0,1,-1,0,unknown,yes
25.0,management,single,tertiary,no,219.0,no,no,cellular,30,apr,458.0,1,-1,0,unknown,yes
47.0,management,single,tertiary,no,86.0,no,no,,30,apr,387.0,3,87,1,success,yes
33.0,student,single,unknown,no,1170.0,no,no,cellular,30,apr,352.0,1,-1,0,unknown,yes
,admin.,single,tertiary,no,18.0,yes,yes,cellular,30,apr,359.0,1,-1,0,unknown,yes
36.0,technician,single,tertiary,no,197.0,no,no,cellular,30,apr,260.0,1,-1,0,unknown,yes
50.0,management,married,,no,938.0,no,no,cellular,30,apr,780.0,1,-1,0,unknown,yes
34.0,management,single,tertiary,no,1228.0,no,no,cellular,30,apr,580.0,2,84,8,success,yes
54.0,technician,divorced,secondary,no,2156.0,yes,no,cellular,30,apr,258.0,1,86,5,success,yes
47.0,technician,married,tertiary,no,2408.0,no,no,cellular,30,apr,376.0,1,-1,0,unknown,yes
31.0,admin.,married,secondary,no,35.0,no,no,,30,apr,615.0,1,-1,0,unknown,yes
36.0,management,married,tertiary,no,393.0,yes,no,cellular,30,apr,555.0,2,-1,0,unknown,yes
35.0,services,married,unknown,no,618.0,no,no,cellular,30,apr,951.0,1,-1,0,unknown,yes
25.0,student,single,secondary,no,1608.0,no,no,cellular,30,apr,664.0,2,-1,0,unknown,yes
46.0,management,married,tertiary,no,699.0,no,no,cellular,30,apr,970.0,1,87,1,failure,yes
49.0,entrepreneur,single,secondary,no,5802.0,no,no,cellular,30,apr,618.0,2,-1,0,unknown,yes
47.0,blue-collar,married,primary,no,2749.0,yes,no,cellular,30,apr,774.0,2,164,1,failure,yes
35.0,management,single,tertiary,no,1162.0,no,no,cellular,30,apr,175.0,1,-1,0,unknown,yes
30.0,technician,married,secondary,no,776.0,no,no,cellular,30,apr,861.0,2,-1,0,unknown,yes
31.0,management,single,tertiary,no,1619.0,no,no,cellular,30,apr,327.0,2,-1,0,unknown,yes
55.0,admin.,married,secondary,no,139.0,no,no,cellular,30,apr,241.0,1,-1,0,unknown,yes
25.0,admin.,single,secondary,no,2816.0,no,no,cellular,30,apr,327.0,1,-1,0,unknown,yes
26.0,technician,single,secondary,no,507.0,no,no,cellular,30,apr,380.0,1,-1,0,unknown,yes
85.0,retired,married,primary,no,98.0,no,no,cellular,30,apr,416.0,1,-1,0,unknown,yes
29.0,management,single,tertiary,no,2753.0,no,no,cellular,30,apr,645.0,1,-1,0,unknown,yes
39.0,management,married,tertiary,no,0.0,no,no,cellular,30,apr,342.0,3,22,3,,yes
33.0,blue-collar,single,secondary,no,498.0,no,no,cellular,30,apr,301.0,1,-1,0,unknown,yes
33.0,blue-collar,single,tertiary,no,700.0,no,no,cellular,30,apr,169.0,1,80,2,success,yes
58.0,management,married,tertiary,no,4152.0,yes,no,cellular,30,apr,750.0,2,164,4,other,yes
61.0,retired,divorced,secondary,no,927.0,no,no,cellular,30,apr,427.0,3,-1,0,unknown,yes
50.0,admin.,single,,no,2252.0,no,no,cellular,30,apr,652.0,2,-1,0,unknown,yes
54.0,technician,married,secondary,no,0.0,no,no,telephone,30,apr,766.0,3,84,3,success,yes
33.0,technician,married,tertiary,no,0.0,no,no,cellular,30,apr,227.0,2,-1,0,unknown,yes
36.0,admin.,single,secondary,no,728.0,no,no,cellular,30,apr,230.0,1,-1,0,unknown,yes
31.0,management,single,tertiary,no,354.0,no,no,cellular,30,apr,502.0,1,9,2,success,yes
24.0,student,single,secondary,no,382.0,no,no,cellular,30,apr,567.0,2,-1,0,unknown,yes
29.0,management,single,tertiary,no,36252.0,yes,no,cellular,30,apr,501.0,1,-1,0,unknown,yes
40.0,management,married,tertiary,no,158.0,no,no,telephone,30,apr,712.0,2,-1,0,unknown,yes
29.0,blue-collar,single,secondary,no,734.0,yes,yes,cellular,30,apr,259.0,1,296,1,other,yes
30.0,admin.,single,tertiary,no,305.0,no,no,cellular,30,apr,633.0,1,85,2,success,yes
45.0,blue-collar,married,secondary,no,10252.0,no,no,cellular,4,may,675.0,2,-1,0,unknown,yes
37.0,management,single,tertiary,no,3141.0,no,no,cellular,4,may,384.0,2,-1,0,unknown,yes
28.0,unemployed,single,primary,no,236.0,no,no,cellular,4,may,193.0,1,87,3,failure,yes
33.0,management,single,tertiary,no,5437.0,no,no,cellular,4,may,267.0,1,91,1,failure,yes
33.0,technician,married,secondary,no,133.0,no,no,cellular,4,may,218.0,1,-1,0,unknown,yes
45.0,blue-collar,married,secondary,no,640.0,yes,no,cellular,4,may,447.0,1,-1,0,unknown,yes
25.0,student,single,tertiary,no,253.0,no,no,cellular,4,may,597.0,1,-1,0,unknown,yes
41.0,blue-collar,married,secondary,no,5060.0,no,no,cellular,4,may,963.0,1,83,3,success,yes
38.0,technician,divorced,secondary,no,902.0,yes,no,,4,may,301.0,3,90,1,success,yes
47.0,technician,married,secondary,no,335.0,no,no,cellular,4,may,417.0,1,76,1,success,yes
49.0,management,married,tertiary,no,,no,no,telephone,4,may,1076.0,3,175,1,success,yes
42.0,admin.,single,secondary,no,1451.0,yes,no,cellular,4,may,251.0,4,-1,0,unknown,yes
33.0,technician,single,tertiary,no,1636.0,yes,no,cellular,4,may,592.0,1,66,1,success,yes
36.0,admin.,married,tertiary,no,3221.0,no,no,cellular,4,may,322.0,11,-1,0,unknown,yes
60.0,technician,married,secondary,no,316.0,no,no,cellular,4,may,545.0,2,263,4,failure,yes
33.0,technician,married,secondary,no,2044.0,yes,no,cellular,4,may,532.0,3,-1,0,unknown,yes
33.0,technician,married,secondary,no,557.0,no,no,cellular,4,may,367.0,1,-1,0,unknown,yes
33.0,services,single,secondary,no,489.0,yes,no,cellular,4,may,297.0,4,334,1,other,yes
32.0,student,single,tertiary,no,1138.0,no,no,cellular,4,may,214.0,3,83,3,success,yes
36.0,self-employed,married,secondary,no,188.0,yes,yes,cellular,4,may,1046.0,3,333,2,success,yes
45.0,technician,married,secondary,no,1998.0,no,no,cellular,4,may,237.0,5,-1,0,unknown,yes
35.0,management,married,tertiary,no,520.0,yes,no,cellular,4,may,458.0,3,17,5,failure,yes
38.0,management,divorced,tertiary,no,6368.0,yes,no,cellular,4,may,922.0,4,-1,0,unknown,yes
30.0,self-employed,married,tertiary,no,2666.0,no,no,cellular,4,may,781.0,3,89,1,success,yes
31.0,technician,married,secondary,no,4182.0,yes,no,cellular,4,may,347.0,2,-1,0,unknown,yes
32.0,self-employed,divorced,tertiary,no,3271.0,no,no,cellular,4,may,949.0,3,-1,0,unknown,yes
44.0,self-employed,married,unknown,no,163.0,yes,no,cellular,4,may,364.0,3,-1,0,unknown,yes
39.0,management,single,tertiary,no,1515.0,yes,no,cellular,4,may,815.0,6,167,6,failure,yes
45.0,blue-collar,married,primary,no,803.0,yes,no,cellular,4,may,742.0,4,-1,0,unknown,yes
32.0,blue-collar,single,secondary,no,400.0,no,no,cellular,4,may,268.0,3,-1,0,unknown,yes
39.0,management,single,tertiary,no,2454.0,yes,no,cellular,4,may,716.0,3,263,2,failure,yes
30.0,management,single,tertiary,no,533.0,no,no,cellular,4,may,365.0,4,-1,0,unknown,yes
63.0,management,married,unknown,no,2352.0,no,no,telephone,4,may,475.0,7,-1,0,unknown,yes
56.0,retired,married,primary,no,9367.0,no,no,cellular,4,may,617.0,2,-1,0,unknown,yes
26.0,technician,single,secondary,no,237.0,yes,no,cellular,4,may,1091.0,3,-1,0,unknown,yes
37.0,student,single,unknown,no,444.0,no,no,cellular,4,may,1063.0,5,-1,0,unknown,yes
29.0,management,single,tertiary,no,9407.0,no,no,cellular,4,may,267.0,6,-1,0,unknown,yes
24.0,student,single,secondary,no,387.0,no,no,telephone,4,may,340.0,8,-1,0,unknown,yes
35.0,entrepreneur,married,secondary,no,2971.0,no,no,cellular,4,may,429.0,4,164,2,failure,yes
,technician,married,tertiary,no,2643.0,no,no,telephone,4,may,331.0,5,-1,0,unknown,yes
39.0,,married,secondary,no,261.0,no,no,cellular,4,may,841.0,4,-1,0,unknown,yes
59.0,retired,divorced,secondary,no,514.0,no,no,cellular,4,may,673.0,6,90,1,success,yes
50.0,blue-collar,married,primary,no,5872.0,yes,no,cellular,5,may,762.0,3,-1,0,unknown,yes
44.0,services,divorced,secondary,no,-368.0,yes,no,cellular,5,may,895.0,1,-1,0,unknown,yes
35.0,student,single,secondary,no,188.0,yes,no,cellular,5,may,863.0,1,78,8,success,yes
30.0,blue-collar,married,secondary,no,61.0,yes,no,cellular,5,may,525.0,1,-1,0,unknown,yes
58.0,admin.,married,secondary,no,2160.0,yes,yes,cellular,5,may,1090.0,1,-1,0,unknown,yes
37.0,management,married,tertiary,no,658.0,yes,no,cellular,5,may,838.0,1,-1,0,unknown,yes
39.0,management,married,tertiary,no,0.0,yes,no,cellular,5,may,811.0,2,-1,0,unknown,yes
31.0,blue-collar,single,secondary,no,196.0,yes,no,cellular,5,may,568.0,1,341,7,failure,yes
33.0,self-employed,single,tertiary,no,94.0,yes,no,cellular,5,may,955.0,2,-1,0,unknown,yes
41.0,management,married,tertiary,no,326.0,yes,no,cellular,5,may,788.0,1,-1,0,unknown,yes
44.0,services,married,secondary,no,-395.0,yes,no,cellular,5,may,894.0,1,-1,0,unknown,yes
46.0,blue-collar,married,unknown,no,9328.0,yes,no,cellular,5,may,725.0,3,-1,0,unknown,yes
30.0,technician,single,secondary,no,-522.0,yes,yes,cellular,5,may,670.0,2,286,6,failure,yes
35.0,admin.,married,secondary,no,1286.0,yes,no,cellular,5,may,862.0,3,337,1,other,yes
27.0,admin.,married,secondary,no,710.0,yes,yes,cellular,6,may,653.0,1,334,2,success,yes
39.0,technician,divorced,tertiary,yes,3.0,no,no,cellular,6,may,488.0,1,-1,0,unknown,yes
32.0,self-employed,single,tertiary,no,0.0,yes,no,cellular,6,may,767.0,1,-1,0,unknown,yes
37.0,technician,divorced,secondary,no,141.0,yes,no,cellular,6,may,848.0,1,364,3,failure,yes
31.0,technician,single,secondary,no,53.0,yes,yes,cellular,6,may,,1,-1,0,unknown,yes
30.0,management,divorced,tertiary,no,415.0,yes,yes,cellular,6,may,984.0,1,343,4,failure,yes
34.0,entrepreneur,married,tertiary,no,0.0,yes,no,cellular,6,may,611.0,1,183,1,failure,yes
31.0,blue-collar,single,secondary,no,1979.0,yes,yes,cellular,6,may,1205.0,1,-1,0,unknown,yes
27.0,admin.,married,secondary,no,0.0,yes,no,cellular,6,may,837.0,1,-1,0,unknown,yes
36.0,management,single,tertiary,no,7506.0,yes,no,cellular,6,may,839.0,2,188,1,success,yes
32.0,admin.,married,secondary,no,752.0,yes,no,cellular,6,may,519.0,2,166,5,failure,yes
49.0,management,married,secondary,no,-150000.0,yes,no,cellular,6,may,687.0,2,343,1,failure,yes
29.0,admin.,single,secondary,no,266.0,yes,no,cellular,6,may,540.0,1,-1,0,unknown,yes
29.0,admin.,single,secondary,no,27.0,yes,no,cellular,6,may,754.0,1,-1,0,unknown,yes
28.0,blue-collar,single,secondary,no,524.0,yes,no,cellular,6,may,554.0,2,-1,0,unknown,yes
60.0,management,married,tertiary,no,5990.0,yes,no,cellular,6,may,396.0,3,-1,0,unknown,yes
33.0,management,married,secondary,no,3935.0,yes,no,cellular,6,may,765.0,1,342,2,failure,yes
35.0,management,married,tertiary,no,991.0,yes,no,cellular,6,may,1489.0,3,-1,0,unknown,yes
31.0,management,single,tertiary,no,59.0,yes,yes,cellular,6,may,1347.0,2,363,1,failure,yes
40.0,management,married,tertiary,no,1598.0,yes,yes,cellular,6,may,1074.0,4,344,3,failure,yes
29.0,management,married,tertiary,no,0.0,yes,no,cellular,6,may,667.0,2,-1,0,unknown,yes
35.0,management,married,tertiary,no,802.0,yes,no,cellular,6,may,686.0,2,-1,0,unknown,yes
32.0,management,married,tertiary,no,2465.0,yes,yes,cellular,7,may,923.0,1,-1,0,unknown,yes
26.0,management,single,tertiary,no,114.0,yes,no,cellular,7,may,457.0,1,-1,0,unknown,yes
42.0,blue-collar,married,primary,no,1461.0,yes,no,cellular,7,may,757.0,2,170,3,failure,yes
33.0,admin.,single,tertiary,no,475.0,yes,no,cellular,7,may,1046.0,1,-1,0,unknown,yes
36.0,management,single,tertiary,no,4.0,yes,no,cellular,7,may,855.0,2,342,1,failure,yes
,management,single,tertiary,no,1618.0,yes,yes,cellular,7,may,542.0,1,-1,0,unknown,yes
30.0,services,single,secondary,no,-271.0,yes,no,cellular,7,may,,1,337,1,success,yes
59.0,admin.,single,secondary,no,2166.0,yes,yes,cellular,7,may,574.0,1,-1,0,unknown,yes
44.0,blue-collar,married,primary,no,4031.0,yes,no,cellular,7,may,983.0,4,-1,0,unknown,yes
50.0,services,married,primary,no,5024.0,yes,yes,cellular,7,may,661.0,1,267,11,other,yes
51.0,technician,married,secondary,no,-1944.0,yes,no,cellular,7,may,623.0,1,-1,0,unknown,yes
51.0,admin.,married,secondary,no,3025.0,no,no,cellular,7,may,476.0,1,352,1,other,yes
60.0,blue-collar,married,unknown,no,2090.0,yes,no,cellular,7,may,957.0,2,-1,0,unknown,yes
29.0,technician,single,tertiary,no,0.0,yes,no,cellular,7,may,347.0,2,337,6,failure,yes
43.0,management,married,,no,1429.0,yes,no,cellular,7,may,1030.0,1,169,3,success,yes
31.0,admin.,single,secondary,no,0.0,yes,no,cellular,7,may,895.0,2,295,2,failure,yes
26.0,blue-collar,single,secondary,no,311.0,yes,no,cellular,7,may,798.0,2,-1,0,unknown,yes
23.0,housemaid,married,tertiary,no,66.0,yes,no,cellular,7,may,1391.0,2,-1,0,unknown,yes
49.0,blue-collar,single,primary,no,2146.0,yes,no,cellular,7,may,1516.0,2,353,2,other,yes
42.0,unemployed,married,secondary,no,356.0,yes,no,cellular,7,may,15073.0,3,356,2,failure,yes
39.0,blue-collar,married,,no,62.0,yes,no,cellular,7,may,877.0,198,-1,0,unknown,yes
45.0,admin.,married,secondary,yes,-106.0,yes,yes,cellular,7,may,553.0,3,288,1,other,yes
45.0,services,divorced,secondary,no,608.0,yes,yes,cellular,7,may,1135.0,3,323,30,failure,yes
39.0,technician,divorced,secondary,no,291.0,yes,no,cellular,7,may,882.0,2,-1,0,unknown,yes
45.0,blue-collar,divorced,secondary,no,-184.0,yes,no,cellular,7,may,878.0,3,170,5,failure,yes
39.0,admin.,single,secondary,no,2345.0,yes,no,cellular,8,may,491.0,2,344,2,failure,yes
23.0,technician,single,secondary,no,4.0,yes,no,cellular,8,may,763.0,1,-1,0,unknown,yes
57.0,admin.,married,secondary,no,6005.0,yes,no,cellular,8,may,704.0,1,323,6,failure,yes
32.0,blue-collar,married,secondary,no,333.0,yes,no,cellular,8,may,501.0,2,-1,0,unknown,yes
29.0,management,single,tertiary,no,3041.0,yes,no,cellular,8,may,606.0,3,-1,0,unknown,yes
42.0,management,married,tertiary,no,4.0,yes,no,cellular,8,may,579.0,2,295,1,success,yes
47.0,blue-collar,divorced,primary,no,603.0,yes,yes,cellular,8,may,1080.0,1,-1,0,unknown,yes
36.0,management,married,tertiary,no,0.0,yes,no,cellular,8,may,308.0,3,-1,0,unknown,yes
57.0,management,married,tertiary,no,830.0,yes,yes,cellular,8,may,662.0,1,367,1,success,yes
36.0,technician,single,tertiary,no,962.0,yes,no,cellular,8,may,568.0,1,-1,0,unknown,yes
53.0,technician,single,tertiary,no,185.0,yes,no,cellular,8,may,1448.0,2,-1,0,unknown,yes
56.0,blue-collar,divorced,primary,no,-9.0,yes,yes,cellular,8,may,728.0,1,-1,0,unknown,yes
33.0,admin.,divorced,tertiary,no,,no,no,cellular,8,may,398.0,2,-1,0,unknown,yes
59.0,retired,married,tertiary,no,148.0,yes,yes,cellular,8,may,685.0,2,366,1,other,yes
47.0,retired,married,primary,no,1374.0,no,yes,telephone,8,may,479.0,2,359,3,failure,yes
42.0,management,married,tertiary,no,-556.0,yes,yes,cellular,8,may,682.0,3,347,3,failure,yes
38.0,self-employed,single,tertiary,no,1612.0,yes,no,cellular,8,may,423.0,1,-1,0,unknown,yes
40.0,self-employed,married,secondary,no,0.0,yes,no,cellular,11,may,657.0,1,-1,0,unknown,yes
41.0,admin.,single,secondary,no,-109.0,yes,yes,cellular,11,may,1038.0,1,370,1,failure,yes
43.0,management,divorced,tertiary,no,580.0,yes,no,cellular,11,may,1514.0,1,284,2,failure,yes
24.0,services,married,secondary,no,4500.0,yes,no,cellular,11,may,733.0,2,-1,0,unknown,yes
40.0,services,married,secondary,no,-192.0,yes,no,cellular,11,may,666.0,1,-1,0,unknown,yes
40.0,blue-collar,married,secondary,no,-438.0,no,no,cellular,11,may,1017.0,1,-1,0,unknown,yes
34.0,services,single,secondary,no,-701.0,yes,no,cellular,11,may,610.0,2,-1,0,unknown,yes
36.0,management,single,tertiary,no,1400.0,yes,no,cellular,11,may,608.0,3,-1,0,unknown,yes
38.0,services,married,secondary,no,5293.0,yes,no,cellular,11,may,475.0,1,171,6,failure,yes
39.0,blue-collar,married,secondary,no,785.0,yes,no,cellular,11,may,1232.0,2,-1,0,unknown,yes
25.0,student,single,primary,no,,yes,no,cellular,11,may,819.0,2,-1,0,unknown,yes
39.0,management,married,tertiary,no,763.0,yes,no,cellular,11,may,877.0,7,300,2,other,yes
41.0,blue-collar,married,secondary,no,1236.0,yes,no,cellular,11,may,911.0,3,-1,0,unknown,yes
36.0,admin.,divorced,secondary,no,-811.0,yes,no,cellular,12,may,365.0,2,-1,0,unknown,yes
34.0,entrepreneur,married,primary,no,7279.0,yes,no,cellular,12,may,882.0,1,-1,0,unknown,yes
34.0,admin.,divorced,secondary,no,479.0,yes,no,cellular,12,may,515.0,1,350,5,failure,yes
38.0,housemaid,single,primary,no,199.0,yes,no,cellular,12,may,1203.0,1,306,1,failure,yes
40.0,blue-collar,married,secondary,no,1808.0,yes,no,cellular,12,may,560.0,1,-1,0,unknown,yes
31.0,admin.,married,secondary,no,2.0,yes,yes,cellular,12,may,703.0,4,-1,0,unknown,yes
37.0,blue-collar,married,primary,no,-106.0,yes,yes,cellular,12,may,690.0,1,-1,0,unknown,yes
58.0,entrepreneur,married,secondary,no,670.0,yes,no,cellular,12,may,1272.0,1,-1,0,unknown,yes
48.0,services,divorced,secondary,no,-361.0,yes,no,cellular,12,may,1062.0,3,349,3,other,yes
35.0,blue-collar,married,primary,no,159.0,yes,yes,cellular,12,may,826.0,1,-1,0,unknown,yes
34.0,,single,secondary,no,151.0,yes,no,cellular,12,may,590.0,1,370,1,other,yes
51.0,blue-collar,married,secondary,no,518.0,yes,no,cellular,12,may,918.0,1,-1,0,unknown,yes
39.0,management,single,tertiary,no,5073.0,yes,no,cellular,12,may,1182.0,1,286,4,failure,yes
39.0,admin.,married,secondary,no,607.0,yes,no,cellular,12,may,454.0,2,364,3,failure,yes
36.0,blue-collar,divorced,primary,no,-308.0,yes,no,cellular,12,may,725.0,1,-1,0,unknown,yes
47.0,services,married,secondary,no,367.0,yes,no,cellular,12,may,309.0,1,306,4,success,yes
35.0,blue-collar,single,secondary,no,855.0,yes,no,cellular,12,may,549.0,1,300,1,success,yes
33.0,blue-collar,married,secondary,no,1240.0,yes,no,cellular,12,may,844.0,1,-1,0,unknown,yes
47.0,admin.,married,secondary,no,663.0,yes,yes,cellular,12,may,409.0,1,274,6,other,yes
38.0,services,single,secondary,no,895.0,yes,no,cellular,12,may,,1,-1,0,unknown,yes
46.0,blue-collar,married,primary,no,804.0,yes,no,cellular,12,may,1063.0,2,361,1,success,yes
42.0,blue-collar,married,primary,no,,yes,yes,cellular,12,may,829.0,7,-1,0,unknown,yes
47.0,blue-collar,married,secondary,no,802.0,yes,yes,cellular,12,may,289.0,2,-1,0,unknown,yes
37.0,admin.,single,primary,no,912.0,yes,no,cellular,12,may,637.0,3,328,22,other,yes
31.0,admin.,single,tertiary,no,355.0,yes,no,cellular,12,may,609.0,1,-1,0,unknown,yes
46.0,technician,married,secondary,no,3.0,yes,yes,cellular,12,may,614.0,3,-1,0,unknown,yes
36.0,services,single,secondary,no,0.0,yes,no,cellular,12,may,398.0,6,-1,0,unknown,yes
40.0,services,married,secondary,no,1836.0,yes,no,cellular,12,may,750.0,2,-1,0,unknown,yes
39.0,management,married,tertiary,no,1425.0,yes,no,cellular,12,may,775.0,3,-1,0,unknown,yes
45.0,self-employed,divorced,tertiary,no,963.0,yes,no,cellular,12,may,528.0,5,-1,0,unknown,yes
59.0,admin.,married,secondary,no,145.0,yes,no,telephone,12,may,556.0,2,287,13,success,yes
34.0,blue-collar,married,secondary,no,634.0,no,yes,cellular,12,may,737.0,3,-1,0,unknown,yes
40.0,blue-collar,married,unknown,no,87.0,yes,no,cellular,13,may,477.0,3,-1,0,unknown,yes
50.0,blue-collar,married,primary,no,-522.0,yes,no,cellular,13,may,863.0,3,-1,0,unknown,yes
36.0,blue-collar,married,primary,no,319.0,yes,no,cellular,13,may,774.0,2,301,1,failure,yes
35.0,admin.,single,secondary,no,0.0,yes,no,cellular,13,may,1073.0,1,-1,0,unknown,yes
36.0,blue-collar,single,secondary,no,478.0,yes,no,cellular,13,may,610.0,1,-1,0,unknown,yes
35.0,blue-collar,single,primary,no,-276.0,yes,no,cellular,13,may,850.0,1,-1,0,unknown,yes
47.0,blue-collar,married,primary,no,4227.0,yes,no,cellular,13,may,659.0,1,-1,0,unknown,yes
47.0,housemaid,single,primary,no,2785.0,yes,no,,13,may,570.0,1,-1,0,unknown,yes
38.0,blue-collar,married,primary,no,1401.0,no,no,cellular,13,may,516.0,1,-1,0,unknown,yes
33.0,management,single,tertiary,no,0.0,yes,no,cellular,13,may,585.0,1,-1,0,unknown,yes
38.0,blue-collar,married,primary,no,1852.0,yes,no,cellular,13,may,606.0,1,-1,0,unknown,yes
39.0,blue-collar,married,secondary,no,462.0,yes,no,cellular,13,may,590.0,1,-1,0,unknown,yes
43.0,housemaid,single,primary,no,800.0,yes,no,cellular,13,may,902.0,1,-1,0,unknown,yes
33.0,technician,married,secondary,no,221.0,yes,no,cellular,13,may,669.0,1,355,4,failure,yes
34.0,blue-collar,married,secondary,no,1089.0,yes,no,cellular,13,may,394.0,3,-1,0,unknown,yes
28.0,admin.,divorced,secondary,no,451.0,yes,no,cellular,13,may,302.0,1,301,1,success,yes
34.0,blue-collar,married,secondary,no,496.0,yes,no,cellular,13,may,333.0,1,-1,0,unknown,yes
42.0,blue-collar,single,secondary,no,1080.0,yes,yes,cellular,13,may,951.0,3,370,4,failure,yes
33.0,management,married,tertiary,no,1064.0,yes,no,cellular,13,may,562.0,1,-1,0,unknown,yes
39.0,management,married,tertiary,no,297.0,yes,no,cellular,13,may,734.0,2,-1,0,unknown,yes
32.0,management,single,tertiary,no,3.0,yes,no,cellular,13,may,568.0,1,-1,0,unknown,yes
34.0,management,single,tertiary,no,76.0,yes,no,cellular,13,may,747.0,2,371,3,failure,yes
32.0,blue-collar,single,primary,no,398.0,yes,no,cellular,13,may,716.0,1,-1,0,unknown,yes
48.0,admin.,divorced,secondary,no,83.0,yes,no,cellular,13,may,1101.0,1,-1,0,unknown,yes
31.0,admin.,married,secondary,no,879.0,yes,no,cellular,13,may,394.0,1,-1,0,unknown,yes
33.0,services,married,secondary,no,210.0,yes,no,cellular,13,may,1207.0,2,-1,0,unknown,yes
48.0,services,divorced,secondary,no,-276.0,yes,yes,cellular,13,may,674.0,1,-1,0,unknown,yes
33.0,blue-collar,single,primary,no,863.0,yes,no,telephone,13,may,622.0,3,-1,0,unknown,yes
30.0,,single,tertiary,no,228.0,yes,no,cellular,13,may,314.0,2,-1,0,unknown,yes
35.0,management,single,tertiary,no,1396.0,yes,no,cellular,13,may,809.0,1,300,1,failure,yes
51.0,blue-collar,divorced,primary,no,-19.0,yes,no,cellular,13,may,829.0,1,296,11,failure,yes
38.0,services,single,secondary,no,2253.0,yes,no,cellular,13,may,937.0,3,-1,0,unknown,yes
39.0,blue-collar,single,primary,no,0.0,yes,yes,cellular,13,may,1975.0,5,-1,0,unknown,yes
27.0,blue-collar,single,primary,no,265.0,yes,no,cellular,13,may,1119.0,2,-1,0,unknown,yes
50.0,technician,divorced,secondary,no,-54.0,yes,yes,cellular,13,may,698.0,2,292,1,failure,yes
34.0,management,single,tertiary,no,3821.0,yes,no,cellular,13,may,649.0,2,-1,0,unknown,yes
38.0,blue-collar,divorced,primary,no,0.0,yes,no,cellular,13,may,531.0,2,-1,0,unknown,yes
29.0,services,divorced,secondary,no,-7.0,yes,no,cellular,13,may,1279.0,3,-1,0,unknown,yes
40.0,blue-collar,married,primary,no,830.0,yes,no,cellular,13,may,873.0,3,370,2,failure,yes
32.0,technician,single,tertiary,no,0.0,yes,yes,cellular,13,may,440.0,2,-1,0,unknown,yes
38.0,blue-collar,married,primary,no,4406.0,yes,no,telephone,13,may,689.0,2,-1,0,unknown,yes
36.0,admin.,divorced,secondary,no,437.0,yes,no,cellular,14,may,722.0,2,344,1,success,yes
28.0,blue-collar,single,primary,no,,yes,no,cellular,14,may,533.0,1,371,1,other,yes
49.0,blue-collar,married,secondary,no,-454.0,yes,no,cellular,14,may,558.0,1,-1,0,unknown,yes
26.0,blue-collar,single,secondary,no,1006.0,yes,no,cellular,14,may,667.0,1,-1,0,unknown,yes
44.0,admin.,divorced,secondary,no,2999.0,yes,no,cellular,14,may,717.0,1,-1,0,unknown,yes
49.0,management,married,tertiary,no,85.0,yes,no,cellular,14,may,590.0,5,359,1,other,yes
31.0,self-employed,single,tertiary,no,17924.0,yes,no,cellular,14,may,745.0,1,174,3,failure,yes
55.0,blue-collar,divorced,primary,no,8180.0,no,no,cellular,14,may,854.0,2,360,1,failure,yes
32.0,management,married,tertiary,no,2431.0,yes,no,cellular,14,may,646.0,5,-1,0,unknown,yes
35.0,services,married,secondary,no,341.0,yes,no,cellular,14,may,345.0,1,-1,0,unknown,yes
35.0,blue-collar,single,secondary,no,4963.0,yes,no,cellular,14,may,456.0,1,300,1,failure,yes
31.0,admin.,married,secondary,no,8781.0,yes,no,cellular,14,may,680.0,1,177,1,success,yes
28.0,admin.,divorced,secondary,no,-504.0,yes,yes,cellular,14,may,578.0,1,-1,0,unknown,yes
39.0,management,married,tertiary,no,1738.0,yes,no,cellular,14,may,633.0,1,358,1,other,yes
48.0,blue-collar,married,primary,no,214.0,yes,yes,cellular,14,may,307.0,1,177,2,failure,yes
32.0,admin.,married,secondary,no,684.0,yes,no,cellular,14,may,607.0,3,-1,0,unknown,yes
41.0,blue-collar,married,secondary,no,580.0,yes,no,cellular,14,may,874.0,1,363,1,failure,yes
34.0,management,married,tertiary,no,273.0,yes,no,cellular,14,may,492.0,1,175,2,failure,yes
32.0,blue-collar,single,secondary,no,811.0,yes,no,cellular,14,may,563.0,1,-1,0,unknown,yes
34.0,admin.,married,primary,no,0.0,yes,yes,cellular,14,may,1020.0,1,-1,0,unknown,yes
36.0,self-employed,divorced,tertiary,no,1354.0,yes,no,cellular,14,may,1723.0,1,356,2,success,yes
29.0,admin.,divorced,secondary,no,-254.0,yes,no,cellular,14,may,406.0,2,-1,0,unknown,yes
54.0,management,divorced,tertiary,no,-449.0,yes,no,cellular,14,may,691.0,1,-1,0,unknown,yes
29.0,blue-collar,married,secondary,no,7863.0,yes,no,cellular,14,may,,1,-1,0,unknown,yes
35.0,blue-collar,divorced,secondary,no,336.0,yes,no,cellular,14,may,191.0,1,346,2,,yes
36.0,blue-collar,married,secondary,no,1049.0,yes,no,cellular,14,may,224.0,4,-1,0,unknown,yes
37.0,services,married,secondary,no,6089.0,yes,no,cellular,14,may,616.0,2,-1,0,unknown,yes
37.0,management,divorced,tertiary,no,-42.0,yes,no,cellular,14,may,668.0,2,-1,0,unknown,yes
31.0,blue-collar,single,secondary,no,953.0,yes,no,cellular,14,may,missing,1,346,2,success,yes
33.0,admin.,single,secondary,no,315.0,yes,yes,cellular,14,may,888.0,3,-1,0,unknown,yes
59.0,retired,divorced,secondary,no,5845.0,no,no,cellular,14,may,1060.0,2,-1,0,unknown,yes
30.0,blue-collar,married,secondary,no,378.0,yes,no,cellular,14,may,566.0,2,-1,0,unknown,yes
53.0,services,divorced,secondary,no,765.0,yes,no,cellular,14,may,959.0,3,174,7,other,yes
26.0,,married,secondary,no,5795.0,yes,no,cellular,14,may,1094.0,2,-1,0,unknown,yes
30.0,admin.,single,secondary,no,315.0,yes,no,cellular,14,may,884.0,3,346,4,failure,yes
35.0,management,single,tertiary,no,916.0,yes,no,cellular,14,may,460.0,2,-1,0,unknown,yes
34.0,admin.,married,secondary,no,124.0,yes,no,telephone,14,may,604.0,4,366,2,other,yes
33.0,services,married,secondary,no,207.0,yes,no,cellular,14,may,629.0,4,-1,0,unknown,yes
59.0,retired,married,tertiary,no,422.0,yes,no,cellular,14,may,647.0,4,-1,0,unknown,yes
36.0,technician,single,secondary,no,125.0,yes,no,cellular,15,may,676.0,3,-1,0,unknown,yes
34.0,services,single,secondary,no,2.0,yes,no,cellular,15,may,153.0,2,-1,0,unknown,yes
39.0,services,single,secondary,no,7066.0,yes,no,cellular,15,may,667.0,3,357,3,other,yes
42.0,services,married,secondary,no,146.0,yes,yes,cellular,15,may,670.0,4,346,1,failure,yes
60.0,retired,divorced,secondary,no,496.0,yes,no,cellular,15,may,655.0,2,-1,0,unknown,yes
56.0,services,single,secondary,no,-40.0,yes,no,cellular,15,may,311.0,1,368,2,failure,yes
30.0,services,single,secondary,no,140.0,yes,no,cellular,15,may,760.0,1,-1,0,unknown,yes
26.0,services,married,secondary,no,77.0,yes,no,cellular,15,may,619.0,1,340,4,failure,yes
35.0,blue-collar,married,primary,no,22.0,yes,no,cellular,15,may,missing,2,302,2,other,yes
22.0,blue-collar,single,secondary,no,-51.0,yes,no,cellular,15,may,859.0,1,-1,0,unknown,yes
26.0,blue-collar,single,secondary,no,26.0,yes,yes,cellular,15,may,,1,-1,0,unknown,yes
28.0,admin.,single,secondary,no,154.0,yes,no,cellular,15,may,536.0,1,364,1,other,yes
35.0,admin.,divorced,secondary,no,534.0,no,no,cellular,15,may,669.0,1,312,3,failure,yes
35.0,housemaid,married,tertiary,no,1265.0,yes,no,cellular,15,may,326.0,5,179,4,failure,yes
55.0,technician,married,tertiary,no,-466.0,yes,no,cellular,15,may,901.0,1,-1,0,unknown,yes
32.0,services,married,secondary,no,38.0,yes,no,cellular,15,may,744.0,1,-1,0,unknown,yes
28.0,management,single,secondary,no,703.0,yes,no,cellular,15,may,485.0,1,88,1,other,yes
31.0,admin.,married,secondary,no,685.0,yes,no,cellular,15,may,552.0,1,329,3,failure,yes
23.0,blue-collar,single,secondary,no,780.0,yes,no,cellular,15,may,416.0,1,-1,0,unknown,yes
26.0,technician,single,tertiary,no,-67.0,yes,no,cellular,15,may,637.0,1,-1,0,unknown,yes
46.0,blue-collar,married,,no,1085.0,yes,yes,cellular,15,may,523.0,2,353,58,other,yes
34.0,blue-collar,married,secondary,no,29.0,yes,no,cellular,15,may,285.0,5,-1,0,unknown,yes
60.0,management,single,tertiary,no,560.0,no,no,cellular,15,may,730.0,5,-1,0,unknown,yes
28.0,student,single,tertiary,no,22.0,yes,no,cellular,15,may,536.0,2,-1,0,unknown,yes
29.0,services,married,secondary,no,6567.0,yes,no,cellular,15,may,792.0,2,298,1,failure,yes
39.0,entrepreneur,married,secondary,no,2139.0,yes,no,cellular,15,may,576.0,4,371,1,failure,yes
,unemployed,married,secondary,no,582.0,yes,no,cellular,15,may,693.0,5,372,2,failure,yes
34.0,technician,single,secondary,no,194.0,yes,yes,cellular,15,may,1015.0,1,-1,0,unknown,yes
27.0,services,single,secondary,no,353.0,yes,no,cellular,15,may,663.0,1,-1,0,unknown,yes
28.0,services,single,secondary,no,341.0,yes,no,cellular,15,may,437.0,3,347,3,other,yes
39.0,entrepreneur,married,tertiary,yes,-172.0,yes,no,cellular,15,may,562.0,2,-1,0,unknown,yes
60.0,retired,divorced,secondary,no,-639.0,yes,no,cellular,15,may,585.0,1,-1,0,unknown,yes
26.0,student,single,secondary,no,864.0,yes,no,cellular,15,may,659.0,1,-1,0,unknown,yes
32.0,management,married,secondary,no,134.0,yes,yes,cellular,15,may,532.0,3,-1,0,unknown,yes
40.0,admin.,single,secondary,no,50.0,no,no,cellular,15,may,837.0,1,-1,0,unknown,yes
25.0,admin.,single,secondary,no,507.0,yes,no,cellular,15,may,832.0,1,367,3,failure,yes
48.0,blue-collar,married,secondary,no,480.0,yes,no,cellular,15,may,830.0,1,352,2,failure,yes
37.0,entrepreneur,single,secondary,no,-22.0,yes,no,cellular,15,may,317.0,1,-1,0,unknown,yes
39.0,admin.,divorced,secondary,no,878.0,yes,no,cellular,15,may,611.0,5,-1,0,unknown,yes
40.0,admin.,married,secondary,no,2574.0,yes,no,cellular,15,may,432.0,1,176,1,failure,yes
31.0,management,single,tertiary,no,2734.0,yes,no,cellular,15,may,858.0,3,-1,0,unknown,yes
42.0,admin.,divorced,secondary,no,241.0,yes,no,cellular,15,may,1012.0,3,-1,0,unknown,yes
51.0,blue-collar,married,primary,no,129.0,yes,no,cellular,15,may,611.0,2,-1,0,unknown,yes
28.0,management,single,tertiary,no,41.0,yes,no,,15,may,885.0,3,352,2,other,yes
32.0,management,married,tertiary,no,3387.0,yes,no,cellular,15,may,1111.0,5,-1,0,unknown,yes
36.0,admin.,single,secondary,no,148.0,yes,no,cellular,15,may,1357.0,4,374,2,failure,yes
36.0,blue-collar,married,secondary,no,249.0,yes,no,cellular,15,may,709.0,5,-1,0,unknown,yes
38.0,self-employed,single,tertiary,no,5774.0,yes,no,cellular,15,may,406.0,4,359,5,other,yes
36.0,services,single,secondary,no,0.0,yes,no,cellular,15,may,1002.0,4,-1,0,unknown,yes
40.0,blue-collar,married,primary,no,1841.0,yes,no,cellular,15,may,880.0,4,-1,0,unknown,yes
37.0,blue-collar,married,primary,no,2120.0,yes,no,cellular,15,may,655.0,3,175,4,failure,yes
51.0,management,single,tertiary,no,297.0,yes,no,cellular,15,may,415.0,4,375,1,failure,yes
34.0,services,divorced,secondary,no,89.0,yes,no,cellular,15,may,1871.0,4,-1,0,unknown,yes
56.0,blue-collar,married,primary,no,827.0,yes,no,telephone,15,may,462.0,4,-1,0,unknown,yes
35.0,blue-collar,married,secondary,no,205.0,yes,yes,cellular,15,may,1313.0,7,312,1,failure,yes
34.0,technician,married,tertiary,no,3743.0,yes,no,cellular,18,may,722.0,4,-1,0,unknown,yes
39.0,services,married,secondary,no,117.0,yes,no,cellular,18,may,1032.0,2,-1,0,unknown,yes
29.0,blue-collar,married,secondary,no,-493.0,yes,no,cellular,18,may,536.0,2,334,4,failure,yes
33.0,management,single,tertiary,no,62.0,yes,no,cellular,18,may,473.0,3,-1,0,unknown,yes
40.0,admin.,single,secondary,no,2040.0,yes,no,cellular,18,may,906.0,2,350,2,failure,yes
22.0,services,single,secondary,no,344.0,yes,no,cellular,18,may,347.0,1,-1,0,unknown,yes
32.0,technician,single,secondary,no,230.0,yes,no,cellular,18,may,442.0,1,266,8,failure,yes
33.0,admin.,single,secondary,no,1277.0,yes,no,cellular,18,may,827.0,1,-1,0,unknown,yes
29.0,blue-collar,married,secondary,no,104.0,yes,no,cellular,18,may,903.0,4,-1,0,unknown,yes
29.0,technician,single,secondary,no,706.0,yes,no,cellular,18,may,1340.0,1,-1,0,unknown,yes
24.0,blue-collar,single,secondary,no,174.0,yes,yes,cellular,18,may,487.0,1,-1,0,unknown,yes
31.0,blue-collar,single,secondary,no,239.0,yes,no,cellular,18,may,666.0,1,360,1,success,yes
27.0,blue-collar,single,secondary,no,513.0,yes,yes,cellular,18,may,351.0,1,-1,0,unknown,yes
32.0,management,single,tertiary,no,7290.0,yes,no,cellular,18,may,357.0,1,-1,0,unknown,yes
30.0,blue-collar,single,secondary,no,5909.0,yes,no,cellular,18,may,420.0,2,-1,0,unknown,yes
27.0,services,single,secondary,no,-195.0,yes,no,cellular,18,may,391.0,1,-1,0,unknown,yes
55.0,blue-collar,married,secondary,no,3917.0,yes,no,cellular,18,may,565.0,1,-1,0,unknown,yes
28.0,admin.,single,secondary,no,352.0,yes,yes,cellular,18,may,431.0,1,-1,0,unknown,yes
29.0,technician,single,tertiary,no,615.0,yes,no,cellular,18,may,373.0,1,-1,0,unknown,yes
55.0,retired,divorced,tertiary,no,0.0,no,no,cellular,18,may,616.0,1,370,1,success,yes
25.0,blue-collar,single,secondary,no,217.0,yes,no,cellular,18,may,504.0,1,-1,0,unknown,yes
36.0,housemaid,single,secondary,no,1015.0,yes,no,cellular,18,may,1008.0,1,347,2,success,yes
27.0,blue-collar,married,unknown,no,409.0,yes,no,cellular,18,may,525.0,1,-1,0,,yes
25.0,services,single,secondary,no,1119.0,yes,no,cellular,18,may,1063.0,1,-1,0,unknown,yes
32.0,blue-collar,single,primary,no,12198.0,yes,no,cellular,18,may,178.0,1,-1,0,unknown,yes
33.0,admin.,single,tertiary,no,235.0,yes,no,cellular,18,may,525.0,1,-1,0,unknown,yes
38.0,entrepreneur,married,tertiary,no,170.0,yes,no,cellular,18,may,442.0,1,-1,0,unknown,yes
45.0,technician,divorced,secondary,no,-357.0,yes,yes,cellular,18,may,618.0,1,355,2,failure,yes
30.0,blue-collar,single,secondary,no,2145.0,yes,no,cellular,18,may,727.0,2,-1,0,unknown,yes
32.0,blue-collar,married,primary,no,-454.0,yes,yes,cellular,18,may,801.0,5,355,2,,yes
26.0,blue-collar,single,primary,no,-887.0,yes,no,cellular,18,may,827.0,2,-1,0,unknown,yes
25.0,blue-collar,single,primary,no,292.0,yes,yes,cellular,18,may,1027.0,2,-1,0,unknown,yes
33.0,blue-collar,married,secondary,no,139.0,yes,yes,cellular,18,may,732.0,2,291,5,failure,yes
32.0,technician,single,tertiary,no,2684.0,yes,no,cellular,18,may,542.0,2,-1,0,unknown,yes
34.0,blue-collar,married,primary,no,-1.0,yes,no,cellular,18,may,1057.0,6,355,1,other,yes
29.0,management,married,tertiary,no,1387.0,yes,no,cellular,18,may,256.0,2,-1,0,unknown,yes
28.0,,married,secondary,no,-522.0,yes,yes,cellular,18,may,638.0,2,-1,0,unknown,yes
38.0,technician,single,secondary,no,-242.0,yes,no,cellular,18,may,1173.0,3,278,6,success,yes
35.0,services,single,secondary,no,719.0,yes,no,cellular,18,may,1359.0,3,368,3,failure,yes
28.0,admin.,single,secondary,no,0.0,yes,yes,cellular,18,may,390.0,5,-1,0,unknown,yes
29.0,unemployed,single,tertiary,no,497.0,yes,no,cellular,18,may,642.0,3,298,6,success,yes
20.0,blue-collar,single,secondary,no,76.0,yes,no,cellular,18,may,639.0,2,-1,0,unknown,yes
45.0,admin.,divorced,secondary,no,397.0,yes,yes,cellular,22,may,582.0,1,95,2,success,yes
37.0,management,married,tertiary,no,3723.0,no,no,cellular,22,may,354.0,1,-1,0,unknown,yes
32.0,technician,single,tertiary,no,1625.0,no,no,cellular,22,may,796.0,1,109,1,failure,yes
59.0,admin.,married,secondary,no,106.0,no,no,cellular,22,may,186.0,1,-1,0,unknown,yes
37.0,services,married,secondary,no,1543.0,yes,no,cellular,22,may,298.0,1,10,6,failure,yes
59.0,management,married,tertiary,no,2239.0,no,no,cellular,22,may,431.0,1,-1,0,unknown,yes
27.0,technician,divorced,secondary,no,1977.0,yes,no,cellular,22,may,449.0,1,-1,0,unknown,yes
39.0,management,single,tertiary,no,0.0,yes,no,cellular,22,may,271.0,1,93,3,success,yes
43.0,services,married,secondary,no,2145.0,no,no,cellular,22,may,271.0,1,183,3,failure,yes
39.0,technician,married,secondary,no,116.0,no,no,cellular,22,may,554.0,2,-1,0,unknown,yes
26.0,student,single,secondary,no,620.0,no,no,cellular,22,may,223.0,1,94,1,success,yes
39.0,management,single,tertiary,no,307.0,no,no,cellular,22,may,182.0,2,-1,0,unknown,yes
43.0,management,divorced,unknown,no,7702.0,no,no,cellular,22,may,460.0,1,95,2,success,yes
27.0,student,single,tertiary,no,3733.0,yes,no,cellular,22,may,198.0,1,98,6,success,yes
32.0,services,single,secondary,no,3993.0,no,no,cellular,22,may,148.0,2,-1,0,unknown,yes
,management,single,tertiary,no,428.0,no,no,cellular,22,may,293.0,2,-1,0,unknown,yes
42.0,management,married,primary,no,5310.0,yes,no,cellular,22,may,545.0,2,186,1,success,yes
53.0,blue-collar,married,unknown,no,2509.0,no,no,telephone,22,may,231.0,2,-1,0,unknown,yes
36.0,management,married,tertiary,no,255.0,no,no,cellular,22,may,970.0,2,92,2,other,yes
27.0,management,single,tertiary,no,616.0,yes,no,cellular,22,may,685.0,1,101,1,other,yes
43.0,admin.,single,secondary,no,733.0,yes,no,cellular,25,may,282.0,1,187,3,success,yes
60.0,retired,divorced,tertiary,no,439.0,no,yes,cellular,25,may,464.0,1,321,1,failure,yes
29.0,technician,single,secondary,no,590.0,no,no,cellular,25,may,124.0,1,-1,0,unknown,yes
26.0,blue-collar,single,tertiary,no,567.0,no,no,cellular,25,may,421.0,1,-1,0,unknown,yes
26.0,student,single,unknown,no,689.0,no,no,cellular,25,may,678.0,2,-1,0,unknown,yes
28.0,technician,single,tertiary,no,386.0,no,no,cellular,25,may,867.0,1,-1,0,unknown,yes
28.0,technician,single,tertiary,no,0.0,yes,no,cellular,25,may,269.0,1,40,2,failure,yes
28.0,management,single,tertiary,no,957.0,no,no,cellular,25,may,915.0,2,-1,0,unknown,yes
40.0,technician,married,secondary,no,312.0,no,no,cellular,25,may,612.0,7,-1,0,unknown,yes
24.0,blue-collar,single,secondary,no,167.0,no,yes,cellular,25,may,288.0,1,96,2,success,yes
56.0,retired,divorced,tertiary,no,13094.0,no,no,cellular,25,may,1064.0,1,-1,0,unknown,yes
34.0,management,single,tertiary,no,5086.0,no,no,cellular,25,may,213.0,4,-1,0,unknown,yes
28.0,admin.,single,secondary,no,707.0,yes,no,cellular,25,may,226.0,1,-1,0,unknown,yes
37.0,services,married,secondary,no,466.0,yes,yes,cellular,25,may,377.0,1,-1,0,unknown,yes
32.0,services,single,secondary,no,152.0,yes,no,cellular,25,may,158.0,2,-1,0,unknown,yes
43.0,technician,divorced,secondary,no,1612.0,no,no,cellular,25,may,262.0,2,353,1,other,yes
36.0,technician,married,tertiary,no,911.0,yes,yes,cellular,25,may,117.0,2,21,3,failure,yes
35.0,technician,single,secondary,no,27.0,yes,no,cellular,25,may,214.0,1,305,1,other,yes
29.0,technician,single,secondary,no,6.0,no,no,cellular,25,may,315.0,1,-1,0,unknown,yes
27.0,student,single,secondary,no,253.0,no,no,cellular,25,may,242.0,2,-1,0,unknown,yes
32.0,technician,single,tertiary,no,705.0,yes,no,cellular,25,may,414.0,2,35,4,failure,yes
33.0,technician,single,tertiary,no,109.0,yes,yes,cellular,25,may,601.0,2,10,7,failure,yes
24.0,student,single,secondary,no,23878.0,no,no,cellular,26,may,133.0,1,97,1,success,yes
58.0,technician,married,secondary,no,3399.0,no,no,cellular,26,may,,1,97,7,other,yes
43.0,management,married,tertiary,no,79.0,no,no,cellular,26,may,640.0,1,-1,0,unknown,yes
124.0,management,married,tertiary,no,243.0,no,no,cellular,26,may,,1,-1,0,unknown,yes
31.0,technician,single,secondary,no,138.0,no,no,cellular,26,may,91.0,1,285,2,other,yes
25.0,management,single,tertiary,no,1317.0,no,no,,26,may,176.0,1,-1,0,unknown,yes
58.0,retired,married,secondary,no,2714.0,no,no,cellular,26,may,165.0,1,287,2,failure,yes
48.0,management,divorced,tertiary,no,17964.0,yes,no,cellular,26,may,208.0,2,96,3,other,yes
60.0,retired,married,tertiary,no,846.0,no,no,telephone,26,may,1346.0,1,-1,0,unknown,yes
25.0,student,single,tertiary,no,326.0,no,no,cellular,26,may,390.0,1,-1,0,unknown,yes
26.0,student,single,secondary,no,100.0,no,no,cellular,26,may,445.0,1,-1,0,unknown,yes
25.0,student,single,,no,304.0,no,no,cellular,26,may,226.0,2,-1,0,unknown,yes
26.0,student,single,tertiary,no,39.0,no,no,cellular,26,may,396.0,3,-1,0,unknown,yes
32.0,management,single,tertiary,no,312.0,no,no,cellular,26,may,208.0,2,98,2,success,yes
25.0,admin.,married,tertiary,no,906.0,no,no,cellular,26,may,253.0,1,-1,0,unknown,yes
21.0,admin.,single,secondary,no,524.0,no,no,cellular,26,may,185.0,1,-1,0,unknown,yes
41.0,self-employed,single,tertiary,no,1081.0,no,no,cellular,27,may,229.0,3,-1,0,unknown,yes
30.0,admin.,single,secondary,no,983.0,yes,no,cellular,27,may,189.0,2,-1,0,unknown,yes
47.0,admin.,divorced,secondary,no,2232.0,no,no,cellular,27,may,439.0,1,103,1,success,yes
37.0,admin.,married,secondary,no,1967.0,no,no,cellular,27,may,242.0,1,212,1,success,yes
34.0,admin.,married,secondary,no,1406.0,yes,no,cellular,27,may,145.0,1,-1,0,unknown,yes
28.0,admin.,single,secondary,no,157.0,no,no,cellular,27,may,155.0,3,-1,0,unknown,yes
24.0,admin.,single,tertiary,no,0.0,yes,no,cellular,27,may,,2,-1,0,unknown,yes
26.0,admin.,single,secondary,no,2509.0,no,no,cellular,27,may,776.0,3,97,3,success,yes
35.0,technician,married,secondary,no,1368.0,no,no,cellular,27,may,329.0,1,41,2,other,yes
54.0,retired,divorced,tertiary,no,3076.0,no,no,cellular,27,may,367.0,2,-1,0,unknown,yes
44.0,management,married,tertiary,no,7818.0,no,no,cellular,27,may,412.0,1,-1,0,unknown,yes
,admin.,single,secondary,no,4118.0,no,no,telephone,27,may,165.0,1,-1,0,unknown,yes
25.0,admin.,single,tertiary,no,760.0,yes,no,cellular,27,may,223.0,3,89,2,failure,yes
25.0,student,single,unknown,no,277.0,no,no,cellular,27,may,311.0,2,-1,0,unknown,yes
50.0,management,married,tertiary,no,253.0,no,no,cellular,28,may,513.0,9,-1,0,unknown,yes
55.0,admin.,married,secondary,no,602.0,no,no,cellular,1,jun,324.0,3,90,2,success,yes
57.0,management,married,tertiary,no,473.0,no,no,cellular,1,jun,295.0,1,-1,0,unknown,yes
48.0,management,married,tertiary,no,1167.0,yes,yes,cellular,1,jun,264.0,1,-1,0,unknown,yes
25.0,unemployed,single,tertiary,no,343.0,no,no,cellular,1,jun,377.0,1,-1,0,unknown,yes
49.0,management,married,tertiary,no,1808.0,yes,no,cellular,1,jun,205.0,1,95,1,success,yes
25.0,technician,single,secondary,no,1199.0,no,no,cellular,1,jun,287.0,1,-1,0,unknown,yes
38.0,housemaid,divorced,secondary,no,70.0,no,no,cellular,1,jun,263.0,1,-1,0,unknown,yes
45.0,blue-collar,married,secondary,no,1723.0,no,no,cellular,1,jun,166.0,2,-1,0,unknown,yes
33.0,management,married,tertiary,no,1323.0,no,no,cellular,1,jun,327.0,1,-1,0,unknown,yes
45.0,admin.,married,tertiary,no,2552.0,no,no,cellular,1,jun,69.0,1,293,7,failure,yes
26.0,management,single,secondary,no,2613.0,no,no,cellular,1,jun,326.0,1,-1,0,unknown,yes
49.0,admin.,married,secondary,no,0.0,no,no,cellular,1,jun,1460.0,1,-1,0,unknown,yes
25.0,technician,single,secondary,no,938.0,no,no,cellular,1,jun,1048.0,1,-1,0,unknown,yes
53.0,technician,married,secondary,no,284.0,no,no,cellular,1,jun,781.0,1,-1,0,unknown,yes
43.0,management,married,tertiary,no,1059.0,no,yes,cellular,1,jun,335.0,2,-1,0,unknown,yes
49.0,technician,married,secondary,no,1684.0,no,yes,cellular,1,jun,412.0,2,-1,0,unknown,yes
54.0,management,married,tertiary,no,534.0,no,no,cellular,1,jun,177.0,2,-1,0,unknown,yes
47.0,technician,married,secondary,no,293.0,no,no,cellular,1,jun,251.0,1,90,1,success,yes
34.0,blue-collar,married,secondary,no,262.0,no,no,cellular,1,jun,339.0,1,-1,0,unknown,yes
54.0,services,divorced,secondary,no,0.0,no,no,cellular,1,jun,174.0,1,81,2,success,yes
43.0,management,divorced,tertiary,no,2367.0,no,no,cellular,1,jun,114.0,1,38,2,other,yes
23.0,services,single,secondary,no,31.0,no,no,cellular,1,jun,192.0,1,-1,0,unknown,yes
48.0,management,married,tertiary,no,3842.0,no,no,cellular,1,jun,215.0,2,-1,0,unknown,yes
30.0,self-employed,single,tertiary,no,3343.0,no,no,cellular,1,jun,235.0,1,-1,0,unknown,yes
38.0,unemployed,single,secondary,no,804.0,no,no,cellular,1,jun,1087.0,1,-1,0,unknown,yes
34.0,student,single,unknown,no,1011.0,no,no,cellular,1,jun,253.0,1,-1,0,unknown,yes
52.0,admin.,single,secondary,no,-528.0,yes,yes,cellular,1,jun,1144.0,2,-1,0,unknown,yes
27.0,management,single,tertiary,no,1840.0,no,no,cellular,1,jun,220.0,1,28,8,other,yes
40.0,blue-collar,married,secondary,no,1451.0,no,no,cellular,1,jun,314.0,1,-1,0,unknown,yes
47.0,management,married,tertiary,no,2351.0,no,no,cellular,2,jun,163.0,2,84,1,success,yes
26.0,management,single,tertiary,no,1623.0,no,no,cellular,2,jun,479.0,1,-1,0,unknown,yes
37.0,admin.,married,secondary,no,597.0,no,no,cellular,2,jun,395.0,1,-1,0,unknown,yes
34.0,management,married,tertiary,no,611.0,no,no,cellular,2,jun,350.0,1,-1,0,unknown,yes
26.0,admin.,single,tertiary,no,313.0,no,yes,cellular,2,jun,199.0,1,96,2,success,yes
44.0,management,married,tertiary,no,1954.0,no,no,cellular,2,jun,294.0,1,-1,0,unknown,yes
29.0,management,single,tertiary,no,307.0,yes,no,cellular,2,jun,690.0,1,-1,0,unknown,yes
40.0,unemployed,single,tertiary,no,7968.0,no,no,cellular,2,jun,596.0,1,-1,0,unknown,yes
43.0,blue-collar,married,secondary,no,2160.0,no,no,cellular,2,jun,169.0,1,-1,0,unknown,yes
52.0,technician,divorced,secondary,no,1005.0,yes,no,cellular,2,jun,195.0,1,-1,0,unknown,yes
38.0,admin.,married,tertiary,no,1988.0,no,no,cellular,2,jun,103.0,1,67,4,success,yes
33.0,services,divorced,secondary,no,1117.0,no,no,cellular,2,jun,417.0,1,-1,0,unknown,yes
50.0,technician,married,secondary,no,3370.0,no,no,cellular,2,jun,160.0,2,-1,0,unknown,yes
53.0,admin.,married,secondary,no,109.0,no,no,telephone,2,jun,270.0,1,-1,0,unknown,yes
42.0,services,married,secondary,no,1376.0,yes,no,cellular,2,jun,271.0,2,92,4,success,yes
49.0,technician,married,tertiary,no,523.0,yes,no,cellular,2,jun,712.0,1,60,3,failure,yes
27.0,technician,single,tertiary,no,15161.0,no,no,cellular,2,jun,74.0,1,120,1,success,yes
32.0,admin.,married,tertiary,no,653.0,no,no,cellular,2,jun,84.0,1,-1,0,unknown,yes
31.0,student,single,tertiary,no,64.0,no,no,cellular,2,jun,261.0,2,-1,0,unknown,yes
29.0,technician,single,secondary,no,1165.0,no,no,cellular,2,jun,245.0,1,-1,0,unknown,yes
49.0,services,married,secondary,no,7019.0,yes,no,cellular,2,jun,263.0,1,368,3,failure,yes
46.0,blue-collar,married,secondary,no,1568.0,yes,no,cellular,2,jun,310.0,1,55,6,other,yes
57.0,blue-collar,married,primary,no,3109.0,no,no,cellular,2,jun,482.0,2,-1,0,unknown,yes
28.0,technician,single,tertiary,no,4987.0,no,no,cellular,2,jun,,2,113,21,success,yes
37.0,entrepreneur,married,tertiary,no,189.0,no,no,cellular,2,jun,253.0,2,-1,0,unknown,yes
38.0,blue-collar,married,secondary,no,2467.0,no,no,cellular,2,jun,192.0,1,-1,0,unknown,yes
49.0,management,married,tertiary,no,5887.0,no,no,cellular,2,jun,181.0,3,293,2,failure,yes
35.0,technician,married,tertiary,no,1354.0,no,no,cellular,2,jun,250.0,2,-1,0,unknown,yes
29.0,technician,married,secondary,no,23.0,yes,no,cellular,2,jun,163.0,1,55,2,failure,yes
52.0,technician,married,secondary,no,0.0,no,no,cellular,2,jun,541.0,3,-1,0,unknown,yes
34.0,unemployed,married,secondary,no,978.0,no,no,cellular,3,jun,262.0,2,71,1,success,yes
60.0,technician,married,secondary,no,294.0,no,no,telephone,3,jun,206.0,4,-1,0,unknown,yes
32.0,self-employed,married,secondary,no,409.0,no,no,cellular,3,jun,115.0,2,86,2,success,yes
27.0,admin.,single,secondary,no,261.0,yes,yes,cellular,3,jun,592.0,4,-1,0,unknown,yes
,entrepreneur,married,secondary,no,27624.0,no,no,telephone,3,jun,437.0,1,-1,0,unknown,yes
,management,single,tertiary,no,3846.0,no,no,cellular,3,jun,313.0,2,-1,0,unknown,yes
42.0,blue-collar,married,secondary,no,2913.0,no,no,cellular,3,jun,705.0,1,195,1,failure,yes
33.0,management,divorced,tertiary,no,2240.0,no,no,cellular,3,jun,198.0,1,-1,0,unknown,yes
29.0,blue-collar,married,primary,no,5.0,no,no,cellular,3,jun,321.0,1,-1,0,unknown,yes
39.0,admin.,married,secondary,no,150.0,no,no,cellular,3,jun,296.0,4,-1,0,unknown,yes
31.0,technician,single,tertiary,no,882.0,no,no,cellular,3,jun,411.0,1,-1,0,unknown,yes
60.0,management,divorced,tertiary,no,366.0,no,no,cellular,3,jun,593.0,1,-1,0,unknown,yes
25.0,student,single,tertiary,no,1189.0,no,no,cellular,3,jun,165.0,1,-1,0,unknown,yes
45.0,admin.,married,secondary,no,204.0,yes,no,cellular,3,jun,224.0,2,-1,0,unknown,yes
29.0,management,single,tertiary,no,637.0,yes,no,cellular,3,jun,340.0,1,119,1,failure,yes
55.0,management,divorced,tertiary,no,,no,no,cellular,3,jun,591.0,2,-1,0,unknown,yes
26.0,technician,single,secondary,no,1231.0,yes,no,cellular,3,jun,385.0,2,96,5,success,yes
30.0,management,single,tertiary,no,3340.0,no,no,cellular,3,jun,238.0,3,-1,0,unknown,yes
54.0,admin.,divorced,secondary,no,,no,no,cellular,3,jun,170.0,1,-1,0,unknown,yes
39.0,blue-collar,single,tertiary,no,48.0,no,no,cellular,3,jun,539.0,1,-1,0,unknown,yes
26.0,management,single,tertiary,no,2786.0,no,no,cellular,3,jun,300.0,2,72,1,success,yes
57.0,retired,married,secondary,no,5313.0,no,no,cellular,3,jun,200.0,1,-1,0,unknown,yes
39.0,unemployed,married,tertiary,no,201.0,no,no,cellular,3,jun,699.0,1,119,1,,yes
25.0,blue-collar,single,secondary,no,389.0,no,no,cellular,3,jun,837.0,1,-1,0,unknown,yes
43.0,blue-collar,married,primary,no,3917.0,no,no,cellular,3,jun,725.0,2,93,1,success,yes
32.0,blue-collar,married,secondary,no,889.0,yes,no,cellular,3,jun,1076.0,2,85,3,other,yes
43.0,management,divorced,tertiary,no,481.0,yes,no,cellular,3,jun,187.0,1,20,1,other,yes
50.0,management,divorced,tertiary,no,810.0,no,no,cellular,4,jun,510.0,3,-1,0,unknown,yes
35.0,services,married,secondary,no,52.0,yes,no,cellular,4,jun,328.0,2,94,4,success,yes
37.0,management,married,tertiary,no,108.0,yes,yes,cellular,4,jun,262.0,2,-1,0,unknown,yes
42.0,admin.,single,secondary,no,684.0,no,no,cellular,4,jun,207.0,1,-1,0,unknown,yes
27.0,management,married,secondary,no,2071.0,no,no,cellular,4,jun,449.0,1,-1,0,unknown,yes
27.0,services,single,secondary,no,339.0,no,no,cellular,4,jun,182.0,1,-1,0,unknown,yes
29.0,management,single,tertiary,no,572.0,no,no,cellular,4,jun,224.0,1,-1,0,unknown,yes
29.0,student,single,secondary,no,1779.0,no,no,cellular,4,jun,400.0,1,-1,0,unknown,yes
26.0,student,single,secondary,no,132.0,no,no,cellular,4,jun,217.0,1,-1,0,unknown,yes
39.0,admin.,single,tertiary,no,22086.0,no,no,cellular,4,jun,160.0,1,-1,0,unknown,yes
41.0,services,married,secondary,no,0.0,yes,yes,cellular,4,jun,352.0,2,122,2,failure,yes
29.0,management,married,tertiary,no,205.0,no,no,cellular,4,jun,787.0,1,-1,0,unknown,yes
33.0,technician,single,tertiary,no,317.0,yes,no,cellular,4,jun,323.0,1,80,14,other,yes
32.0,,married,tertiary,no,4945.0,no,no,cellular,4,jun,160.0,1,119,2,other,yes
30.0,management,married,tertiary,no,419.0,yes,no,cellular,4,jun,194.0,1,-1,0,unknown,yes
38.0,technician,single,secondary,no,1130.0,no,no,cellular,4,jun,96.0,2,98,1,success,yes
55.0,admin.,married,secondary,no,1662.0,no,no,cellular,4,jun,94.0,2,-1,0,unknown,yes
25.0,admin.,single,secondary,no,1871.0,no,no,cellular,4,jun,136.0,1,-1,0,unknown,yes
38.0,entrepreneur,divorced,secondary,no,1190.0,yes,no,cellular,4,jun,81.0,2,391,3,failure,yes
35.0,blue-collar,married,secondary,no,563.0,no,yes,cellular,4,jun,147.0,1,119,3,failure,yes
31.0,unemployed,married,secondary,no,6.0,no,no,cellular,4,jun,121.0,4,-1,0,unknown,yes
25.0,services,single,secondary,no,594.0,no,no,cellular,4,jun,89.0,2,-1,0,unknown,yes
31.0,management,single,tertiary,no,617.0,no,no,cellular,4,jun,1161.0,1,97,2,success,yes
27.0,student,single,secondary,no,538.0,no,no,cellular,4,jun,124.0,2,-1,0,unknown,yes
34.0,admin.,single,secondary,no,303.0,no,no,cellular,4,jun,282.0,3,126,3,failure,yes
40.0,admin.,single,secondary,no,985.0,yes,no,cellular,4,jun,592.0,3,50,8,failure,yes
27.0,admin.,married,secondary,no,897.0,no,no,cellular,5,jun,397.0,1,-1,0,unknown,yes
28.0,management,single,secondary,no,171.0,no,no,cellular,5,jun,324.0,1,87,1,success,yes
28.0,management,single,secondary,no,1633.0,no,no,cellular,5,jun,275.0,1,-1,0,unknown,yes
35.0,admin.,divorced,secondary,no,1085.0,no,no,cellular,5,jun,199.0,1,86,7,success,yes
58.0,retired,married,primary,no,1980.0,no,no,cellular,5,jun,255.0,1,-1,0,unknown,yes
44.0,technician,married,tertiary,no,1933.0,no,no,cellular,5,jun,462.0,1,-1,0,unknown,yes
57.0,retired,married,secondary,no,1841.0,no,no,telephone,5,jun,302.0,1,-1,0,unknown,yes
25.0,self-employed,single,tertiary,no,42.0,yes,no,cellular,5,jun,149.0,1,94,1,success,yes
21.0,student,single,secondary,no,794.0,no,no,cellular,5,jun,191.0,1,-1,0,unknown,yes
49.0,technician,married,secondary,no,905.0,no,no,cellular,5,jun,1543.0,1,-1,0,unknown,yes
54.0,management,married,tertiary,no,8295.0,no,no,cellular,5,jun,207.0,1,-1,0,unknown,yes
59.0,retired,married,primary,no,0.0,no,no,cellular,5,jun,493.0,2,-1,0,unknown,yes
28.0,management,single,tertiary,no,874.0,yes,no,cellular,5,jun,509.0,1,-1,0,unknown,yes
37.0,blue-collar,married,secondary,no,4321.0,no,no,cellular,5,jun,657.0,1,-1,0,unknown,yes
30.0,technician,single,tertiary,no,0.0,yes,no,cellular,5,jun,159.0,2,-1,0,unknown,yes
35.0,housemaid,single,primary,no,745.0,no,no,telephone,5,jun,522.0,3,-1,0,unknown,yes
31.0,management,single,tertiary,no,924.0,no,no,cellular,5,jun,207.0,2,98,1,success,yes
41.0,unemployed,single,primary,no,216.0,no,no,cellular,5,jun,577.0,3,-1,0,unknown,yes
30.0,unemployed,single,tertiary,no,1159.0,no,no,telephone,5,jun,366.0,1,-1,0,unknown,yes
28.0,self-employed,single,tertiary,no,3290.0,no,no,cellular,5,jun,201.0,2,-1,0,unknown,yes
31.0,unemployed,single,secondary,no,582.0,yes,no,cellular,5,jun,548.0,2,-1,0,unknown,yes
53.0,management,divorced,tertiary,no,380.0,no,yes,cellular,5,jun,438.0,2,-1,0,unknown,yes
22.0,blue-collar,single,secondary,no,682.0,no,no,cellular,5,jun,126.0,2,91,1,success,yes
36.0,services,married,primary,no,92.0,yes,no,cellular,5,jun,244.0,7,-1,0,unknown,yes
33.0,technician,single,secondary,no,66.0,no,no,cellular,5,jun,157.0,2,-1,0,unknown,yes
31.0,technician,single,tertiary,no,252.0,no,no,cellular,8,jun,107.0,3,-1,0,unknown,yes
49.0,admin.,married,tertiary,no,6574.0,no,no,cellular,8,jun,138.0,3,-1,0,unknown,yes
51.0,self-employed,married,unknown,no,2094.0,no,no,cellular,8,jun,458.0,6,-1,0,unknown,yes
34.0,technician,married,secondary,no,294.0,yes,no,cellular,8,jun,301.0,3,-1,0,unknown,yes
35.0,blue-collar,married,primary,no,1177.0,no,no,cellular,8,jun,243.0,4,-1,0,unknown,yes
32.0,admin.,single,tertiary,no,8866.0,no,no,cellular,9,jun,234.0,2,83,2,success,yes
36.0,entrepreneur,divorced,tertiary,no,3407.0,no,no,cellular,9,jun,993.0,4,85,4,success,yes
31.0,management,single,tertiary,no,5205.0,no,no,cellular,9,jun,529.0,2,-1,0,unknown,yes
25.0,technician,single,tertiary,no,3630.0,no,no,telephone,9,jun,221.0,7,-1,0,unknown,yes
25.0,services,single,tertiary,no,12.0,no,no,cellular,12,jun,126.0,6,-1,0,unknown,yes
60.0,management,married,secondary,no,544.0,no,no,cellular,12,jun,95.0,7,357,2,failure,yes
40.0,self-employed,single,tertiary,no,10346.0,no,no,cellular,15,jun,491.0,2,207,1,other,yes
50.0,management,married,tertiary,no,1612.0,no,no,cellular,15,jun,532.0,2,98,2,other,yes
32.0,management,single,tertiary,no,718.0,yes,no,cellular,15,jun,95.0,1,-1,0,unknown,yes
60.0,admin.,married,secondary,no,3547.0,no,no,telephone,15,jun,351.0,6,-1,0,unknown,yes
32.0,services,married,secondary,no,914.0,no,no,cellular,15,jun,372.0,1,-1,0,unknown,yes
52.0,entrepreneur,married,secondary,no,1306.0,no,no,cellular,15,jun,288.0,1,-1,0,unknown,yes
59.0,technician,married,secondary,no,259.0,no,no,cellular,15,jun,415.0,1,89,1,success,yes
56.0,retired,married,secondary,no,-1206.0,yes,no,cellular,15,jun,382.0,2,-1,0,unknown,yes
47.0,management,single,tertiary,no,372.0,no,no,cellular,15,jun,257.0,1,-1,0,unknown,yes
43.0,management,married,tertiary,no,,no,no,cellular,15,jun,181.0,2,-1,0,unknown,yes
25.0,services,single,secondary,no,505.0,no,no,cellular,15,jun,284.0,1,-1,0,unknown,yes
31.0,student,single,secondary,no,1776.0,no,no,cellular,15,jun,220.0,1,207,1,other,yes
27.0,management,single,tertiary,no,20585.0,no,no,cellular,15,jun,188.0,1,-1,0,unknown,yes
26.0,admin.,married,secondary,no,1595.0,no,no,cellular,15,jun,155.0,1,105,1,failure,yes
37.0,admin.,single,tertiary,no,1000.0,yes,no,cellular,15,jun,322.0,1,90,1,success,yes
27.0,admin.,single,tertiary,no,138.0,no,no,cellular,15,jun,89.0,2,-1,0,unknown,yes
49.0,management,married,tertiary,no,561.0,no,no,cellular,15,jun,173.0,1,-1,0,unknown,yes
26.0,management,single,tertiary,no,170.0,no,no,cellular,15,jun,129.0,1,-1,0,unknown,yes
28.0,management,single,tertiary,no,502.0,no,no,cellular,16,jun,136.0,2,-1,0,unknown,yes
33.0,blue-collar,married,secondary,no,379.0,yes,yes,cellular,16,jun,263.0,2,-1,0,unknown,yes
31.0,technician,married,unknown,no,14533.0,no,no,cellular,16,jun,245.0,2,-1,0,unknown,yes
32.0,services,married,secondary,no,689.0,yes,yes,cellular,16,jun,162.0,3,-1,0,unknown,yes
30.0,technician,single,secondary,no,2567.0,no,no,cellular,18,jun,813.0,4,-1,0,unknown,yes
34.0,management,married,tertiary,no,443.0,no,no,cellular,18,jun,235.0,3,-1,0,unknown,yes
58.0,retired,married,primary,no,2074.0,no,no,cellular,18,jun,259.0,2,-1,0,unknown,yes
34.0,management,married,tertiary,no,2374.0,yes,yes,cellular,18,jun,270.0,2,314,2,failure,yes
26.0,services,single,secondary,no,1347.0,no,no,telephone,18,jun,280.0,6,92,5,other,yes
49.0,management,single,tertiary,no,7443.0,no,no,telephone,19,jun,293.0,5,211,2,failure,yes
57.0,management,married,tertiary,no,10583.0,no,no,cellular,22,jun,295.0,3,-1,0,unknown,yes
83.0,retired,married,primary,no,425.0,no,no,telephone,22,jun,883.0,1,140,1,failure,yes
61.0,management,married,tertiary,no,997.0,no,no,cellular,22,jun,269.0,1,104,1,success,yes
64.0,retired,married,secondary,no,5966.0,yes,no,cellular,22,jun,983.0,1,-1,0,unknown,yes
37.0,admin.,married,secondary,no,2061.0,yes,yes,cellular,22,jun,459.0,1,109,3,failure,yes
68.0,retired,married,secondary,no,0.0,no,no,cellular,22,jun,586.0,1,-1,0,unknown,yes
71.0,retired,married,tertiary,no,2887.0,no,no,cellular,30,jun,128.0,1,-1,0,unknown,yes
54.0,management,married,tertiary,no,1464.0,no,no,cellular,30,jun,157.0,1,-1,0,unknown,yes
37.0,management,married,tertiary,no,1315.0,no,no,cellular,30,jun,224.0,1,-1,0,unknown,yes
22.0,student,single,unknown,no,466.0,no,no,cellular,30,jun,377.0,1,-1,0,unknown,yes
44.0,management,married,tertiary,no,2383.0,no,no,cellular,1,jul,571.0,2,-1,0,unknown,yes
37.0,entrepreneur,married,tertiary,no,1649.0,no,yes,cellular,1,jul,140.0,3,-1,0,unknown,yes
72.0,self-employed,married,tertiary,no,132.0,no,no,cellular,1,jul,260.0,2,65,1,success,yes
69.0,retired,divorced,primary,no,482.0,no,no,cellular,2,jul,260.0,2,-1,0,unknown,yes
41.0,blue-collar,married,secondary,no,203.0,no,no,cellular,2,jul,342.0,2,-1,0,unknown,yes
44.0,blue-collar,married,secondary,no,88.0,yes,no,cellular,2,jul,275.0,1,-1,0,unknown,yes
32.0,services,single,secondary,no,2881.0,no,no,cellular,2,jul,356.0,1,-1,0,unknown,yes
79.0,retired,married,secondary,no,668.0,no,no,telephone,2,jul,363.0,1,-1,0,unknown,yes
33.0,technician,married,secondary,no,73.0,yes,no,cellular,2,jul,218.0,1,-1,0,unknown,yes
45.0,management,married,tertiary,no,1309.0,no,no,cellular,2,jul,367.0,1,-1,0,unknown,yes
40.0,management,married,tertiary,no,2763.0,yes,no,cellular,2,jul,566.0,1,395,2,success,yes
42.0,entrepreneur,married,secondary,no,2959.0,yes,no,telephone,2,jul,711.0,1,342,1,failure,yes
30.0,technician,single,secondary,no,930.0,no,no,cellular,2,jul,396.0,1,-1,0,unknown,yes
28.0,management,single,tertiary,no,12956.0,yes,no,cellular,2,jul,940.0,1,399,3,success,yes
58.0,housemaid,divorced,secondary,no,0.0,no,no,cellular,2,jul,478.0,2,-1,0,unknown,yes
39.0,admin.,divorced,secondary,no,19.0,yes,no,cellular,2,jul,503.0,2,147,5,success,yes
31.0,blue-collar,married,secondary,no,625.0,yes,no,cellular,2,jul,135.0,2,49,3,failure,yes
45.0,admin.,married,unknown,no,5511.0,no,no,cellular,2,jul,272.0,1,-1,0,unknown,yes
56.0,blue-collar,married,primary,no,1137.0,no,no,telephone,2,jul,176.0,1,-1,0,unknown,yes
46.0,management,divorced,tertiary,no,1329.0,no,no,cellular,3,jul,247.0,2,-1,0,unknown,yes
56.0,retired,married,secondary,no,1044.0,no,no,telephone,3,jul,353.0,2,-1,0,unknown,yes
27.0,services,single,secondary,no,302.0,no,no,cellular,3,jul,203.0,1,-1,0,unknown,yes
30.0,unemployed,married,tertiary,no,330.0,no,no,cellular,3,jul,264.0,1,80,1,success,yes
26.0,self-employed,single,tertiary,no,2857.0,no,no,cellular,3,jul,446.0,1,-1,0,unknown,yes
35.0,unemployed,single,primary,no,68.0,no,no,cellular,3,jul,175.0,1,-1,0,unknown,yes
52.0,blue-collar,married,primary,no,1524.0,no,no,cellular,3,jul,1007.0,6,-1,0,unknown,yes
54.0,admin.,married,secondary,no,1633.0,no,no,cellular,3,jul,409.0,2,-1,0,unknown,yes
41.0,entrepreneur,married,primary,no,0.0,no,no,cellular,3,jul,438.0,2,389,1,other,yes
24.0,management,single,tertiary,no,507.0,no,no,cellular,3,jul,257.0,1,-1,0,unknown,yes
28.0,blue-collar,single,secondary,no,643.0,no,no,cellular,3,jul,308.0,2,-1,0,unknown,yes
62.0,management,married,tertiary,no,2785.0,no,no,cellular,6,jul,270.0,3,-1,0,unknown,yes
52.0,technician,married,secondary,no,137.0,no,no,cellular,6,jul,227.0,2,-1,0,unknown,yes
23.0,services,single,secondary,no,870.0,no,no,cellular,6,jul,316.0,4,-1,0,unknown,yes
82.0,retired,married,primary,no,8603.0,no,no,cellular,7,jul,429.0,1,-1,0,unknown,yes
63.0,retired,married,secondary,no,18016.0,no,no,cellular,7,jul,371.0,1,-1,0,unknown,yes
32.0,admin.,married,secondary,no,51.0,yes,yes,cellular,7,jul,297.0,1,-1,0,unknown,yes
31.0,management,married,tertiary,no,1032.0,no,no,cellular,7,jul,284.0,1,-1,0,unknown,yes
37.0,services,married,secondary,no,981.0,no,no,cellular,7,jul,682.0,2,386,1,success,yes
40.0,technician,single,tertiary,no,431.0,no,no,cellular,7,jul,180.0,2,-1,0,unknown,yes
66.0,retired,married,secondary,no,203.0,no,no,cellular,7,jul,376.0,1,-1,0,unknown,yes
37.0,management,married,tertiary,no,3737.0,no,no,cellular,7,jul,224.0,1,-1,0,unknown,yes
38.0,unemployed,married,primary,no,7005.0,yes,no,cellular,7,jul,370.0,1,412,1,failure,yes
27.0,student,single,secondary,no,111.0,no,no,cellular,7,jul,495.0,2,-1,0,unknown,yes
58.0,retired,married,primary,no,565.0,no,no,telephone,7,jul,876.0,1,-1,0,unknown,yes
49.0,housemaid,married,primary,no,889.0,no,no,telephone,7,jul,388.0,1,-1,0,unknown,yes
31.0,management,single,secondary,no,202.0,yes,no,cellular,8,jul,167.0,1,62,1,failure,yes
31.0,management,single,tertiary,no,307.0,no,no,cellular,8,jul,361.0,1,229,2,failure,yes
38.0,student,married,unknown,no,0.0,no,no,cellular,8,jul,341.0,1,385,1,failure,yes
79.0,retired,married,primary,no,429.0,no,no,telephone,8,jul,1006.0,2,-1,0,unknown,yes
71.0,retired,married,tertiary,no,4388.0,no,no,cellular,8,jul,896.0,2,-1,0,unknown,yes
52.0,technician,married,tertiary,no,2557.0,no,no,cellular,8,jul,340.0,1,156,1,other,yes
55.0,management,married,unknown,no,3122.0,no,no,cellular,8,jul,349.0,1,-1,0,unknown,yes
46.0,blue-collar,married,secondary,no,922.0,yes,no,telephone,8,jul,576.0,1,-1,0,unknown,yes
28.0,management,single,tertiary,no,3796.0,no,no,cellular,8,jul,315.0,2,-1,0,,yes
22.0,student,single,secondary,no,185.0,no,no,cellular,8,jul,153.0,1,-1,0,unknown,yes
49.0,management,single,tertiary,no,151.0,yes,no,cellular,8,jul,97.0,3,-1,0,unknown,yes
20.0,student,single,unknown,no,829.0,no,no,cellular,9,jul,253.0,2,-1,0,unknown,yes
19.0,student,single,primary,no,103.0,no,no,cellular,10,jul,104.0,2,-1,0,unknown,yes
34.0,blue-collar,single,primary,no,79.0,no,no,telephone,10,jul,336.0,4,-1,0,unknown,yes
73.0,management,married,tertiary,no,1609.0,no,no,cellular,14,jul,169.0,2,-1,0,unknown,yes
27.0,management,single,tertiary,no,2489.0,no,no,cellular,15,jul,323.0,2,163,2,other,yes
59.0,blue-collar,divorced,primary,no,989.0,no,no,cellular,20,jul,125.0,2,-1,0,unknown,yes
25.0,student,single,tertiary,no,58.0,no,no,cellular,24,jul,139.0,5,-1,0,unknown,yes
44.0,entrepreneur,single,unknown,no,323.0,no,no,cellular,28,jul,332.0,2,181,2,failure,yes
28.0,management,single,tertiary,no,5474.0,no,no,cellular,28,jul,486.0,5,-1,0,unknown,yes
25.0,management,single,tertiary,no,219.0,no,no,cellular,4,aug,576.0,1,96,1,success,yes
28.0,management,married,tertiary,no,1240.0,no,no,cellular,4,aug,849.0,1,-1,0,unknown,yes
52.0,admin.,married,secondary,no,1228.0,yes,yes,cellular,4,aug,218.0,1,-1,0,unknown,yes
57.0,management,married,tertiary,no,1660.0,no,no,cellular,4,aug,642.0,1,-1,0,unknown,yes
49.0,management,divorced,tertiary,no,914.0,no,no,cellular,4,aug,185.0,1,-1,0,unknown,yes
33.0,technician,married,tertiary,no,1699.0,no,no,cellular,4,aug,600.0,1,-1,0,unknown,yes
47.0,technician,married,secondary,no,1167.0,yes,no,cellular,4,aug,505.0,1,96,6,success,yes
68.0,retired,married,secondary,no,19317.0,yes,no,cellular,4,aug,249.0,1,-1,0,unknown,yes
40.0,technician,single,tertiary,no,1646.0,yes,no,cellular,4,aug,173.0,1,92,5,success,yes
46.0,management,married,tertiary,no,242.0,no,no,cellular,4,aug,120.0,2,96,1,success,yes
29.0,technician,single,secondary,no,382.0,no,no,cellular,5,aug,409.0,4,-1,0,unknown,yes
55.0,management,divorced,tertiary,no,2383.0,no,no,cellular,5,aug,1019.0,2,63,2,success,yes
30.0,self-employed,married,tertiary,no,2666.0,no,no,,5,aug,475.0,2,93,4,success,yes
49.0,admin.,divorced,secondary,no,1718.0,no,yes,cellular,5,aug,211.0,1,-1,0,unknown,yes
48.0,management,married,tertiary,no,1147.0,no,no,cellular,5,aug,389.0,1,64,2,success,yes
21.0,student,single,secondary,no,216.0,no,no,,5,aug,414.0,1,-1,0,unknown,yes
45.0,admin.,married,secondary,no,153.0,no,no,cellular,5,aug,277.0,1,-1,0,unknown,yes
43.0,management,married,tertiary,no,1791.0,no,no,cellular,5,aug,254.0,1,-1,0,unknown,yes
47.0,management,single,tertiary,no,86.0,no,no,cellular,5,aug,253.0,1,97,4,success,yes
27.0,management,single,tertiary,no,6791.0,no,no,cellular,5,aug,179.0,2,69,26,other,yes
20.0,student,married,unknown,no,292.0,no,no,cellular,5,aug,385.0,2,93,1,failure,yes
37.0,unemployed,single,tertiary,no,1291.0,no,no,cellular,5,aug,150.0,1,97,2,success,yes
61.0,management,married,tertiary,no,175.0,no,no,telephone,5,aug,270.0,2,-1,0,unknown,yes
57.0,services,single,secondary,no,0.0,no,no,cellular,6,aug,355.0,1,-1,0,,yes
40.0,management,married,tertiary,no,0.0,no,no,cellular,6,aug,131.0,2,98,6,success,yes
53.0,admin.,divorced,secondary,no,0.0,yes,yes,cellular,6,aug,1452.0,1,98,2,failure,yes
65.0,unknown,married,unknown,no,4717.0,no,no,telephone,6,aug,256.0,1,-1,0,unknown,yes
67.0,retired,married,tertiary,no,701.0,no,no,cellular,6,aug,254.0,2,-1,0,unknown,yes
66.0,retired,married,tertiary,no,3.0,no,no,cellular,6,aug,550.0,1,-1,0,unknown,yes
67.0,management,married,tertiary,no,405.0,no,no,cellular,7,aug,345.0,2,-1,0,unknown,yes
57.0,retired,married,secondary,no,168.0,no,no,cellular,7,aug,342.0,1,-1,0,unknown,yes
38.0,admin.,married,tertiary,no,4297.0,no,no,cellular,7,aug,206.0,2,-1,0,unknown,yes
56.0,management,divorced,tertiary,no,10532.0,no,no,cellular,7,aug,324.0,1,-1,0,unknown,yes
46.0,management,married,tertiary,no,4693.0,no,yes,cellular,7,aug,79.0,1,394,2,failure,yes
69.0,technician,married,secondary,no,9064.0,no,no,cellular,7,aug,714.0,1,-1,0,unknown,yes
32.0,services,single,secondary,no,6983.0,no,no,cellular,7,aug,255.0,1,-1,0,unknown,yes
72.0,retired,married,tertiary,no,2.0,no,no,cellular,7,aug,147.0,2,-1,0,unknown,yes
41.0,admin.,married,tertiary,no,1536.0,no,no,cellular,7,aug,273.0,1,95,2,failure,yes
72.0,retired,married,primary,no,1612.0,no,no,cellular,7,aug,530.0,2,-1,0,unknown,yes
33.0,unemployed,married,secondary,no,1211.0,no,no,cellular,7,aug,456.0,1,-1,0,unknown,yes
37.0,admin.,married,secondary,no,96.0,no,no,cellular,7,aug,155.0,1,99,2,success,yes
34.0,management,married,tertiary,no,0.0,yes,no,cellular,7,aug,262.0,1,99,2,success,yes
44.0,admin.,single,secondary,no,1534.0,no,no,cellular,7,aug,166.0,1,99,2,other,yes
42.0,services,single,secondary,no,3403.0,yes,no,cellular,7,aug,215.0,1,99,1,failure,yes
58.0,unemployed,married,secondary,no,687.0,yes,no,cellular,7,aug,221.0,1,99,2,success,yes
34.0,technician,married,tertiary,no,7050.0,no,no,cellular,7,aug,130.0,1,-1,0,unknown,yes
55.0,entrepreneur,divorced,secondary,no,538.0,yes,no,cellular,7,aug,353.0,2,-1,0,unknown,yes
71.0,retired,married,primary,no,2600.0,no,no,cellular,7,aug,212.0,1,-1,0,unknown,yes
23.0,student,single,secondary,no,0.0,no,no,cellular,7,aug,217.0,1,99,7,success,yes
60.0,management,single,tertiary,no,1034.0,yes,no,cellular,7,aug,231.0,3,-1,0,unknown,yes
18.0,student,single,unknown,no,108.0,no,no,cellular,10,aug,167.0,1,-1,0,unknown,yes
54.0,technician,married,secondary,no,10185.0,no,no,cellular,10,aug,559.0,1,70,2,other,yes
59.0,retired,divorced,tertiary,no,3444.0,no,no,cellular,10,aug,252.0,1,185,2,success,yes
32.0,self-employed,single,tertiary,no,1815.0,no,no,telephone,10,aug,235.0,1,102,2,failure,yes
61.0,self-employed,divorced,tertiary,no,52587.0,no,no,cellular,10,aug,290.0,1,-1,0,unknown,yes
31.0,management,married,tertiary,no,10884.0,no,no,cellular,10,aug,294.0,3,98,2,success,yes
42.0,blue-collar,married,primary,no,201.0,yes,no,cellular,11,aug,265.0,1,103,3,success,yes
42.0,unemployed,married,unknown,no,190.0,no,no,cellular,11,aug,704.0,2,-1,0,unknown,yes
42.0,services,single,tertiary,no,94.0,yes,no,cellular,11,aug,176.0,2,90,4,failure,yes
70.0,housemaid,divorced,primary,no,1311.0,no,no,cellular,11,aug,651.0,1,-1,0,unknown,yes
57.0,technician,married,secondary,no,589.0,yes,no,cellular,11,aug,167.0,1,190,5,failure,yes
60.0,retired,married,secondary,no,1853.0,no,no,cellular,11,aug,408.0,1,-1,0,unknown,yes
53.0,blue-collar,divorced,primary,no,4401.0,no,no,telephone,11,aug,254.0,1,-1,0,unknown,yes
48.0,unemployed,divorced,secondary,no,201.0,no,no,cellular,11,aug,140.0,1,-1,0,unknown,yes
30.0,management,single,tertiary,no,533.0,no,no,cellular,11,aug,229.0,2,99,4,success,yes
39.0,management,single,tertiary,no,3840.0,yes,no,cellular,11,aug,315.0,2,-1,0,unknown,yes
42.0,technician,married,secondary,no,994.0,yes,no,cellular,11,aug,149.0,1,78,5,failure,yes
26.0,admin.,single,secondary,no,96.0,no,no,cellular,11,aug,349.0,1,70,3,failure,yes
46.0,management,married,tertiary,no,1600.0,yes,yes,cellular,11,aug,1244.0,1,-1,0,unknown,yes
40.0,admin.,single,secondary,no,100.0,yes,no,cellular,11,aug,221.0,1,461,1,success,yes
39.0,admin.,married,secondary,no,260.0,yes,no,cellular,11,aug,175.0,2,116,2,failure,yes
58.0,self-employed,married,primary,no,1013.0,yes,no,cellular,11,aug,206.0,1,461,1,failure,yes
42.0,blue-collar,married,secondary,no,413.0,yes,no,cellular,11,aug,589.0,2,-1,0,unknown,yes
31.0,services,single,secondary,no,181.0,no,no,cellular,12,aug,182.0,1,104,1,success,yes
21.0,student,single,secondary,no,123.0,no,no,telephone,12,aug,449.0,1,-1,0,unknown,yes
35.0,self-employed,single,tertiary,no,353.0,no,no,cellular,12,aug,582.0,1,-1,0,unknown,yes
50.0,technician,divorced,unknown,no,2794.0,no,no,cellular,12,aug,1336.0,2,-1,0,unknown,yes
36.0,management,single,tertiary,no,3850.0,yes,no,cellular,12,aug,239.0,2,100,4,failure,yes
75.0,retired,married,primary,no,2970.0,no,no,cellular,12,aug,641.0,1,-1,0,unknown,yes
20.0,student,single,primary,no,6991.0,no,no,cellular,12,aug,178.0,2,-1,0,unknown,yes
57.0,admin.,single,secondary,no,2223.0,no,no,cellular,12,aug,1064.0,1,-1,0,unknown,yes
41.0,management,married,tertiary,no,27696.0,no,no,cellular,12,aug,147.0,2,104,1,failure,yes
59.0,technician,married,secondary,no,116.0,no,no,cellular,12,aug,398.0,4,422,3,failure,yes
36.0,management,married,tertiary,no,2987.0,yes,no,cellular,12,aug,307.0,1,-1,0,unknown,yes
18.0,student,single,primary,no,608.0,no,no,cellular,12,aug,267.0,1,-1,0,unknown,yes
34.0,management,single,tertiary,no,48.0,yes,no,cellular,12,aug,810.0,3,93,6,failure,yes
55.0,management,married,primary,no,113.0,no,no,cellular,12,aug,306.0,1,457,3,failure,yes
33.0,blue-collar,single,secondary,no,498.0,no,no,cellular,12,aug,338.0,2,104,1,success,yes
43.0,technician,married,tertiary,no,2643.0,no,no,cellular,12,aug,188.0,3,100,5,success,yes
34.0,services,married,secondary,no,1337.0,no,no,cellular,12,aug,255.0,2,104,1,success,yes
35.0,services,married,unknown,no,618.0,no,no,cellular,12,aug,293.0,1,104,1,success,yes
43.0,technician,single,secondary,no,451.0,no,no,cellular,12,aug,289.0,2,-1,0,unknown,yes
74.0,retired,married,primary,no,0.0,no,no,telephone,13,aug,562.0,2,-1,0,unknown,yes
45.0,unemployed,divorced,primary,yes,11.0,no,no,cellular,13,aug,489.0,5,-1,0,unknown,yes
38.0,blue-collar,married,secondary,no,1165.0,yes,no,cellular,13,aug,784.0,3,94,10,failure,yes
32.0,management,single,tertiary,no,2465.0,no,no,cellular,13,aug,414.0,1,-1,0,unknown,yes
29.0,admin.,single,tertiary,no,41.0,yes,no,cellular,13,aug,148.0,2,-1,0,unknown,yes
31.0,admin.,married,secondary,no,35.0,no,no,cellular,13,aug,315.0,2,105,1,success,yes
50.0,services,married,secondary,no,3169.0,no,no,cellular,13,aug,399.0,1,430,1,failure,yes
44.0,technician,divorced,secondary,no,14.0,no,no,cellular,13,aug,234.0,1,-1,0,unknown,yes
23.0,student,single,secondary,no,431.0,no,no,cellular,13,aug,496.0,2,-1,0,unknown,yes
56.0,management,married,tertiary,no,616.0,no,no,cellular,13,aug,293.0,2,105,2,success,yes
,retired,married,primary,no,3324.0,no,no,cellular,13,aug,227.0,2,192,1,failure,yes
28.0,technician,single,secondary,no,113.0,no,no,cellular,13,aug,204.0,3,105,1,failure,yes
34.0,management,single,tertiary,no,13014.0,no,no,,13,aug,738.0,1,-1,0,unknown,yes
56.0,retired,married,primary,no,9367.0,no,no,cellular,13,aug,320.0,2,101,2,success,yes
45.0,management,single,tertiary,no,2067.0,yes,no,cellular,13,aug,393.0,2,462,1,success,yes
36.0,technician,single,secondary,no,376.0,no,no,cellular,13,aug,479.0,1,-1,0,unknown,yes
57.0,retired,single,tertiary,no,842.0,no,no,cellular,13,aug,284.0,3,-1,0,unknown,yes
,technician,married,tertiary,no,1235.0,no,no,cellular,13,aug,354.0,3,-1,0,unknown,yes
49.0,management,married,tertiary,no,1.0,no,no,telephone,13,aug,640.0,2,101,4,success,yes
37.0,management,married,tertiary,no,1276.0,no,no,cellular,14,aug,156.0,2,-1,0,unknown,yes
46.0,unemployed,single,tertiary,no,44.0,no,no,cellular,14,aug,225.0,1,-1,0,unknown,yes
26.0,admin.,single,secondary,no,255.0,no,no,cellular,14,aug,209.0,2,106,2,success,yes
47.0,unemployed,married,secondary,no,926.0,no,no,cellular,14,aug,436.0,1,403,5,success,yes
36.0,management,married,primary,no,1506.0,no,no,cellular,14,aug,326.0,3,-1,0,unknown,yes
37.0,student,single,unknown,no,444.0,no,no,cellular,14,aug,137.0,1,102,5,success,yes
62.0,management,married,tertiary,no,557.0,no,no,cellular,14,aug,185.0,1,-1,0,unknown,yes
26.0,blue-collar,single,secondary,no,535.0,no,no,cellular,14,aug,125.0,1,-1,0,unknown,yes
45.0,management,married,tertiary,no,2671.0,no,no,cellular,14,aug,94.0,4,-1,0,unknown,yes
63.0,technician,married,secondary,no,896.0,yes,no,cellular,14,aug,276.0,2,-1,0,unknown,yes
25.0,management,single,tertiary,no,528.0,no,no,cellular,14,aug,201.0,1,-1,0,unknown,yes
60.0,retired,married,unknown,no,209.0,no,no,cellular,14,aug,391.0,3,106,1,failure,yes
44.0,management,married,tertiary,no,226.0,yes,no,cellular,14,aug,190.0,3,270,3,failure,yes
33.0,unemployed,single,tertiary,no,1974.0,no,no,cellular,14,aug,498.0,2,191,1,failure,yes
39.0,entrepreneur,married,tertiary,no,942.0,yes,no,cellular,14,aug,880.0,3,267,1,other,yes
46.0,blue-collar,married,unknown,no,336.0,yes,no,cellular,14,aug,260.0,3,457,1,other,yes
42.0,admin.,married,primary,no,-306.0,yes,no,cellular,17,aug,308.0,1,459,1,success,yes
56.0,management,married,unknown,no,4623.0,no,no,cellular,17,aug,348.0,1,-1,0,unknown,yes
82.0,retired,married,secondary,no,276.0,no,no,telephone,17,aug,199.0,1,-1,0,unknown,yes
77.0,retired,married,tertiary,no,0.0,no,no,cellular,17,aug,286.0,1,-1,0,unknown,yes
36.0,services,single,tertiary,no,1189.0,no,no,cellular,17,aug,220.0,1,-1,0,unknown,yes
35.0,management,single,tertiary,no,431.0,no,no,cellular,17,aug,343.0,2,397,1,failure,yes
50.0,technician,married,secondary,no,2218.0,yes,no,cellular,17,aug,711.0,1,-1,0,unknown,yes
62.0,retired,married,secondary,no,1495.0,no,no,cellular,17,aug,606.0,1,196,1,success,yes
26.0,management,single,tertiary,no,828.0,yes,no,cellular,17,aug,156.0,1,199,1,failure,yes
55.0,management,married,tertiary,no,12972.0,no,no,telephone,18,aug,205.0,1,-1,0,unknown,yes
22.0,student,single,secondary,no,948.0,no,no,telephone,18,aug,215.0,1,197,2,failure,yes
30.0,student,single,secondary,no,48.0,no,no,cellular,18,aug,161.0,1,173,1,failure,yes
34.0,housemaid,married,tertiary,no,0.0,no,no,cellular,18,aug,148.0,1,84,2,failure,yes
31.0,management,married,tertiary,no,537.0,yes,no,cellular,18,aug,216.0,1,-1,0,unknown,yes
55.0,technician,married,secondary,no,1938.0,no,yes,cellular,18,aug,193.0,1,386,3,success,yes
49.0,technician,single,secondary,no,9131.0,yes,no,cellular,18,aug,532.0,1,461,5,failure,yes
67.0,retired,divorced,tertiary,no,443.0,no,no,cellular,18,aug,441.0,1,-1,0,unknown,yes
43.0,admin.,married,secondary,no,132.0,no,no,cellular,19,aug,574.0,1,84,3,success,yes
25.0,technician,single,tertiary,no,3411.0,no,no,cellular,19,aug,225.0,2,-1,0,unknown,yes
59.0,retired,divorced,secondary,no,1.0,no,no,cellular,19,aug,335.0,1,-1,0,unknown,yes
44.0,admin.,married,secondary,no,10905.0,no,no,cellular,19,aug,240.0,2,271,1,other,yes
42.0,management,married,tertiary,no,976.0,no,no,cellular,19,aug,164.0,1,-1,0,unknown,yes
29.0,management,single,tertiary,no,2531.0,no,no,cellular,19,aug,634.0,1,-1,0,unknown,yes
32.0,management,married,tertiary,no,1270.0,no,no,cellular,19,aug,232.0,3,-1,0,unknown,yes
30.0,management,single,tertiary,no,5359.0,no,no,cellular,19,aug,145.0,1,84,2,success,yes
38.0,,married,secondary,no,10596.0,no,no,cellular,19,aug,195.0,1,197,4,other,yes
22.0,student,single,tertiary,no,691.0,no,no,cellular,19,aug,338.0,1,-1,0,unknown,yes
25.0,entrepreneur,single,tertiary,no,347.0,no,no,cellular,20,aug,267.0,1,-1,0,unknown,yes
34.0,self-employed,single,tertiary,no,9962.0,no,no,cellular,20,aug,474.0,1,-1,0,unknown,yes
27.0,technician,single,tertiary,no,11862.0,no,no,cellular,20,aug,217.0,1,87,6,failure,yes
35.0,management,single,tertiary,no,1756.0,no,no,cellular,20,aug,195.0,1,-1,0,unknown,yes
45.0,housemaid,married,secondary,no,4068.0,no,no,cellular,20,aug,184.0,1,-1,0,unknown,yes
42.0,management,married,primary,no,5310.0,yes,no,cellular,20,aug,273.0,1,90,3,success,yes
20.0,student,single,secondary,no,215.0,no,no,cellular,21,aug,228.0,4,183,1,other,yes
60.0,admin.,married,secondary,no,106.0,no,no,cellular,21,aug,216.0,3,91,1,success,yes
47.0,management,married,tertiary,no,0.0,no,yes,cellular,21,aug,374.0,1,-1,0,unknown,yes
25.0,student,single,secondary,no,469.0,no,no,cellular,21,aug,273.0,1,86,1,other,yes
65.0,retired,married,secondary,no,2326.0,no,yes,cellular,21,aug,276.0,1,-1,0,unknown,yes
50.0,technician,married,secondary,no,3370.0,no,no,cellular,21,aug,,2,80,2,success,yes
22.0,student,single,secondary,no,144.0,no,no,cellular,21,aug,116.0,1,-1,0,unknown,yes
43.0,admin.,single,secondary,no,733.0,yes,no,cellular,21,aug,126.0,1,88,4,success,yes
53.0,retired,divorced,tertiary,no,-309.0,yes,no,cellular,21,aug,343.0,2,428,2,success,yes
71.0,retired,divorced,secondary,no,5584.0,no,no,cellular,21,aug,534.0,3,-1,0,unknown,yes
28.0,blue-collar,married,,no,61.0,yes,no,cellular,21,aug,744.0,1,109,3,success,yes
59.0,unemployed,married,secondary,no,1047.0,no,no,cellular,21,aug,438.0,1,184,3,success,yes
29.0,management,single,tertiary,no,265.0,no,no,cellular,24,aug,130.0,2,94,1,success,yes
51.0,technician,married,secondary,no,117.0,no,no,cellular,24,aug,467.0,2,88,4,other,yes
48.0,housemaid,married,tertiary,no,5473.0,no,no,cellular,24,aug,232.0,2,-1,0,unknown,yes
37.0,blue-collar,married,primary,no,106.0,yes,no,cellular,25,aug,511.0,1,392,13,failure,yes
37.0,technician,married,tertiary,no,127.0,yes,no,cellular,25,aug,192.0,1,193,1,success,yes
64.0,retired,married,tertiary,no,380.0,no,no,cellular,25,aug,479.0,1,-1,0,unknown,yes
69.0,retired,married,secondary,no,0.0,no,no,cellular,25,aug,412.0,2,-1,0,unknown,yes
36.0,management,married,tertiary,no,255.0,no,no,cellular,25,aug,242.0,6,95,4,success,yes
43.0,services,married,secondary,no,2145.0,no,no,cellular,25,aug,291.0,2,95,4,success,yes
63.0,housemaid,married,primary,no,91.0,no,no,telephone,26,aug,128.0,3,-1,0,unknown,yes
70.0,retired,married,secondary,no,not_available,no,no,telephone,26,aug,314.0,1,-1,0,unknown,yes
60.0,technician,single,primary,no,11262.0,no,no,cellular,26,aug,323.0,1,-1,0,unknown,yes
86.0,retired,divorced,primary,no,0.0,no,no,telephone,26,aug,189.0,1,-1,0,unknown,yes
72.0,retired,married,secondary,no,1129.0,no,no,cellular,26,aug,186.0,1,-1,0,unknown,yes
60.0,retired,married,tertiary,no,108.0,no,no,cellular,26,aug,624.0,1,-1,0,unknown,yes
43.0,management,single,tertiary,no,1696.0,yes,no,cellular,26,aug,257.0,1,474,3,failure,yes
57.0,management,divorced,unknown,no,854.0,no,no,cellular,27,aug,700.0,4,92,1,failure,yes
28.0,management,single,tertiary,no,223.0,yes,no,telephone,27,aug,157.0,2,119,1,other,yes
36.0,blue-collar,single,secondary,no,40.0,yes,no,cellular,27,aug,259.0,3,475,4,success,yes
66.0,retired,married,secondary,no,2048.0,no,no,cellular,27,aug,212.0,1,-1,0,unknown,yes
33.0,technician,single,tertiary,no,3689.0,no,no,cellular,27,aug,445.0,3,-1,0,unknown,yes
36.0,technician,single,secondary,no,539.0,yes,no,cellular,27,aug,398.0,2,477,1,failure,yes
29.0,technician,single,secondary,no,590.0,no,no,cellular,27,aug,81.0,1,94,1,success,yes
62.0,unemployed,married,secondary,no,780.0,no,no,cellular,28,aug,162.0,2,-1,0,unknown,yes
34.0,blue-collar,married,secondary,no,1464.0,yes,no,cellular,28,aug,207.0,3,130,5,other,yes
29.0,unemployed,single,tertiary,no,1311.0,no,no,cellular,28,aug,622.0,1,-1,0,unknown,yes
30.0,management,married,tertiary,no,7.0,yes,no,cellular,28,aug,173.0,1,164,4,other,yes
32.0,technician,married,tertiary,no,636.0,yes,no,cellular,28,aug,370.0,1,116,4,success,yes
39.0,blue-collar,single,primary,no,24277.0,no,no,cellular,28,aug,261.0,1,-1,0,unknown,yes
55.0,admin.,divorced,secondary,no,1872.0,no,no,cellular,28,aug,155.0,2,93,8,failure,yes
36.0,management,single,tertiary,no,490.0,no,no,cellular,28,aug,207.0,8,98,1,failure,yes
27.0,student,single,tertiary,no,118.0,no,no,cellular,31,aug,160.0,3,98,1,,yes
45.0,management,married,tertiary,no,4119.0,yes,yes,telephone,31,aug,473.0,2,283,1,success,yes
55.0,management,married,unknown,no,1504.0,yes,no,cellular,31,aug,186.0,3,101,2,success,yes
52.0,blue-collar,married,secondary,no,2087.0,yes,no,cellular,31,aug,267.0,1,474,1,failure,yes
49.0,management,single,tertiary,no,5689.0,no,no,cellular,31,aug,470.0,1,97,3,failure,yes
30.0,blue-collar,married,primary,no,,yes,no,cellular,31,aug,219.0,1,157,12,failure,yes
39.0,management,married,tertiary,no,119.0,yes,no,cellular,1,sep,265.0,2,476,4,success,yes
48.0,management,divorced,tertiary,no,17964.0,yes,no,cellular,1,sep,120.0,1,98,5,success,yes
36.0,management,married,tertiary,no,1113.0,no,no,cellular,1,sep,212.0,1,-1,0,unknown,yes
27.0,admin.,married,secondary,no,1596.0,no,no,cellular,1,sep,82.0,1,-1,0,unknown,yes
51.0,management,married,tertiary,no,2635.0,no,no,cellular,1,sep,181.0,1,98,2,failure,yes
48.0,technician,married,secondary,no,568.0,yes,no,cellular,2,sep,378.0,2,386,1,success,yes
70.0,retired,married,secondary,no,2626.0,no,no,cellular,2,sep,140.0,2,-1,0,unknown,yes
63.0,retired,married,secondary,no,4752.0,no,no,cellular,2,sep,233.0,2,-1,0,unknown,yes
34.0,services,single,secondary,no,528.0,yes,no,cellular,2,sep,121.0,3,100,5,other,yes
46.0,admin.,married,tertiary,no,2552.0,no,no,cellular,3,sep,260.0,1,94,8,success,yes
31.0,self-employed,single,tertiary,no,3343.0,no,no,cellular,3,sep,365.0,1,94,1,success,yes
32.0,admin.,married,,no,995.0,no,no,cellular,3,sep,331.0,1,99,2,other,yes
40.0,unemployed,single,tertiary,no,7968.0,no,no,cellular,3,sep,733.0,1,93,1,success,yes
30.0,,single,secondary,no,0.0,no,no,cellular,4,sep,316.0,3,-1,0,unknown,yes
55.0,management,married,primary,no,2587.0,no,no,cellular,4,sep,328.0,2,94,2,success,yes
57.0,management,divorced,tertiary,no,6468.0,yes,no,cellular,4,sep,730.0,1,157,4,failure,yes
59.0,admin.,single,secondary,no,4744.0,no,no,cellular,4,sep,879.0,1,-1,0,unknown,yes
26.0,technician,single,secondary,no,1231.0,yes,no,cellular,4,sep,230.0,1,93,7,success,yes
73.0,retired,married,unknown,no,3443.0,no,no,telephone,4,sep,770.0,3,-1,0,unknown,yes
30.0,admin.,single,secondary,no,2568.0,no,no,cellular,4,sep,563.0,1,100,4,other,yes
64.0,retired,married,tertiary,no,1644.0,no,no,telephone,7,sep,569.0,4,-1,0,unknown,yes
36.0,technician,married,tertiary,no,1354.0,no,no,cellular,7,sep,281.0,3,97,2,success,yes
55.0,admin.,married,secondary,no,602.0,no,no,cellular,7,sep,350.0,1,98,5,success,yes
63.0,retired,married,tertiary,no,1795.0,no,no,cellular,7,sep,219.0,1,-1,0,unknown,yes
52.0,technician,married,secondary,no,0.0,yes,no,cellular,7,sep,211.0,1,294,1,failure,yes
34.0,management,single,tertiary,no,268.0,no,no,cellular,7,sep,587.0,1,-1,0,unknown,yes
36.0,services,married,secondary,no,52.0,yes,no,cellular,7,sep,351.0,1,95,6,success,yes
31.0,management,single,tertiary,no,924.0,no,no,cellular,7,sep,231.0,1,94,3,success,yes
47.0,retired,single,primary,no,3033.0,no,no,cellular,8,sep,293.0,1,-1,0,unknown,yes
50.0,admin.,married,tertiary,no,6574.0,no,no,cellular,8,sep,495.0,1,92,3,success,yes
70.0,retired,divorced,secondary,no,0.0,no,no,cellular,8,sep,206.0,1,-1,0,unknown,yes
18.0,student,single,unknown,no,108.0,no,no,cellular,8,sep,169.0,1,-1,0,unknown,yes
33.0,self-employed,married,secondary,no,409.0,no,no,cellular,8,sep,165.0,1,97,4,success,yes
24.0,technician,single,secondary,no,726.0,no,no,cellular,8,sep,445.0,2,-1,0,unknown,yes
25.0,admin.,single,secondary,no,1871.0,no,no,cellular,8,sep,260.0,1,96,1,success,yes
26.0,management,single,tertiary,no,1094.0,yes,no,cellular,8,sep,137.0,1,-1,0,unknown,yes
32.0,management,single,tertiary,no,2915.0,no,no,cellular,8,sep,519.0,1,131,2,failure,yes
25.0,student,single,unknown,no,480.0,no,no,cellular,8,sep,140.0,1,-1,0,unknown,yes
58.0,management,married,tertiary,no,1227.0,no,no,cellular,8,sep,400.0,2,95,1,success,yes
42.0,management,married,tertiary,no,1205.0,no,no,telephone,8,sep,376.0,2,-1,0,unknown,yes
30.0,blue-collar,single,secondary,no,161.0,no,yes,telephone,8,sep,298.0,3,-1,0,unknown,yes
76.0,retired,divorced,primary,no,802.0,no,no,cellular,9,sep,475.0,5,-1,0,unknown,yes
79.0,retired,married,secondary,no,723.0,no,no,telephone,9,sep,276.0,1,79,3,failure,yes
70.0,retired,married,primary,no,6538.0,no,no,cellular,9,sep,394.0,1,-1,0,unknown,yes
30.0,management,single,tertiary,no,147.0,no,no,cellular,9,sep,234.0,1,100,1,failure,yes
,retired,married,secondary,no,0.0,no,no,cellular,9,sep,408.0,1,-1,0,unknown,yes
51.0,unemployed,married,secondary,no,1416.0,no,no,cellular,9,sep,345.0,1,-1,0,unknown,yes
71.0,retired,married,tertiary,no,14220.0,yes,no,cellular,9,sep,397.0,1,-1,0,unknown,yes
31.0,management,single,tertiary,no,12569.0,no,no,cellular,9,sep,344.0,1,295,1,failure,yes
32.0,admin.,single,secondary,no,555.0,yes,no,cellular,9,sep,344.0,1,-1,0,unknown,yes
34.0,management,married,tertiary,no,158.0,no,no,cellular,9,sep,278.0,2,132,4,failure,yes
28.0,admin.,single,secondary,no,261.0,yes,yes,cellular,9,sep,259.0,2,98,4,success,yes
45.0,management,married,tertiary,no,786.0,no,no,cellular,10,sep,84.0,3,-1,0,unknown,yes
53.0,entrepreneur,married,primary,no,27.0,yes,no,telephone,10,sep,230.0,3,-1,0,unknown,yes
38.0,unknown,single,tertiary,no,0.0,no,no,cellular,11,sep,260.0,3,95,3,success,yes
56.0,admin.,single,secondary,no,2815.0,yes,no,cellular,11,sep,212.0,1,-1,0,unknown,yes
42.0,technician,married,secondary,no,3082.0,no,no,cellular,11,sep,285.0,1,-1,0,unknown,yes
47.0,technician,married,secondary,no,1233.0,yes,no,unknown,11,sep,91.0,1,100,2,other,yes
73.0,retired,married,unknown,no,739.0,no,no,cellular,11,sep,210.0,1,-1,0,unknown,yes
46.0,blue-collar,married,secondary,no,640.0,yes,no,cellular,11,sep,108.0,2,129,2,failure,yes
73.0,retired,married,tertiary,no,1843.0,no,no,cellular,11,sep,106.0,2,-1,0,unknown,yes
28.0,blue-collar,single,secondary,no,322.0,no,no,telephone,11,sep,240.0,2,95,3,other,yes
46.0,management,married,tertiary,no,7331.0,no,no,cellular,11,sep,658.0,4,95,2,other,yes
74.0,retired,married,primary,no,1765.0,no,no,telephone,11,sep,290.0,2,-1,0,unknown,yes
71.0,retired,divorced,tertiary,yes,1236.0,yes,no,cellular,14,sep,335.0,4,-1,0,unknown,yes
41.0,admin.,divorced,secondary,no,6046.0,yes,yes,telephone,14,sep,185.0,2,-1,0,unknown,yes
73.0,retired,married,primary,no,934.0,no,no,cellular,14,sep,961.0,5,-1,0,unknown,yes
47.0,technician,divorced,secondary,no,1013.0,no,no,cellular,15,sep,170.0,1,92,3,failure,yes
49.0,technician,divorced,tertiary,no,596.0,yes,no,telephone,15,sep,722.0,1,-1,0,,yes
40.0,admin.,married,secondary,no,4775.0,no,no,cellular,15,sep,215.0,1,-1,0,unknown,yes
57.0,blue-collar,married,primary,no,3109.0,no,no,cellular,15,sep,107.0,2,105,2,success,yes
50.0,housemaid,married,secondary,no,388.0,no,no,cellular,15,sep,173.0,2,99,4,failure,yes
34.0,blue-collar,married,secondary,no,262.0,no,no,cellular,15,sep,89.0,2,106,1,success,yes
56.0,services,married,secondary,no,654.0,no,no,cellular,15,sep,875.0,1,-1,0,unknown,yes
32.0,technician,single,tertiary,no,1855.0,no,no,cellular,15,sep,126.0,2,134,1,other,yes
50.0,management,divorced,tertiary,no,810.0,no,no,cellular,15,sep,91.0,1,103,3,success,yes
54.0,unemployed,divorced,secondary,no,1664.0,no,no,cellular,15,sep,106.0,1,105,3,success,yes
26.0,management,single,tertiary,no,362.0,no,no,cellular,15,sep,925.0,1,104,2,success,yes
40.0,technician,married,tertiary,no,1293.0,no,no,cellular,16,sep,1702.0,3,105,2,success,yes
29.0,management,single,tertiary,no,874.0,yes,no,cellular,16,sep,,1,103,1,success,yes
52.0,housemaid,married,primary,no,10943.0,no,no,cellular,16,sep,292.0,1,-1,0,unknown,yes
38.0,technician,married,secondary,no,4539.0,no,no,cellular,16,sep,387.0,1,-1,0,unknown,yes
46.0,management,married,tertiary,no,2817.0,no,no,cellular,17,sep,543.0,1,-1,0,unknown,yes
26.0,management,single,tertiary,no,1646.0,no,no,cellular,18,sep,890.0,5,-1,0,unknown,yes
25.0,management,single,tertiary,no,808.0,no,no,cellular,18,sep,267.0,2,114,2,failure,yes
70.0,retired,married,tertiary,no,44.0,no,no,cellular,18,sep,1104.0,2,88,2,other,yes
83.0,retired,married,primary,no,425.0,no,no,telephone,22,sep,773.0,1,92,2,success,yes
43.0,management,divorced,tertiary,no,2367.0,no,no,cellular,22,sep,83.0,1,113,3,success,yes
45.0,blue-collar,married,secondary,no,10252.0,no,no,cellular,22,sep,173.0,1,141,2,success,yes
37.0,admin.,single,tertiary,no,1000.0,yes,no,cellular,22,sep,239.0,1,99,2,success,yes
71.0,retired,divorced,secondary,no,4380.0,no,no,cellular,22,sep,369.0,1,-1,0,unknown,yes
27.0,management,single,tertiary,no,20585.0,no,no,cellular,23,sep,299.0,1,100,1,success,yes
47.0,admin.,married,secondary,no,2601.0,no,no,cellular,24,sep,261.0,1,-1,0,unknown,yes
42.0,,divorced,tertiary,no,238.0,no,no,cellular,25,sep,692.0,1,-1,0,unknown,yes
77.0,retired,divorced,secondary,no,0.0,no,no,cellular,25,sep,210.0,1,-1,0,unknown,yes
61.0,management,married,tertiary,no,3371.0,no,no,cellular,28,sep,299.0,2,-1,0,unknown,yes
57.0,management,married,tertiary,no,10583.0,no,no,cellular,28,sep,341.0,3,98,3,success,yes
34.0,management,married,tertiary,no,16.0,yes,no,telephone,29,sep,316.0,1,119,1,other,yes
40.0,blue-collar,married,secondary,no,1451.0,no,no,cellular,30,sep,117.0,1,121,1,success,yes
84.0,entrepreneur,married,secondary,no,0.0,no,no,telephone,30,sep,992.0,2,-1,0,unknown,yes
26.0,student,single,secondary,no,132.0,no,no,cellular,1,oct,194.0,1,119,1,success,yes
37.0,technician,married,unknown,no,189.0,no,no,cellular,1,oct,238.0,1,107,2,success,yes
47.0,management,married,tertiary,no,288.0,no,no,cellular,1,oct,101.0,1,-1,0,unknown,yes
37.0,management,single,tertiary,no,1027.0,yes,no,cellular,1,oct,137.0,1,119,1,failure,yes
28.0,management,single,tertiary,no,6784.0,no,no,cellular,1,oct,502.0,1,115,3,other,yes
54.0,management,married,tertiary,no,1464.0,no,no,cellular,2,oct,194.0,2,94,1,success,yes
54.0,management,married,tertiary,no,8295.0,no,no,cellular,2,oct,849.0,2,119,1,success,yes
61.0,retired,married,secondary,no,2917.0,no,no,cellular,6,oct,215.0,1,-1,0,unknown,yes
30.0,technician,single,secondary,no,158.0,no,no,cellular,6,oct,144.0,1,-1,0,unknown,yes
60.0,retired,married,primary,no,1588.0,no,no,cellular,6,oct,728.0,1,-1,0,unknown,yes
44.0,management,married,unknown,no,282.0,no,no,cellular,6,oct,296.0,3,-1,0,unknown,yes
33.0,management,single,tertiary,no,5437.0,no,no,cellular,7,oct,201.0,1,58,3,failure,yes
25.0,admin.,single,tertiary,no,1185.0,no,no,cellular,7,oct,290.0,1,114,1,failure,yes
54.0,unknown,married,unknown,no,895.0,no,no,cellular,7,oct,335.0,1,-1,0,unknown,yes
24.0,blue-collar,single,secondary,no,1857.0,yes,no,cellular,8,oct,147.0,1,92,5,other,yes
36.0,technician,married,tertiary,no,4596.0,yes,no,cellular,8,oct,234.0,2,175,2,success,yes
,retired,married,primary,no,565.0,no,no,telephone,8,oct,153.0,1,93,1,success,yes
33.0,management,single,tertiary,no,1781.0,no,no,cellular,8,oct,611.0,2,183,1,success,yes
27.0,admin.,married,secondary,no,3415.0,no,no,cellular,9,oct,266.0,3,184,1,success,yes
60.0,admin.,divorced,secondary,no,12039.0,no,no,telephone,12,oct,261.0,1,187,1,success,yes
56.0,unemployed,married,secondary,no,12.0,no,no,cellular,12,oct,511.0,3,187,1,failure,yes
25.0,technician,single,secondary,no,139.0,no,yes,cellular,12,oct,138.0,1,-1,0,unknown,yes
21.0,student,single,secondary,no,2488.0,no,no,cellular,12,oct,180.0,1,-1,0,unknown,yes
73.0,retired,divorced,secondary,no,7111.0,yes,no,cellular,12,oct,146.0,1,-1,0,unknown,yes
67.0,management,divorced,tertiary,no,361.0,no,no,cellular,13,oct,411.0,2,-1,0,unknown,yes
51.0,entrepreneur,divorced,tertiary,no,2109.0,no,no,cellular,13,oct,79.0,2,-1,0,unknown,yes
48.0,management,married,tertiary,no,1093.0,yes,yes,cellular,13,oct,1226.0,2,-1,0,unknown,yes
35.0,management,single,tertiary,no,2646.0,no,no,cellular,13,oct,221.0,1,182,1,success,yes
61.0,self-employed,divorced,tertiary,no,6.0,yes,no,cellular,13,oct,210.0,1,182,2,success,yes
35.0,technician,single,tertiary,no,670.0,no,no,cellular,13,oct,301.0,2,-1,0,unknown,yes
138.0,admin.,divorced,secondary,no,592.0,no,no,cellular,13,oct,204.0,2,99,5,failure,yes
83.0,retired,single,primary,no,1965.0,no,no,telephone,13,oct,1003.0,3,-1,0,unknown,yes
50.0,management,married,primary,no,313.0,no,no,telephone,14,oct,958.0,1,-1,0,unknown,yes
66.0,housemaid,married,primary,no,40.0,no,no,telephone,14,oct,290.0,2,-1,0,unknown,yes
58.0,technician,married,primary,no,4198.0,no,no,cellular,15,oct,441.0,5,246,5,failure,yes
30.0,management,single,,no,536.0,no,no,,15,oct,244.0,1,105,1,success,yes
54.0,blue-collar,married,primary,no,1311.0,no,no,telephone,15,oct,485.0,3,184,3,failure,yes
26.0,admin.,single,secondary,no,766.0,no,no,cellular,15,oct,457.0,2,-1,0,unknown,yes
43.0,services,married,primary,no,2557.0,yes,no,telephone,15,oct,166.0,3,183,5,success,yes
40.0,unemployed,single,tertiary,no,79.0,no,no,cellular,15,oct,570.0,1,135,1,failure,yes
57.0,management,married,tertiary,no,1318.0,no,no,cellular,16,oct,115.0,1,185,2,failure,yes
75.0,retired,married,secondary,no,3771.0,no,no,telephone,16,oct,186.0,1,183,1,failure,yes
77.0,retired,married,tertiary,no,0.0,no,no,cellular,16,oct,847.0,1,60,1,success,yes
31.0,management,married,tertiary,no,6138.0,no,no,cellular,16,oct,154.0,2,119,5,failure,yes
22.0,services,single,secondary,no,129.0,no,no,cellular,16,oct,258.0,1,-1,0,unknown,yes
50.0,management,married,tertiary,no,469.0,no,no,cellular,16,oct,170.0,1,183,1,success,yes
27.0,management,married,tertiary,no,893.0,no,no,cellular,16,oct,154.0,2,-1,0,unknown,yes
73.0,retired,married,unknown,no,519.0,no,no,telephone,16,oct,434.0,1,57,1,failure,yes
37.0,services,married,secondary,no,4017.0,no,no,cellular,16,oct,156.0,1,-1,0,unknown,yes
44.0,technician,single,tertiary,no,643.0,no,no,cellular,16,oct,324.0,1,143,3,failure,yes
40.0,technician,married,secondary,no,350000.0,no,no,cellular,16,oct,717.0,2,-1,0,unknown,yes
61.0,management,married,tertiary,no,0.0,no,no,cellular,16,oct,136.0,2,-1,0,unknown,yes
61.0,technician,divorced,secondary,no,6481.0,no,no,cellular,19,oct,131.0,1,-1,0,unknown,yes
47.0,blue-collar,married,secondary,no,820.0,no,no,cellular,19,oct,98.0,1,-1,0,unknown,yes
47.0,services,single,unknown,no,1784.0,no,no,cellular,19,oct,385.0,2,-1,0,unknown,yes
76.0,housemaid,divorced,primary,no,1411.0,no,no,telephone,19,oct,233.0,2,187,3,success,yes
30.0,student,single,tertiary,no,7529.0,no,no,cellular,19,oct,328.0,1,-1,0,unknown,yes
39.0,technician,married,tertiary,no,206.0,no,no,cellular,20,oct,148.0,2,195,2,success,yes
72.0,retired,married,primary,no,1388.0,no,no,telephone,20,oct,513.0,1,-1,0,unknown,yes
77.0,retired,married,,no,1807.0,no,no,telephone,20,oct,373.0,1,-1,0,unknown,yes
36.0,technician,married,secondary,no,480.0,no,no,cellular,20,oct,213.0,1,-1,0,unknown,yes
65.0,retired,married,secondary,no,571.0,yes,no,cellular,20,oct,349.0,1,183,2,success,yes
54.0,technician,married,secondary,no,3994.0,no,yes,cellular,20,oct,595.0,2,187,2,success,yes
46.0,admin.,single,secondary,no,1693.0,yes,no,cellular,20,oct,427.0,1,-1,0,unknown,yes
28.0,management,single,tertiary,no,80.0,no,no,cellular,20,oct,676.0,2,146,2,failure,yes
61.0,management,married,tertiary,no,267.0,no,no,cellular,21,oct,192.0,3,184,1,success,yes
53.0,housemaid,married,primary,no,2581.0,no,no,cellular,21,oct,828.0,1,189,1,failure,yes
27.0,student,single,tertiary,no,1134.0,no,no,cellular,21,oct,825.0,1,183,4,success,yes
55.0,unemployed,divorced,secondary,no,309.0,no,no,cellular,21,oct,467.0,2,184,1,success,yes
33.0,management,single,tertiary,no,6807.0,no,no,cellular,21,oct,512.0,2,184,1,success,yes
87.0,retired,divorced,primary,no,6746.0,no,no,telephone,21,oct,749.0,1,-1,0,unknown,yes
57.0,management,married,tertiary,no,375.0,no,no,cellular,21,oct,135.0,1,-1,0,unknown,yes
33.0,self-employed,single,tertiary,no,658.0,yes,no,cellular,21,oct,307.0,1,208,1,success,yes
51.0,technician,married,secondary,no,371.0,yes,yes,cellular,21,oct,287.0,1,-1,0,,yes
76.0,retired,divorced,primary,no,2693.0,no,no,cellular,21,oct,107.0,2,-1,0,unknown,yes
19.0,student,single,secondary,no,329.0,no,no,cellular,22,oct,252.0,2,-1,0,unknown,yes
33.0,admin.,married,tertiary,no,79.0,yes,no,cellular,22,oct,249.0,2,335,2,failure,yes
55.0,management,divorced,tertiary,no,0.0,no,no,cellular,22,oct,360.0,5,-1,0,unknown,yes
31.0,blue-collar,single,unknown,no,6281.0,no,no,cellular,22,oct,257.0,1,128,3,other,yes
92.0,retired,married,unknown,no,775.0,no,no,cellular,22,oct,313.0,3,-1,0,unknown,yes
30.0,technician,single,tertiary,no,411.0,no,no,cellular,22,oct,127.0,3,149,2,failure,yes
68.0,retired,single,tertiary,no,2144.0,no,no,cellular,22,oct,277.0,1,184,2,success,yes
41.0,technician,single,tertiary,no,431.0,no,no,cellular,22,oct,133.0,1,107,2,success,yes
29.0,self-employed,married,secondary,no,123.0,no,yes,cellular,22,oct,247.0,1,184,3,success,yes
27.0,blue-collar,single,secondary,no,3792.0,no,no,cellular,22,oct,504.0,1,183,2,success,yes
78.0,retired,married,unknown,no,4807.0,no,no,telephone,22,oct,1002.0,4,-1,0,unknown,yes
82.0,retired,married,primary,no,8603.0,no,no,cellular,22,oct,306.0,3,107,1,success,yes
29.0,technician,single,tertiary,no,2178.0,no,no,cellular,22,oct,260.0,2,139,1,other,yes
76.0,retired,married,tertiary,no,2991.0,no,no,cellular,22,oct,344.0,1,183,1,success,yes
38.0,management,married,tertiary,no,,no,no,cellular,23,oct,336.0,2,184,5,failure,yes
60.0,technician,married,secondary,no,10925.0,no,no,cellular,23,oct,270.0,3,185,1,success,yes
33.0,services,divorced,secondary,no,2411.0,yes,no,cellular,23,oct,130.0,1,161,1,failure,yes
43.0,blue-collar,married,secondary,no,14646.0,no,no,cellular,23,oct,210.0,1,-1,0,unknown,yes
61.0,retired,married,secondary,no,86.0,no,no,cellular,23,oct,149.0,1,-1,0,unknown,yes
43.0,technician,single,unknown,no,11115.0,no,no,cellular,23,oct,476.0,1,74,2,success,yes
57.0,management,married,primary,no,6900.0,no,no,cellular,23,oct,255.0,4,185,2,failure,yes
33.0,management,married,tertiary,no,5878.0,no,no,cellular,23,oct,438.0,1,430,2,failure,yes
77.0,management,married,unknown,no,1780.0,yes,no,cellular,23,oct,221.0,2,183,3,success,yes
35.0,technician,single,secondary,no,183.0,no,no,cellular,23,oct,281.0,1,52,4,failure,yes
59.0,retired,married,primary,no,3648.0,no,no,telephone,23,oct,257.0,2,126,3,success,yes
76.0,retired,married,secondary,no,4112.0,no,no,telephone,23,oct,282.0,2,-1,0,unknown,yes
73.0,retired,married,primary,no,542.0,no,no,cellular,26,oct,355.0,1,180,5,failure,yes
81.0,retired,married,primary,no,243.0,no,no,cellular,27,oct,131.0,1,-1,0,unknown,yes
41.0,unknown,single,unknown,no,942.0,no,no,,27,oct,143.0,1,188,1,success,yes
57.0,technician,married,secondary,no,254.0,no,no,cellular,27,oct,207.0,1,-1,0,unknown,yes
28.0,technician,single,unknown,no,0.0,yes,no,cellular,27,oct,96.0,1,267,1,failure,yes
38.0,blue-collar,single,secondary,no,0.0,no,no,cellular,27,oct,297.0,1,75,3,failure,yes
52.0,services,married,secondary,no,992.0,yes,no,cellular,27,oct,424.0,1,515,1,failure,yes
22.0,student,single,secondary,no,23.0,no,no,cellular,27,oct,137.0,1,-1,0,unknown,yes
53.0,unknown,married,primary,no,732.0,no,no,cellular,27,oct,759.0,2,-1,0,unknown,yes
60.0,admin.,married,unknown,no,4629.0,yes,no,cellular,27,oct,624.0,1,-1,0,unknown,yes
56.0,management,married,secondary,no,0.0,no,no,cellular,27,oct,298.0,1,111,8,other,yes
38.0,housemaid,divorced,secondary,no,70.0,no,no,cellular,27,oct,255.0,3,148,1,success,yes
44.0,management,single,tertiary,no,5063.0,no,no,cellular,27,oct,418.0,2,-1,0,unknown,yes
69.0,retired,divorced,secondary,no,500000.0,no,no,telephone,27,oct,146.0,2,56,1,other,yes
36.0,student,single,tertiary,no,129.0,no,no,cellular,27,oct,149.0,1,-1,0,unknown,yes
75.0,self-employed,married,unknown,no,4984.0,no,no,telephone,28,oct,509.0,1,-1,0,unknown,yes
65.0,retired,married,primary,no,1004.0,no,no,cellular,28,oct,371.0,1,-1,0,unknown,yes
64.0,retired,married,secondary,no,4787.0,no,no,cellular,28,oct,501.0,1,-1,0,unknown,yes
30.0,admin.,single,secondary,no,914.0,yes,no,cellular,28,oct,524.0,3,272,1,failure,yes
57.0,housemaid,married,tertiary,no,2326.0,no,no,cellular,28,oct,207.0,1,194,1,success,yes
31.0,management,married,tertiary,no,81.0,yes,no,cellular,29,oct,164.0,2,-1,0,unknown,yes
36.0,management,married,tertiary,no,203.0,no,no,cellular,29,oct,139.0,1,-1,0,unknown,yes
64.0,management,married,tertiary,no,3951.0,no,no,cellular,29,oct,164.0,1,-1,0,unknown,yes
54.0,technician,married,unknown,no,240.0,yes,no,cellular,29,oct,142.0,1,-1,0,unknown,yes
26.0,admin.,single,secondary,no,338.0,no,no,cellular,29,oct,209.0,1,188,2,unknown,yes
51.0,self-employed,single,secondary,no,0.0,no,no,cellular,29,oct,1707.0,2,-1,0,unknown,yes
72.0,retired,married,secondary,no,0.0,no,no,cellular,29,oct,189.0,3,-1,0,unknown,yes
30.0,management,married,tertiary,no,944.0,no,no,cellular,29,oct,251.0,2,-1,0,unknown,yes
60.0,blue-collar,married,primary,no,5.0,no,no,cellular,29,oct,401.0,1,-1,0,unknown,yes
30.0,management,single,tertiary,no,697.0,no,no,cellular,29,oct,215.0,3,80,5,success,yes
66.0,retired,married,tertiary,no,1948.0,no,no,cellular,29,oct,106.0,2,269,2,failure,yes
50.0,technician,married,secondary,no,3654.0,no,no,cellular,29,oct,215.0,2,78,2,other,yes
47.0,management,single,tertiary,no,551.0,no,no,cellular,29,oct,124.0,1,-1,0,unknown,yes
80.0,retired,married,primary,no,997.0,no,no,cellular,29,oct,746.0,2,86,1,other,yes
61.0,management,married,tertiary,no,477.0,yes,no,cellular,29,oct,377.0,1,520,1,other,yes
47.0,management,married,tertiary,no,3663.0,no,no,cellular,29,oct,424.0,2,213,3,success,yes
30.0,technician,single,secondary,no,853.0,no,no,cellular,29,oct,279.0,1,148,1,failure,yes
21.0,student,single,primary,no,8278.0,no,no,cellular,29,oct,445.0,1,-1,0,unknown,yes
62.0,management,married,tertiary,no,7458.0,no,no,cellular,30,oct,212.0,2,-1,0,unknown,yes
26.0,technician,single,secondary,no,44.0,no,no,,30,oct,217.0,1,-1,0,unknown,yes
36.0,blue-collar,married,secondary,no,1193.0,no,no,cellular,30,oct,640.0,1,-1,0,unknown,yes
87.0,retired,married,primary,no,230.0,no,no,cellular,30,oct,144.0,1,-1,0,unknown,yes
61.0,retired,married,primary,no,8729.0,no,no,cellular,30,oct,480.0,1,-1,0,unknown,yes
70.0,retired,married,secondary,no,2384.0,no,no,cellular,30,oct,196.0,2,-1,0,unknown,yes
60.0,management,married,tertiary,no,3401.0,no,no,cellular,30,oct,294.0,1,270,1,failure,yes
41.0,services,married,tertiary,no,881.0,no,no,cellular,30,oct,257.0,3,-1,0,unknown,yes
22.0,student,single,secondary,no,1522.0,no,no,cellular,30,oct,368.0,2,-1,0,unknown,yes
60.0,retired,divorced,secondary,no,4243.0,no,no,cellular,30,oct,416.0,2,-1,0,unknown,yes
54.0,technician,married,secondary,no,473.0,no,yes,cellular,2,nov,182.0,1,81,1,failure,yes
35.0,self-employed,single,tertiary,no,5462.0,no,no,cellular,2,nov,188.0,1,186,1,success,yes
59.0,management,married,secondary,no,4412.0,no,no,cellular,2,nov,162.0,2,-1,0,unknown,yes
29.0,student,single,unknown,no,10332.0,no,no,cellular,2,nov,46.0,3,-1,0,unknown,yes
48.0,management,married,secondary,no,0.0,yes,yes,cellular,3,nov,1233.0,1,351,2,failure,yes
37.0,management,married,tertiary,no,238.0,no,no,cellular,3,nov,149.0,1,-1,0,unknown,yes
36.0,management,single,tertiary,no,62.0,yes,no,cellular,3,nov,566.0,1,182,7,failure,yes
52.0,admin.,single,secondary,no,2398.0,yes,no,cellular,3,nov,412.0,1,-1,0,unknown,yes
67.0,retired,divorced,secondary,no,704.0,no,no,cellular,3,nov,537.0,1,-1,0,unknown,yes
36.0,self-employed,married,tertiary,no,506.0,no,no,cellular,3,nov,217.0,1,70,2,failure,yes
64.0,management,married,unknown,no,2352.0,no,no,cellular,3,nov,181.0,4,183,7,success,yes
29.0,technician,single,secondary,no,938.0,no,no,cellular,3,nov,358.0,1,-1,0,unknown,yes
27.0,management,single,tertiary,no,1720.0,no,no,cellular,3,nov,284.0,2,273,1,failure,yes
76.0,retired,married,primary,no,1492.0,no,no,telephone,3,nov,383.0,1,-1,0,unknown,yes
34.0,management,married,tertiary,no,1778.0,no,no,cellular,4,nov,358.0,1,162,2,failure,yes
54.0,technician,married,secondary,no,0.0,no,no,cellular,6,nov,464.0,5,192,8,other,yes
67.0,retired,married,primary,no,942.0,no,no,cellular,6,nov,,2,84,2,other,yes
24.0,technician,married,secondary,no,556.0,yes,no,cellular,6,nov,368.0,2,80,2,success,yes
53.0,admin.,married,secondary,no,10541.0,no,no,cellular,9,nov,178.0,1,-1,0,unknown,yes
33.0,student,married,secondary,no,1536.0,no,no,cellular,9,nov,262.0,1,94,2,success,yes
24.0,student,single,tertiary,no,235.0,no,no,cellular,9,nov,118.0,1,-1,0,unknown,yes
32.0,management,single,tertiary,no,935.0,no,no,cellular,9,nov,165.0,1,91,7,success,yes
60.0,self-employed,married,tertiary,no,10861.0,no,no,cellular,9,nov,98.0,1,91,2,failure,yes
64.0,entrepreneur,married,tertiary,no,2331.0,no,no,telephone,9,nov,201.0,1,-1,0,unknown,yes
35.0,management,single,tertiary,no,1228.0,no,no,cellular,9,nov,696.0,2,88,12,failure,yes
24.0,student,single,secondary,no,125.0,no,no,cellular,9,nov,263.0,1,90,1,failure,yes
42.0,management,married,tertiary,no,2816.0,no,no,cellular,10,nov,193.0,2,-1,0,unknown,yes
40.0,management,married,tertiary,no,0.0,no,no,cellular,10,nov,147.0,1,96,8,success,yes
33.0,management,married,tertiary,no,22867.0,yes,no,cellular,10,nov,266.0,2,92,3,failure,yes
71.0,housemaid,divorced,primary,no,1311.0,no,no,cellular,10,nov,301.0,2,91,1,success,yes
52.0,unemployed,married,secondary,no,94.0,no,no,cellular,10,nov,293.0,3,190,10,failure,yes
47.0,admin.,married,secondary,no,0.0,no,no,cellular,10,nov,213.0,1,190,1,other,yes
49.0,management,married,primary,no,3371.0,no,no,cellular,11,nov,269.0,2,-1,0,unknown,yes
26.0,management,single,tertiary,no,943.0,no,no,cellular,11,nov,166.0,1,195,1,success,yes
40.0,management,married,tertiary,no,9366.0,no,no,cellular,11,nov,69.0,3,-1,0,unknown,yes
32.0,technician,single,tertiary,no,6746.0,no,no,cellular,11,nov,199.0,1,-1,0,unknown,yes
33.0,services,married,secondary,no,1076.0,no,no,cellular,11,nov,131.0,1,96,5,failure,yes
35.0,management,married,tertiary,no,0.0,yes,no,cellular,11,nov,229.0,2,96,3,success,yes
53.0,management,married,tertiary,no,1624.0,no,no,cellular,11,nov,166.0,3,97,7,success,yes
20.0,student,single,unknown,no,801.0,no,no,cellular,11,nov,244.0,2,-1,0,unknown,yes
44.0,self-employed,divorced,tertiary,no,1070.0,yes,no,cellular,11,nov,172.0,1,91,5,success,yes
21.0,student,single,secondary,no,123.0,no,no,telephone,11,nov,513.0,1,91,1,success,yes
36.0,blue-collar,single,secondary,no,3623.0,no,no,unknown,12,nov,71.0,1,378,1,success,yes
31.0,management,single,tertiary,no,533.0,no,no,cellular,12,nov,90.0,3,93,6,success,yes
42.0,technician,married,secondary,no,994.0,yes,no,cellular,12,nov,227.0,3,93,6,success,yes
33.0,services,married,secondary,no,386.0,no,no,cellular,12,nov,253.0,1,92,4,failure,yes
29.0,management,single,tertiary,no,1026.0,no,no,cellular,12,nov,226.0,1,92,1,other,yes
30.0,unemployed,single,secondary,no,2424.0,no,no,cellular,12,nov,110.0,1,279,1,failure,yes
32.0,management,married,tertiary,no,1331.0,no,no,cellular,12,nov,126.0,1,92,5,failure,yes
54.0,unknown,married,secondary,no,2206.0,no,no,cellular,12,nov,104.0,1,99,2,other,yes
82.0,retired,divorced,tertiary,no,0.0,no,no,telephone,12,nov,226.0,1,-1,0,unknown,yes
47.0,management,married,tertiary,no,4693.0,no,yes,cellular,12,nov,89.0,1,97,3,success,yes
48.0,blue-collar,married,secondary,no,1230.0,yes,no,cellular,12,nov,169.0,1,196,2,success,yes
77.0,retired,divorced,secondary,no,3417.0,no,no,cellular,12,nov,134.0,1,-1,0,unknown,yes
38.0,admin.,married,secondary,no,1767.0,yes,no,cellular,12,nov,893.0,7,-1,0,unknown,yes
27.0,student,single,tertiary,no,5291.0,no,no,cellular,12,nov,192.0,2,92,2,failure,yes
43.0,services,single,secondary,no,3403.0,yes,no,cellular,12,nov,707.0,2,97,2,success,yes
33.0,technician,married,secondary,no,133.0,no,no,cellular,12,nov,627.0,2,192,1,success,yes
27.0,admin.,single,secondary,no,4745.0,no,no,telephone,12,nov,411.0,4,192,1,other,yes
76.0,retired,married,primary,no,3324.0,no,no,cellular,13,nov,122.0,1,92,3,success,yes
81.0,retired,married,primary,no,5220.0,no,no,telephone,13,nov,135.0,1,94,2,other,yes
71.0,retired,married,primary,no,2600.0,no,no,cellular,13,nov,186.0,2,98,1,success,yes
39.0,admin.,married,secondary,no,260.0,yes,no,cellular,13,nov,226.0,1,94,4,success,yes
18.0,student,single,primary,no,608.0,no,no,cellular,13,nov,210.0,1,93,1,success,yes
58.0,services,divorced,secondary,no,462.0,no,no,cellular,13,nov,495.0,1,93,1,success,yes
44.0,technician,divorced,secondary,no,14.0,no,no,cellular,13,nov,167.0,1,92,1,success,yes
67.0,retired,married,secondary,no,1146.0,no,no,cellular,13,nov,259.0,1,92,2,failure,yes
31.0,services,single,secondary,no,181.0,no,no,cellular,13,nov,239.0,2,93,2,success,yes
61.0,retired,married,secondary,no,3114.0,no,no,cellular,13,nov,381.0,1,-1,0,unknown,yes
36.0,technician,single,secondary,no,376.0,no,no,cellular,13,nov,193.0,1,92,1,success,yes
56.0,retired,married,primary,no,9367.0,no,no,telephone,13,nov,271.0,2,92,4,success,yes
24.0,student,single,secondary,no,382.0,no,no,cellular,13,nov,256.0,2,92,3,failure,yes
33.0,admin.,married,secondary,no,920.0,no,no,cellular,16,nov,130.0,1,95,2,failure,yes
34.0,blue-collar,single,unknown,no,129.0,yes,yes,cellular,16,nov,295.0,1,200,2,success,yes
58.0,admin.,married,secondary,no,169.0,no,no,cellular,16,nov,301.0,1,94,3,failure,yes
64.0,retired,married,unknown,no,679.0,no,no,telephone,16,nov,missing,1,-1,0,unknown,yes
27.0,blue-collar,single,secondary,no,535.0,no,no,cellular,16,nov,183.0,1,94,1,success,yes
63.0,management,married,tertiary,no,3115.0,no,no,cellular,16,nov,432.0,5,-1,0,unknown,yes
23.0,student,single,secondary,no,1234.0,no,no,cellular,16,nov,250.0,1,-1,0,unknown,yes
37.0,technician,single,tertiary,no,197.0,no,no,cellular,16,nov,175.0,1,200,1,success,yes
43.0,management,married,tertiary,no,3186.0,no,no,cellular,16,nov,380.0,1,88,1,failure,yes
35.0,technician,married,tertiary,no,3160.0,yes,no,cellular,16,nov,445.0,2,95,1,failure,yes
33.0,blue-collar,married,primary,no,195.0,no,no,cellular,16,nov,984.0,5,-1,0,unknown,yes
75.0,retired,married,tertiary,no,6027.0,no,no,cellular,16,nov,1248.0,2,94,2,failure,yes
40.0,admin.,married,tertiary,no,764.0,yes,no,unknown,17,nov,85.0,1,-1,0,unknown,yes
52.0,management,married,tertiary,no,583.0,no,no,cellular,17,nov,209.0,1,91,2,failure,yes
55.0,technician,divorced,tertiary,no,0.0,no,no,cellular,17,nov,134.0,2,91,1,success,yes
71.0,retired,married,secondary,no,5715.0,no,no,cellular,17,nov,747.0,2,-1,0,unknown,yes
78.0,retired,married,tertiary,no,1204.0,no,no,telephone,17,nov,135.0,1,-1,0,unknown,yes
35.0,technician,married,secondary,no,4922.0,yes,no,cellular,17,nov,393.0,4,201,17,other,yes
52.0,technician,married,secondary,no,234.0,no,no,cellular,17,nov,255.0,1,-1,0,unknown,yes
31.0,management,single,tertiary,no,9421.0,no,no,cellular,25,nov,372.0,1,-1,0,unknown,yes
31.0,admin.,single,secondary,no,4198.0,no,no,cellular,25,nov,234.0,1,-1,0,unknown,yes
38.0,management,married,unknown,no,3576.0,no,no,cellular,25,nov,349.0,2,183,1,success,yes
28.0,student,single,secondary,no,1925.0,no,no,cellular,25,nov,487.0,1,97,2,failure,yes
72.0,,married,secondary,no,1129.0,no,no,cellular,25,nov,208.0,1,91,1,success,yes
29.0,admin.,single,secondary,no,265.0,yes,no,cellular,25,nov,414.0,1,184,1,failure,yes
46.0,housemaid,married,secondary,no,38.0,no,no,cellular,25,nov,541.0,1,-1,0,unknown,yes
53.0,technician,married,secondary,no,1982.0,yes,yes,cellular,27,nov,160.0,1,-1,0,unknown,yes
58.0,technician,married,secondary,no,3399.0,no,no,telephone,30,nov,1628.0,2,188,8,success,yes
22.0,student,single,tertiary,no,691.0,no,no,cellular,30,nov,260.0,5,103,1,success,yes
28.0,admin.,married,secondary,no,330.0,no,no,cellular,2,dec,357.0,1,188,3,other,yes
31.0,technician,married,secondary,no,318.0,no,no,cellular,2,dec,310.0,1,-1,0,unknown,yes
26.0,blue-collar,single,tertiary,no,644.0,no,no,cellular,2,dec,346.0,1,-1,0,unknown,yes
60.0,retired,divorced,tertiary,no,4.0,yes,no,cellular,2,dec,415.0,1,190,5,failure,yes
29.0,technician,single,secondary,no,1165.0,no,no,cellular,3,dec,244.0,2,184,1,success,yes
36.0,admin.,divorced,tertiary,no,4708.0,no,no,cellular,3,dec,284.0,1,171,1,failure,yes
68.0,retired,married,tertiary,no,2820.0,no,no,cellular,3,dec,154.0,1,97,2,failure,yes
48.0,management,married,tertiary,no,1147.0,no,no,cellular,3,dec,155.0,1,120,3,success,yes
53.0,unemployed,married,primary,no,980.0,yes,no,cellular,3,dec,,1,-1,0,unknown,yes
39.0,technician,married,secondary,no,2983.0,no,no,cellular,3,dec,472.0,1,-1,0,unknown,yes
28.0,services,single,secondary,no,339.0,no,no,cellular,3,dec,350.0,1,182,1,success,yes
72.0,retired,married,unknown,no,1940.0,no,no,telephone,4,dec,705.0,2,-1,0,unknown,yes
29.0,management,single,tertiary,no,1445.0,no,no,cellular,4,dec,271.0,2,-1,0,unknown,yes
26.0,student,single,tertiary,no,294.0,no,no,cellular,4,dec,208.0,2,-1,0,unknown,yes
49.0,management,married,tertiary,no,5887.0,no,no,cellular,4,dec,439.0,3,185,5,success,yes
43.0,management,single,tertiary,no,11891.0,no,no,cellular,4,dec,821.0,5,242,1,success,yes
28.0,student,single,unknown,no,78.0,no,no,cellular,4,dec,232.0,3,310,2,failure,yes
44.0,admin.,single,secondary,no,733.0,yes,no,cellular,4,dec,360.0,2,105,5,success,yes
73.0,retired,divorced,,no,5028.0,no,no,cellular,4,dec,696.0,10,-1,0,unknown,yes
39.0,management,married,tertiary,no,481.0,no,no,cellular,7,dec,929.0,5,189,1,other,yes
29.0,student,single,secondary,no,314.0,no,no,cellular,7,dec,415.0,2,116,4,failure,yes
31.0,technician,married,secondary,no,684.0,yes,no,cellular,7,dec,620.0,3,-1,0,unknown,yes
30.0,student,single,secondary,no,1681.0,no,no,cellular,7,dec,329.0,2,-1,0,unknown,yes
50.0,admin.,married,secondary,no,10250.0,yes,no,cellular,7,dec,254.0,3,385,2,other,yes
42.0,management,married,tertiary,no,254.0,no,no,cellular,9,dec,288.0,7,183,4,success,yes
37.0,admin.,married,secondary,no,0.0,yes,no,,9,dec,179.0,1,190,1,success,yes
49.0,technician,married,secondary,no,307.0,no,no,cellular,9,dec,854.0,1,-1,0,unknown,yes
59.0,unemployed,married,secondary,no,957.0,no,no,cellular,9,dec,479.0,2,-1,0,unknown,yes
80.0,retired,married,primary,no,155.0,no,no,telephone,9,dec,343.0,2,-1,0,unknown,yes
86.0,retired,single,secondary,no,614.0,no,no,telephone,9,dec,595.0,1,-1,0,unknown,yes
69.0,retired,married,unknown,no,426.0,no,no,telephone,9,dec,395.0,1,-1,0,unknown,yes
79.0,retired,married,secondary,no,8304.0,no,no,cellular,9,dec,456.0,2,275,9,success,yes
36.0,services,married,secondary,no,4721.0,no,no,cellular,9,dec,149.0,3,-1,0,unknown,yes
49.0,management,married,tertiary,no,395.0,no,no,cellular,10,dec,336.0,5,-1,0,unknown,yes
69.0,retired,married,secondary,no,3588.0,yes,no,cellular,10,dec,429.0,1,-1,0,unknown,yes
66.0,retired,married,unknown,no,2540.0,no,no,telephone,10,dec,441.0,2,156,1,other,yes
32.0,management,divorced,tertiary,no,883.0,yes,no,cellular,10,dec,798.0,1,185,5,other,yes
47.0,management,single,tertiary,no,4402.0,no,no,telephone,10,dec,805.0,1,190,1,other,yes
58.0,management,married,tertiary,no,256.0,no,no,cellular,10,dec,422.0,1,188,3,success,yes
64.0,retired,married,primary,no,43.0,no,no,cellular,10,dec,232.0,1,-1,0,unknown,yes
72.0,retired,married,primary,no,3856.0,no,no,cellular,10,dec,582.0,4,115,1,other,yes
79.0,retired,married,primary,no,3025.0,no,no,cellular,11,dec,166.0,3,126,3,other,yes
30.0,technician,married,secondary,no,2326.0,no,no,cellular,14,dec,420.0,1,175,2,failure,yes
36.0,management,married,tertiary,no,,no,no,cellular,14,dec,321.0,3,189,4,success,yes
53.0,entrepreneur,married,tertiary,no,1961.0,no,no,cellular,15,dec,351.0,1,-1,0,unknown,yes
34.0,management,married,tertiary,no,2037.0,no,no,cellular,15,dec,324.0,2,-1,0,unknown,yes
29.0,student,single,secondary,no,459.0,no,no,cellular,15,dec,279.0,3,189,19,other,yes
29.0,management,single,tertiary,no,572.0,no,no,cellular,16,dec,314.0,1,195,1,success,yes
81.0,retired,divorced,secondary,no,452.0,no,no,telephone,16,dec,443.0,1,-1,0,unknown,yes
57.0,retired,married,secondary,no,5313.0,no,no,cellular,16,dec,283.0,2,196,1,success,yes
72.0,retired,married,secondary,no,1533.0,no,no,cellular,16,dec,546.0,2,-1,0,unknown,yes
34.0,services,married,secondary,no,1337.0,no,no,cellular,17,dec,330.0,2,127,3,success,yes
57.0,management,divorced,unknown,no,2986.0,no,no,cellular,17,dec,222.0,2,231,1,failure,yes
66.0,housemaid,married,primary,no,1230.0,no,no,cellular,17,dec,726.0,3,-1,0,unknown,yes
27.0,student,single,secondary,no,538.0,no,no,cellular,18,dec,170.0,4,197,2,success,yes
50.0,management,married,tertiary,no,5108.0,yes,no,cellular,18,dec,406.0,1,182,2,failure,yes
75.0,retired,divorced,secondary,no,1341.0,no,no,cellular,18,dec,415.0,7,-1,0,unknown,yes
50.0,services,married,secondary,no,320.0,no,no,telephone,21,dec,294.0,3,315,4,success,yes
32.0,admin.,single,secondary,no,131.0,yes,no,cellular,21,dec,322.0,1,189,1,success,yes
59.0,retired,married,primary,no,2074.0,no,no,cellular,21,dec,467.0,1,186,2,success,yes
68.0,retired,married,secondary,no,1443.0,no,no,telephone,21,dec,2062.0,2,257,1,success,yes
31.0,technician,married,tertiary,no,3338.0,yes,no,cellular,21,dec,264.0,2,-1,0,unknown,yes
64.0,self-employed,married,tertiary,no,661.0,no,no,cellular,21,dec,367.0,2,294,2,failure,yes
30.0,unemployed,divorced,secondary,no,7105.0,no,no,cellular,22,dec,321.0,2,-1,0,unknown,yes
60.0,admin.,married,secondary,no,3735.0,no,no,cellular,22,dec,190.0,1,188,9,success,yes
35.0,management,single,tertiary,no,538.0,no,no,cellular,22,dec,410.0,3,165,2,other,yes
72.0,retired,married,primary,no,4657.0,no,no,cellular,22,dec,305.0,3,309,5,success,yes
30.0,blue-collar,married,primary,no,5.0,no,no,cellular,23,dec,282.0,1,203,1,success,yes
52.0,unemployed,divorced,secondary,no,230.0,no,no,cellular,24,dec,422.0,2,-1,0,unknown,yes
33.0,management,married,tertiary,no,1808.0,no,no,cellular,28,dec,250.0,3,-1,0,,yes
84.0,retired,married,secondary,no,81204.0,no,no,telephone,28,dec,679.0,1,313,2,other,yes
43.0,management,married,tertiary,no,3518.0,no,no,cellular,28,dec,206.0,2,196,2,success,yes
39.0,technician,single,tertiary,no,25.0,yes,no,cellular,28,dec,315.0,1,210,2,success,yes
25.0,technician,married,tertiary,no,2551.0,no,no,cellular,28,dec,400.0,3,-1,0,unknown,yes
38.0,admin.,married,secondary,no,11303.0,no,no,cellular,28,dec,473.0,2,216,2,failure,yes
44.0,management,married,unknown,no,2724.0,no,no,cellular,28,dec,893.0,1,-1,0,unknown,yes
20.0,student,single,unknown,no,755.0,no,no,cellular,29,dec,284.0,1,-1,0,unknown,yes
32.0,management,single,,no,718.0,yes,no,cellular,29,dec,155.0,1,197,1,success,yes
23.0,services,single,secondary,no,870.0,no,no,cellular,29,dec,296.0,1,176,4,success,yes
35.0,unemployed,married,secondary,no,978.0,no,no,cellular,29,dec,1370.0,3,209,3,success,yes
61.0,management,married,secondary,no,544.0,no,no,cellular,29,dec,63.0,3,200,9,success,yes
46.0,management,divorced,tertiary,no,461.0,no,no,cellular,30,dec,369.0,2,-1,0,unknown,yes
70.0,retired,married,primary,no,2795.0,no,no,cellular,8,jan,301.0,2,-1,0,unknown,yes
25.0,technician,single,secondary,no,139.0,no,yes,cellular,11,jan,202.0,1,91,1,success,yes
57.0,retired,married,secondary,no,1044.0,no,no,telephone,11,jan,585.0,1,192,2,success,yes
55.0,admin.,married,secondary,no,1633.0,no,no,cellular,11,jan,210.0,1,192,2,success,yes
33.0,management,married,tertiary,no,6513.0,yes,no,cellular,11,jan,170.0,1,343,1,other,yes
73.0,retired,married,primary,no,1388.0,no,no,telephone,11,jan,767.0,2,83,1,success,yes
34.0,unemployed,single,secondary,no,15.0,no,no,cellular,12,jan,377.0,1,-1,0,unknown,yes
31.0,technician,single,secondary,no,2544.0,no,no,cellular,12,jan,229.0,1,279,2,success,yes
25.0,,single,secondary,no,2007.0,no,no,cellular,12,jan,265.0,2,-1,0,unknown,yes
30.0,technician,married,tertiary,no,2166.0,no,no,cellular,12,jan,316.0,2,-1,0,unknown,yes
28.0,self-employed,single,tertiary,no,4579.0,no,no,cellular,12,jan,409.0,2,-1,0,unknown,yes
,student,single,secondary,no,2488.0,no,no,telephone,12,jan,661.0,2,92,1,success,yes
87.0,retired,married,primary,no,2190.0,no,no,telephone,12,jan,512.0,2,-1,0,unknown,yes
22.0,student,single,secondary,no,254.0,no,no,cellular,13,jan,143.0,2,-1,0,unknown,yes
28.0,self-employed,single,tertiary,no,1579.0,no,no,cellular,13,jan,163.0,1,91,3,failure,yes
31.0,unemployed,married,tertiary,no,330.0,no,no,cellular,13,jan,260.0,1,194,2,success,yes
60.0,retired,married,secondary,no,938.0,no,no,cellular,13,jan,380.0,3,-1,0,unknown,yes
41.0,technician,single,unknown,no,5372.0,yes,no,cellular,13,jan,248.0,3,-1,0,unknown,yes
24.0,student,single,secondary,no,3176.0,no,no,cellular,13,jan,108.0,2,-1,0,unknown,yes
54.0,management,divorced,tertiary,no,496.0,no,no,cellular,13,jan,452.0,3,-1,0,unknown,yes
35.0,technician,single,tertiary,no,0.0,no,no,cellular,14,jan,187.0,7,-1,0,unknown,yes
70.0,retired,divorced,primary,no,482.0,no,no,telephone,14,jan,372.0,1,196,2,success,yes
62.0,blue-collar,married,secondary,no,180.0,no,no,cellular,14,jan,183.0,1,90,4,other,yes
59.0,technician,married,primary,no,4198.0,no,no,cellular,14,jan,309.0,1,91,10,success,yes
48.0,unemployed,married,secondary,no,817.0,no,no,cellular,14,jan,517.0,1,282,4,success,yes
45.0,admin.,married,secondary,no,5021.0,no,no,cellular,14,jan,233.0,1,-1,0,unknown,yes
36.0,admin.,married,unknown,no,991.0,no,no,cellular,14,jan,589.0,2,-1,0,unknown,yes
33.0,services,single,secondary,no,133.0,no,no,cellular,14,jan,305.0,2,274,1,success,yes
32.0,admin.,married,secondary,no,366.0,no,no,cellular,14,jan,366.0,2,-1,0,unknown,yes
60.0,retired,divorced,tertiary,no,979.0,yes,no,cellular,15,jan,295.0,3,347,1,failure,yes
39.0,management,married,tertiary,no,2939.0,no,no,cellular,15,jan,348.0,2,-1,0,unknown,yes
37.0,admin.,single,secondary,no,4803.0,no,no,cellular,15,jan,396.0,2,-1,0,unknown,yes
85.0,retired,married,primary,no,1255.0,no,no,cellular,15,jan,233.0,3,-1,0,unknown,yes
79.0,retired,married,primary,no,8556.0,no,no,telephone,18,jan,326.0,2,272,2,success,yes
64.0,retired,married,secondary,no,588.0,no,no,cellular,18,jan,366.0,1,91,2,failure,yes
,technician,married,secondary,no,994.0,yes,no,cellular,18,jan,453.0,1,67,9,success,yes
47.0,blue-collar,married,secondary,no,820.0,no,no,cellular,18,jan,262.0,1,91,1,success,yes
66.0,retired,married,secondary,no,203.0,no,no,cellular,18,jan,353.0,1,195,1,success,yes
61.0,retired,married,secondary,no,86.0,no,no,cellular,25,jan,639.0,1,94,1,success,yes
27.0,admin.,married,tertiary,no,2855.0,no,no,cellular,25,jan,240.0,1,301,3,failure,yes
63.0,retired,married,secondary,no,474.0,no,no,cellular,25,jan,423.0,1,-1,0,unknown,yes
36.0,management,married,tertiary,no,203.0,no,no,,25,jan,255.0,1,88,1,success,yes
38.0,unemployed,married,primary,no,7005.0,yes,no,cellular,25,jan,696.0,1,202,2,success,yes
92.0,retired,married,unknown,no,775.0,no,no,cellular,26,jan,164.0,4,96,3,success,yes
77.0,retired,married,secondary,no,4112.0,no,no,telephone,26,jan,1616.0,1,95,2,success,yes
30.0,admin.,single,secondary,no,255.0,no,no,cellular,27,jan,143.0,1,-1,0,unknown,yes
81.0,retired,married,primary,no,243.0,no,no,cellular,27,jan,340.0,1,92,1,success,yes
42.0,unknown,single,unknown,no,942.0,no,no,cellular,27,jan,,1,92,2,success,yes
48.0,admin.,divorced,secondary,no,1180.0,no,no,cellular,27,jan,142.0,1,238,3,other,yes
52.0,services,married,secondary,no,992.0,yes,no,cellular,27,jan,342.0,1,92,2,success,yes
38.0,housemaid,divorced,secondary,no,70.0,no,no,cellular,27,jan,164.0,4,92,4,success,yes
61.0,admin.,married,unknown,no,4629.0,yes,no,cellular,27,jan,181.0,1,92,1,success,yes
20.0,student,single,unknown,no,829.0,no,no,cellular,27,jan,196.0,3,202,2,success,yes
39.0,admin.,married,secondary,no,0.0,no,no,cellular,27,jan,366.0,1,436,10,failure,yes
44.0,technician,married,secondary,no,2776.0,yes,no,cellular,27,jan,701.0,1,-1,0,unknown,yes
73.0,retired,married,primary,no,279.0,no,no,cellular,28,jan,399.0,3,-1,0,unknown,yes
36.0,student,single,tertiary,no,129.0,no,no,cellular,28,jan,918.0,1,93,1,success,yes
48.0,management,married,tertiary,no,157.0,no,no,cellular,28,jan,417.0,4,-1,0,unknown,yes
52.0,services,married,secondary,no,659.0,no,no,cellular,28,jan,390.0,4,93,1,success,yes
30.0,blue-collar,married,secondary,no,2493.0,no,no,cellular,28,jan,293.0,2,-1,0,unknown,yes
36.0,management,married,tertiary,no,3949.0,no,no,cellular,28,jan,130.0,2,-1,0,unknown,yes
80.0,retired,married,primary,no,997.0,no,no,cellular,28,jan,151.0,1,91,3,success,yes
33.0,technician,married,tertiary,no,1699.0,no,no,cellular,28,jan,202.0,1,83,3,success,yes
56.0,technician,married,tertiary,no,1181.0,no,no,cellular,28,jan,186.0,1,433,1,failure,yes
54.0,admin.,married,secondary,no,0.0,no,no,cellular,28,jan,161.0,1,98,2,failure,yes
34.0,admin.,married,tertiary,no,0.0,no,no,cellular,28,jan,155.0,2,-1,0,unknown,yes
66.0,retired,married,tertiary,no,1948.0,no,no,cellular,28,jan,216.0,1,91,4,success,yes
52.0,blue-collar,married,primary,no,306.0,no,no,cellular,28,jan,223.0,1,-1,0,unknown,yes
60.0,retired,married,secondary,no,18967.0,yes,no,cellular,29,jan,177.0,2,-1,0,unknown,yes
28.0,admin.,single,secondary,no,261.0,yes,yes,cellular,29,jan,254.0,3,142,6,success,yes
56.0,retired,divorced,primary,no,694.0,no,no,cellular,29,jan,144.0,1,102,1,other,yes
36.0,technician,married,tertiary,no,202.0,no,no,cellular,29,jan,313.0,1,120,3,failure,yes
45.0,management,single,tertiary,no,4831.0,no,no,cellular,29,jan,479.0,11,-1,0,unknown,yes
60.0,management,married,unknown,no,264.0,no,no,telephone,1,feb,265.0,1,-1,0,unknown,yes
33.0,entrepreneur,single,secondary,no,500000.0,no,no,cellular,1,feb,563.0,5,-1,0,unknown,yes
77.0,retired,married,tertiary,no,7802.0,no,no,telephone,1,feb,483.0,2,-1,0,unknown,yes
66.0,retired,married,primary,no,3629.0,no,no,cellular,2,feb,474.0,1,172,2,other,yes
45.0,,married,tertiary,no,547.0,no,no,cellular,2,feb,577.0,1,-1,0,unknown,yes
30.0,student,single,unknown,no,4468.0,no,no,cellular,2,feb,204.0,1,-1,0,unknown,yes
56.0,services,married,secondary,no,1989.0,no,no,cellular,3,feb,336.0,2,281,2,failure,yes
64.0,housemaid,married,unknown,no,2645.0,no,no,telephone,3,feb,219.0,2,-1,0,unknown,yes
30.0,technician,single,tertiary,no,4060.0,no,no,cellular,3,feb,179.0,1,93,1,other,yes
33.0,technician,married,secondary,no,303.0,yes,no,cellular,3,feb,355.0,1,301,5,success,yes
72.0,retired,married,primary,no,2600.0,no,no,cellular,3,feb,443.0,2,82,3,success,yes
44.0,technician,married,tertiary,no,1818.0,yes,yes,cellular,3,feb,508.0,1,92,4,failure,yes
37.0,admin.,single,secondary,no,728.0,no,no,cellular,3,feb,129.0,1,174,2,other,yes
52.0,blue-collar,married,secondary,no,955.0,no,yes,cellular,3,feb,153.0,1,48,3,success,yes
37.0,technician,single,secondary,no,265.0,yes,yes,cellular,3,feb,140.0,1,366,2,failure,yes
34.0,management,married,tertiary,no,123.0,no,no,cellular,3,feb,301.0,3,-1,0,unknown,yes
78.0,retired,married,unknown,no,4807.0,no,no,telephone,3,feb,892.0,2,104,4,success,yes
45.0,admin.,married,secondary,no,205.0,no,no,cellular,3,feb,373.0,1,92,1,success,yes
68.0,retired,married,tertiary,no,2812.0,no,no,cellular,3,feb,279.0,2,181,1,failure,yes
53.0,management,married,tertiary,no,6571.0,no,no,cellular,3,feb,208.0,1,-1,0,unknown,yes
39.0,services,married,secondary,no,2758.0,no,no,cellular,4,feb,658.0,3,-1,0,unknown,yes
55.0,management,divorced,tertiary,no,2037.0,no,no,cellular,4,feb,305.0,2,94,3,success,yes
32.0,student,single,tertiary,no,0.0,no,no,cellular,4,feb,233.0,3,276,2,failure,yes
76.0,retired,married,primary,no,2223.0,no,no,telephone,4,feb,429.0,1,-1,0,unknown,yes
35.0,admin.,divorced,secondary,no,1085.0,no,no,cellular,4,feb,195.0,6,97,12,other,yes
55.0,admin.,married,secondary,no,602.0,no,no,cellular,4,feb,390.0,2,150,6,success,yes
41.0,technician,single,tertiary,no,1646.0,yes,no,cellular,4,feb,261.0,1,184,6,success,yes
35.0,unemployed,single,tertiary,no,415.0,no,no,cellular,4,feb,649.0,1,176,1,failure,yes
80.0,retired,married,secondary,no,2354.0,no,no,telephone,4,feb,739.0,1,181,2,failure,yes
38.0,technician,married,secondary,no,318.0,no,no,cellular,4,feb,383.0,1,181,5,failure,yes
48.0,blue-collar,married,secondary,no,1730.0,yes,no,cellular,4,feb,489.0,1,178,2,failure,yes
25.0,management,married,unknown,no,448.0,no,no,cellular,5,feb,151.0,1,297,1,success,yes
36.0,admin.,single,tertiary,no,994.0,no,no,cellular,5,feb,195.0,1,176,5,,yes
29.0,housemaid,single,tertiary,no,19.0,no,no,cellular,5,feb,110.0,2,64,2,success,yes
58.0,unemployed,married,secondary,no,1625.0,no,no,cellular,5,feb,286.0,2,-1,0,unknown,yes
46.0,blue-collar,married,secondary,no,1144.0,yes,no,cellular,8,feb,376.0,2,129,3,other,yes
23.0,,single,tertiary,no,897.0,yes,no,cellular,8,feb,190.0,2,280,8,failure,yes
67.0,retired,divorced,secondary,no,704.0,no,no,cellular,8,feb,186.0,2,97,1,success,yes
30.0,management,married,tertiary,no,1996.0,no,no,cellular,8,feb,1133.0,3,101,1,,yes
22.0,student,single,secondary,no,216.0,no,no,cellular,8,feb,363.0,1,187,1,success,yes
45.0,admin.,married,secondary,no,1206.0,no,no,telephone,8,feb,309.0,1,446,3,failure,yes
40.0,management,married,tertiary,no,1855.0,no,no,telephone,8,feb,78.0,6,-1,0,unknown,yes
35.0,management,married,tertiary,no,62.0,no,no,cellular,8,feb,469.0,2,185,2,failure,yes
33.0,student,married,secondary,no,1536.0,no,no,cellular,9,feb,359.0,1,92,3,success,yes
60.0,technician,married,,no,824.0,yes,no,cellular,9,feb,127.0,1,558,7,other,yes
24.0,student,single,tertiary,no,235.0,no,no,cellular,9,feb,98.0,1,92,1,success,yes
18.0,student,single,unknown,no,108.0,no,no,cellular,9,feb,92.0,1,183,1,success,yes
65.0,entrepreneur,married,tertiary,no,2331.0,no,no,telephone,9,feb,290.0,1,92,1,success,yes
27.0,management,single,,no,390.0,no,no,cellular,9,feb,120.0,2,104,2,failure,yes
35.0,admin.,single,secondary,no,-32.0,no,yes,cellular,9,feb,63.0,4,182,5,failure,yes
39.0,blue-collar,single,tertiary,no,172.0,yes,no,cellular,9,feb,125.0,2,183,2,failure,yes
53.0,admin.,married,secondary,no,10541.0,no,no,cellular,9,feb,164.0,2,92,1,success,yes
23.0,student,single,secondary,no,480.0,no,no,cellular,9,feb,742.0,2,182,1,failure,yes
34.0,admin.,married,secondary,no,2374.0,yes,no,cellular,9,feb,243.0,2,92,3,success,yes
36.0,management,single,tertiary,no,479.0,no,no,cellular,9,feb,629.0,2,-1,0,unknown,yes
52.0,unemployed,married,secondary,no,94.0,no,no,cellular,10,feb,153.0,1,92,13,success,yes
36.0,student,single,unknown,no,417.0,no,no,cellular,10,feb,151.0,1,-1,0,unknown,yes
61.0,retired,married,tertiary,no,2557.0,yes,no,cellular,10,feb,158.0,2,92,5,success,yes
58.0,technician,married,secondary,no,589.0,yes,no,cellular,10,feb,511.0,3,183,6,success,yes
48.0,unemployed,divorced,secondary,no,201.0,no,no,cellular,10,feb,406.0,2,92,2,success,yes
34.0,management,divorced,tertiary,no,,no,no,cellular,10,feb,314.0,2,156,4,other,yes
58.0,management,married,secondary,no,2155.0,no,yes,cellular,10,feb,135.0,2,92,5,success,yes
39.0,technician,divorced,secondary,no,902.0,yes,no,cellular,10,feb,691.0,2,180,5,failure,yes
44.0,management,married,tertiary,no,1791.0,no,no,cellular,11,feb,71.0,1,190,1,success,yes
54.0,unknown,married,secondary,no,2206.0,no,no,cellular,11,feb,449.0,1,91,3,success,yes
27.0,student,single,tertiary,no,5291.0,no,no,cellular,11,feb,293.0,1,91,4,success,yes
77.0,retired,married,secondary,no,638.0,no,no,cellular,11,feb,288.0,1,188,1,success,yes
30.0,admin.,single,secondary,no,4448.0,no,no,cellular,11,feb,112.0,8,-1,0,unknown,yes
61.0,retired,married,tertiary,no,5267.0,no,no,cellular,11,feb,226.0,3,-1,0,unknown,yes
76.0,retired,married,,no,3324.0,no,no,cellular,11,feb,309.0,1,90,4,success,yes
28.0,blue-collar,married,secondary,no,61.0,yes,no,cellular,11,feb,253.0,1,174,4,success,yes
35.0,management,married,tertiary,no,0.0,yes,no,cellular,11,feb,391.0,2,92,5,success,yes
59.0,technician,married,secondary,no,116.0,no,no,cellular,11,feb,268.0,1,183,7,success,yes
42.0,blue-collar,married,secondary,no,413.0,yes,no,cellular,11,feb,456.0,2,184,2,success,yes
35.0,self-employed,single,tertiary,no,353.0,no,no,cellular,11,feb,352.0,1,183,1,success,yes
71.0,retired,married,secondary,no,1712.0,no,no,cellular,11,feb,660.0,1,-1,0,unknown,yes
60.0,retired,married,secondary,no,523.0,no,no,cellular,11,feb,467.0,1,182,3,success,yes
34.0,blue-collar,married,secondary,no,1454.0,yes,no,cellular,11,feb,231.0,2,297,2,failure,yes
57.0,retired,married,primary,no,9367.0,no,no,cellular,11,feb,981.0,1,90,6,success,yes
75.0,retired,married,secondary,no,291.0,no,no,cellular,11,feb,515.0,1,183,1,failure,yes
64.0,retired,married,tertiary,no,846.0,no,no,cellular,11,feb,671.0,1,181,3,failure,yes
36.0,technician,married,tertiary,no,341.0,no,no,cellular,12,feb,419.0,2,183,1,success,yes
29.0,technician,single,secondary,no,113.0,no,no,cellular,12,feb,328.0,2,183,4,success,yes
,management,single,tertiary,no,13014.0,no,no,cellular,12,feb,637.0,1,183,1,success,yes
26.0,unemployed,single,secondary,no,632.0,no,no,cellular,12,feb,218.0,1,-1,0,unknown,yes
41.0,management,married,tertiary,no,27696.0,no,no,cellular,12,feb,138.0,2,184,3,success,yes
47.0,blue-collar,married,secondary,no,3715.0,no,no,cellular,12,feb,171.0,2,182,4,other,yes
52.0,management,married,tertiary,no,4675.0,no,no,cellular,12,feb,181.0,3,-1,0,unknown,yes
32.0,technician,married,secondary,no,3271.0,no,no,cellular,12,feb,375.0,1,374,1,other,yes
21.0,student,single,secondary,no,123.0,no,no,telephone,12,feb,379.0,5,93,2,success,yes
54.0,technician,married,secondary,no,10185.0,no,no,cellular,12,feb,251.0,1,186,3,success,yes
29.0,management,single,tertiary,no,1026.0,no,no,cellular,12,feb,138.0,2,92,2,success,yes
32.0,management,married,tertiary,no,905.0,no,no,cellular,12,feb,666.0,4,-1,0,unknown,yes
38.0,services,married,secondary,no,775.0,no,no,cellular,12,feb,1835.0,3,182,2,success,yes
48.0,unemployed,married,,no,926.0,no,no,cellular,15,feb,382.0,4,185,6,success,yes
46.0,management,married,tertiary,no,349.0,no,no,cellular,15,feb,295.0,2,616,1,failure,yes
32.0,technician,married,secondary,no,484.0,yes,no,cellular,15,feb,83.0,6,187,3,success,yes
49.0,services,married,primary,no,1830.0,yes,no,cellular,15,feb,136.0,1,-1,0,unknown,yes
37.0,management,married,tertiary,no,2987.0,yes,no,cellular,15,feb,93.0,1,91,9,failure,yes
37.0,technician,single,tertiary,no,197.0,no,no,cellular,15,feb,531.0,1,91,2,success,yes
23.0,student,single,secondary,no,431.0,no,no,cellular,15,feb,201.0,3,186,2,success,yes
58.0,admin.,married,secondary,no,169.0,no,no,cellular,15,feb,216.0,1,91,4,success,yes
45.0,management,married,tertiary,no,226.0,yes,no,cellular,15,feb,91.0,4,185,6,success,yes
30.0,unemployed,single,secondary,no,2424.0,no,no,cellular,15,feb,337.0,1,95,2,success,yes
23.0,student,single,secondary,no,1234.0,no,no,cellular,15,feb,379.0,1,91,1,success,yes
34.0,management,married,tertiary,no,271.0,yes,no,cellular,15,feb,308.0,1,94,4,success,yes
27.0,management,single,tertiary,no,-69.0,yes,no,cellular,15,feb,205.0,3,-1,0,unknown,yes
28.0,student,single,tertiary,no,1562.0,no,no,cellular,15,feb,659.0,4,-1,0,unknown,yes
61.0,self-employed,divorced,tertiary,no,52587.0,no,no,cellular,15,feb,,3,189,1,success,yes
27.0,blue-collar,single,secondary,no,535.0,no,no,cellular,15,feb,171.0,1,91,2,success,yes
34.0,management,single,tertiary,no,2159.0,no,no,unknown,18,feb,386.0,1,-1,0,unknown,yes
52.0,technician,married,secondary,no,195.0,yes,no,cellular,18,feb,220.0,1,63,5,failure,yes
28.0,technician,single,secondary,no,154.0,yes,no,cellular,18,feb,416.0,2,-1,0,unknown,yes
35.0,management,single,tertiary,no,681.0,no,no,cellular,18,feb,737.0,1,561,2,success,yes
66.0,retired,married,secondary,no,2326.0,no,yes,cellular,18,feb,232.0,1,181,1,success,yes
52.0,services,married,secondary,no,961.0,no,yes,cellular,18,feb,222.0,1,553,4,failure,yes
26.0,admin.,single,tertiary,no,2532.0,yes,yes,cellular,18,feb,269.0,1,-1,0,unknown,yes
38.0,management,single,tertiary,no,455.0,yes,no,cellular,19,feb,255.0,2,555,6,success,yes
59.0,self-employed,married,tertiary,no,2013.0,no,no,cellular,19,feb,222.0,4,94,2,success,yes
47.0,blue-collar,married,secondary,no,1568.0,yes,no,cellular,19,feb,388.0,1,262,7,success,yes
22.0,student,single,unknown,no,1215.0,no,no,cellular,19,feb,145.0,3,192,1,failure,yes
82.0,retired,married,secondary,no,350000.0,no,no,telephone,19,feb,330.0,1,-1,0,unknown,yes
60.0,retired,divorced,secondary,no,1.0,no,no,cellular,19,feb,302.0,1,184,1,success,yes
53.0,management,married,tertiary,no,597.0,no,no,unknown,22,feb,392.0,1,-1,0,unknown,yes
39.0,management,single,tertiary,no,763.0,no,no,cellular,22,feb,543.0,1,189,1,failure,yes
27.0,unknown,single,unknown,no,326.0,no,no,cellular,22,feb,326.0,1,-1,0,unknown,yes
35.0,management,married,tertiary,no,1380.0,no,no,cellular,23,feb,155.0,1,-1,0,unknown,yes
80.0,housemaid,married,primary,no,0.0,no,no,cellular,23,feb,639.0,1,189,1,failure,yes
47.0,admin.,married,secondary,no,368.0,no,no,cellular,23,feb,269.0,1,187,5,success,yes
72.0,retired,divorced,tertiary,no,438.0,no,no,cellular,23,feb,279.0,1,-1,0,unknown,yes
45.0,management,single,tertiary,no,483.0,no,no,cellular,23,feb,95.0,2,265,11,other,yes
37.0,unemployed,married,tertiary,no,7620.0,no,no,telephone,23,feb,367.0,1,176,6,failure,yes
29.0,self-employed,single,tertiary,no,805.0,no,no,cellular,23,feb,132.0,1,103,7,failure,yes
40.0,management,single,tertiary,no,0.0,yes,no,cellular,23,feb,228.0,2,182,6,failure,yes
32.0,management,married,tertiary,no,302.0,yes,yes,unknown,23,feb,61.0,1,384,2,failure,yes
20.0,student,single,secondary,no,215.0,no,no,cellular,24,feb,175.0,1,92,6,success,yes
48.0,housemaid,married,tertiary,no,5473.0,no,no,cellular,24,feb,127.0,2,184,2,success,yes
60.0,admin.,married,secondary,no,106.0,no,no,cellular,24,feb,137.0,1,187,4,success,yes
70.0,retired,married,primary,no,2346.0,no,no,cellular,24,feb,694.0,1,184,5,failure,yes
78.0,retired,divorced,secondary,no,3219.0,no,no,cellular,24,feb,151.0,1,-1,0,unknown,yes
52.0,admin.,single,unknown,no,2227.0,no,no,cellular,24,feb,242.0,2,-1,0,unknown,yes
61.0,,divorced,tertiary,no,6610.0,no,no,cellular,24,feb,481.0,2,-1,0,unknown,yes
27.0,services,single,secondary,no,195.0,yes,no,cellular,25,feb,416.0,3,-1,0,unknown,yes
63.0,technician,married,secondary,no,973.0,no,no,cellular,25,feb,318.0,1,388,1,success,yes
59.0,technician,married,secondary,no,7766.0,yes,no,cellular,25,feb,1422.0,1,461,1,failure,yes
22.0,student,single,secondary,no,948.0,no,no,telephone,25,feb,169.0,1,191,3,success,yes
66.0,management,married,unknown,no,2149.0,yes,no,cellular,25,feb,98.0,1,87,10,failure,yes
74.0,retired,married,primary,no,1413.0,no,no,cellular,25,feb,385.0,2,-1,0,unknown,yes
52.0,technician,married,secondary,no,117.0,no,no,cellular,26,feb,959.0,3,186,6,success,yes
71.0,retired,divorced,secondary,no,0.0,no,no,cellular,26,feb,771.0,1,171,1,success,yes
33.0,management,married,tertiary,no,,no,no,cellular,26,feb,335.0,3,102,2,failure,yes
56.0,technician,married,secondary,no,1938.0,no,yes,cellular,26,feb,229.0,1,192,4,success,yes
30.0,management,single,tertiary,no,5359.0,no,no,cellular,26,feb,427.0,1,191,3,success,yes
73.0,retired,married,unknown,no,519.0,no,no,telephone,26,feb,270.0,3,133,2,success,yes
28.0,blue-collar,single,secondary,no,-46.0,yes,no,cellular,2,mar,525.0,1,89,11,failure,yes
27.0,technician,single,tertiary,no,1075.0,no,no,cellular,2,mar,658.0,1,-1,0,unknown,yes
38.0,services,single,secondary,no,91.0,no,no,cellular,2,mar,207.0,1,-1,0,unknown,yes
28.0,technician,single,secondary,no,598.0,yes,no,cellular,2,mar,177.0,1,288,2,,yes
37.0,management,single,tertiary,no,1027.0,yes,no,cellular,2,mar,313.0,1,152,2,success,yes
47.0,technician,married,primary,no,235.0,no,no,cellular,2,mar,136.0,2,203,1,other,yes
60.0,retired,divorced,tertiary,no,2.0,no,no,cellular,2,mar,228.0,4,390,2,other,yes
42.0,technician,married,secondary,no,4945.0,yes,no,cellular,2,mar,311.0,2,-1,0,unknown,yes
27.0,student,single,tertiary,no,311.0,no,no,telephone,2,mar,187.0,3,322,1,other,yes
25.0,student,single,secondary,no,154.0,no,no,cellular,3,mar,141.0,1,180,2,failure,yes
90.0,retired,divorced,primary,no,712.0,no,no,telephone,3,mar,557.0,1,-1,0,unknown,yes
29.0,student,single,unknown,no,7585.0,no,no,cellular,3,mar,145.0,2,198,1,failure,yes
29.0,technician,single,tertiary,no,2489.0,yes,no,cellular,3,mar,355.0,1,86,5,failure,yes
63.0,retired,married,secondary,no,2896.0,no,no,cellular,4,mar,180.0,2,-1,0,unknown,yes
32.0,management,single,tertiary,no,354.0,no,no,cellular,4,mar,177.0,2,133,5,other,yes
32.0,management,married,tertiary,no,2667.0,yes,no,cellular,4,mar,251.0,1,181,4,failure,yes
42.0,management,married,tertiary,no,144.0,no,no,cellular,4,mar,148.0,1,87,4,failure,yes
26.0,admin.,single,tertiary,no,760.0,yes,no,cellular,4,mar,456.0,2,281,5,success,yes
73.0,retired,single,secondary,no,1050.0,no,no,cellular,4,mar,562.0,3,181,2,failure,yes
26.0,student,single,secondary,no,5296.0,no,no,cellular,5,mar,229.0,1,205,1,failure,yes
60.0,admin.,married,secondary,no,12980.0,no,no,cellular,5,mar,115.0,1,-1,0,unknown,yes
25.0,blue-collar,single,secondary,no,509.0,no,no,cellular,5,mar,418.0,1,-1,0,unknown,yes
64.0,retired,married,tertiary,no,1644.0,no,no,telephone,5,mar,341.0,4,179,4,success,yes
68.0,retired,married,primary,no,451.0,no,no,cellular,5,mar,373.0,1,-1,0,unknown,yes
39.0,services,married,secondary,no,53.0,no,no,unknown,5,mar,257.0,1,394,1,failure,yes
40.0,unemployed,single,secondary,no,334.0,no,no,cellular,5,mar,219.0,1,91,6,,yes
37.0,management,married,tertiary,no,6771.0,no,no,cellular,5,mar,319.0,1,-1,0,unknown,yes
36.0,services,married,secondary,no,52.0,yes,no,cellular,5,mar,498.0,2,179,7,success,yes
33.0,management,divorced,tertiary,no,2240.0,no,no,cellular,8,mar,264.0,2,278,1,success,yes
83.0,retired,married,tertiary,no,4761.0,no,no,telephone,8,mar,659.0,1,-1,0,unknown,yes
31.0,technician,married,tertiary,no,1570.0,yes,no,cellular,8,mar,277.0,4,286,1,failure,yes
64.0,unemployed,divorced,secondary,no,588.0,no,no,cellular,8,mar,409.0,1,-1,0,unknown,yes
59.0,unemployed,married,secondary,no,957.0,no,no,cellular,8,mar,301.0,1,89,2,success,yes
33.0,management,single,tertiary,no,224.0,no,no,cellular,8,mar,241.0,2,-1,0,unknown,yes
35.0,management,married,tertiary,no,2161.0,no,no,cellular,9,mar,139.0,2,181,3,success,yes
69.0,retired,married,unknown,no,426.0,no,no,telephone,9,mar,225.0,1,90,1,success,yes
31.0,management,single,tertiary,no,147.0,no,no,cellular,9,mar,469.0,1,181,2,success,yes
73.0,retired,married,primary,no,508.0,no,no,cellular,9,mar,176.0,1,-1,0,unknown,yes
35.0,technician,married,secondary,no,294.0,yes,no,cellular,9,mar,301.0,1,90,4,success,yes
28.0,management,single,tertiary,no,1825.0,no,no,cellular,9,mar,236.0,1,-1,0,unknown,yes
34.0,management,married,tertiary,no,158.0,no,no,cellular,9,mar,212.0,3,181,6,success,yes
33.0,management,married,tertiary,no,0.0,yes,no,cellular,9,mar,305.0,1,326,1,success,yes
36.0,services,married,secondary,no,4721.0,no,no,cellular,9,mar,288.0,2,90,3,success,yes
44.0,,married,unknown,no,282.0,no,no,cellular,9,mar,700.0,2,154,3,success,yes
19.0,student,single,unknown,no,108.0,no,no,cellular,9,mar,273.0,2,182,1,success,yes
28.0,management,single,tertiary,no,187.0,no,no,cellular,9,mar,295.0,1,-1,0,unknown,yes
51.0,blue-collar,married,primary,no,3764.0,no,no,telephone,9,mar,450.0,3,181,6,success,yes
52.0,unemployed,married,secondary,no,1416.0,no,no,cellular,10,mar,436.0,2,182,1,success,yes
61.0,retired,married,,no,2801.0,yes,yes,cellular,10,mar,239.0,1,-1,0,unknown,yes
39.0,management,married,tertiary,no,494.0,no,no,cellular,10,mar,106.0,2,478,3,failure,yes
37.0,unemployed,married,secondary,no,1978.0,no,no,,11,mar,335.0,1,-1,0,unknown,yes
80.0,retired,married,primary,no,155.0,no,no,telephone,12,mar,290.0,1,93,2,success,yes
61.0,admin.,married,secondary,no,4608.0,no,no,cellular,12,mar,212.0,1,-1,0,unknown,yes
72.0,retired,married,secondary,no,951.0,no,yes,cellular,12,mar,229.0,3,339,1,failure,yes
36.0,management,married,tertiary,no,495.0,no,no,cellular,12,mar,213.0,3,182,6,success,yes
74.0,retired,married,tertiary,no,1843.0,no,no,cellular,15,mar,192.0,1,185,2,,yes
35.0,blue-collar,married,secondary,no,262.0,no,no,cellular,15,mar,427.0,1,181,3,success,yes
82.0,retired,divorced,primary,no,0.0,no,no,telephone,15,mar,506.0,2,195,1,other,yes
71.0,retired,married,tertiary,no,3561.0,no,no,telephone,15,mar,577.0,7,-1,0,unknown,yes
38.0,housemaid,single,secondary,no,465.0,yes,no,cellular,16,mar,180.0,1,302,3,,yes
38.0,management,married,unknown,no,76.0,no,no,cellular,16,mar,261.0,1,-1,0,unknown,yes
53.0,admin.,married,secondary,no,1796.0,no,no,telephone,16,mar,295.0,1,91,2,success,yes
29.0,management,single,tertiary,no,874.0,yes,no,cellular,16,mar,231.0,1,181,2,success,yes
64.0,retired,married,primary,no,2140.0,no,no,cellular,16,mar,881.0,3,155,2,failure,yes
35.0,unemployed,single,secondary,no,295.0,no,no,unknown,17,mar,473.0,1,-1,0,unknown,yes
35.0,admin.,married,secondary,no,304.0,no,no,cellular,18,mar,237.0,1,-1,0,unknown,yes
46.0,management,divorced,tertiary,no,624.0,no,no,cellular,18,mar,420.0,1,276,1,other,yes
25.0,blue-collar,single,secondary,no,303.0,no,no,,18,mar,265.0,1,-1,0,unknown,yes
46.0,management,married,tertiary,no,273.0,yes,no,cellular,18,mar,910.0,2,184,4,success,yes
59.0,management,married,tertiary,no,3342.0,no,no,cellular,18,mar,467.0,2,188,6,other,yes
35.0,technician,single,secondary,no,1227.0,no,no,cellular,18,mar,593.0,4,90,6,other,yes
22.0,technician,single,secondary,no,283.0,yes,no,cellular,22,mar,254.0,2,-1,0,unknown,yes
31.0,management,single,tertiary,no,3384.0,no,no,cellular,22,mar,247.0,3,187,3,,yes
43.0,management,divorced,tertiary,no,2367.0,no,no,cellular,22,mar,173.0,2,181,4,success,yes
35.0,management,single,tertiary,no,5958.0,yes,no,cellular,22,mar,215.0,1,-1,0,unknown,yes
60.0,admin.,married,secondary,no,3735.0,no,no,cellular,22,mar,248.0,1,90,10,success,yes
54.0,management,married,secondary,no,2693.0,no,no,cellular,22,mar,222.0,1,188,6,other,yes
29.0,self-employed,single,tertiary,no,655.0,no,no,cellular,23,mar,273.0,1,-1,0,unknown,yes
30.0,student,single,secondary,no,1681.0,no,no,cellular,23,mar,128.0,1,106,2,success,yes
28.0,management,single,tertiary,no,866.0,no,no,cellular,23,mar,191.0,2,-1,0,unknown,yes
43.0,services,married,secondary,no,774.0,no,no,cellular,25,mar,101.0,1,421,1,success,yes
37.0,,married,secondary,no,2678.0,no,no,cellular,25,mar,156.0,1,-1,0,unknown,yes
62.0,management,married,tertiary,no,3371.0,no,no,cellular,25,mar,17944.0,1,178,2,success,yes
57.0,management,married,tertiary,no,10583.0,no,no,cellular,25,mar,272.0,1,178,6,success,yes
33.0,management,single,tertiary,no,4176.0,no,no,cellular,26,mar,288.0,3,-1,0,unknown,yes
47.0,management,single,tertiary,no,334.0,yes,no,cellular,26,mar,360.0,1,326,8,failure,yes
39.0,technician,single,tertiary,no,393.0,no,no,cellular,26,mar,281.0,1,-1,0,unknown,yes
30.0,self-employed,single,tertiary,no,916.0,no,no,cellular,29,mar,92.0,2,90,2,success,yes
28.0,admin.,single,tertiary,no,832.0,no,no,telephone,29,mar,433.0,3,342,1,failure,yes
57.0,management,divorced,tertiary,no,3287.0,no,no,cellular,30,mar,277.0,2,337,1,success,yes
23.0,services,single,secondary,no,488.0,no,no,cellular,30,mar,236.0,1,92,2,other,yes
56.0,housemaid,single,tertiary,no,1947.0,no,no,unknown,30,mar,110.0,1,-1,0,unknown,yes
44.0,admin.,divorced,tertiary,no,558.0,yes,no,cellular,31,mar,262.0,2,-1,0,unknown,yes
80.0,retired,divorced,primary,no,235.0,no,no,cellular,31,mar,577.0,1,223,3,other,yes
47.0,management,married,tertiary,no,288.0,no,no,cellular,31,mar,193.0,1,181,1,success,yes
27.0,student,single,secondary,no,6036.0,no,no,cellular,31,mar,175.0,1,181,1,failure,yes
26.0,management,single,tertiary,no,3.0,yes,yes,cellular,1,apr,149.0,1,350,1,success,yes
50.0,technician,divorced,secondary,no,0.0,no,no,cellular,1,apr,280.0,1,184,3,success,yes
84.0,retired,married,secondary,no,81204.0,no,no,telephone,1,apr,390.0,1,94,3,success,yes
86.0,retired,married,primary,no,5236.0,no,no,telephone,1,apr,558.0,2,-1,0,unknown,yes
46.0,management,married,unknown,no,2466.0,no,no,telephone,1,apr,216.0,3,370,1,failure,yes
45.0,technician,married,secondary,no,1348.0,no,yes,cellular,1,apr,358.0,2,-1,0,unknown,yes
60.0,blue-collar,married,primary,no,7929.0,no,no,unknown,1,apr,111.0,1,-1,0,unknown,yes
47.0,admin.,married,secondary,no,70.0,yes,no,cellular,5,apr,144.0,4,374,2,success,yes
53.0,admin.,married,secondary,no,459.0,no,no,cellular,5,apr,558.0,1,-1,0,unknown,yes
54.0,technician,married,secondary,no,2102.0,yes,no,cellular,5,apr,547.0,1,626,2,failure,yes
19.0,student,single,secondary,no,394.0,no,no,cellular,5,apr,327.0,3,-1,0,unknown,yes
24.0,student,single,secondary,no,4126.0,no,no,cellular,5,apr,907.0,4,185,7,failure,yes
39.0,management,divorced,tertiary,no,224.0,no,no,cellular,5,apr,208.0,1,-1,0,unknown,yes
53.0,technician,married,tertiary,no,9001.0,no,no,cellular,5,apr,,1,-1,0,unknown,yes
29.0,management,single,unknown,no,560.0,no,no,cellular,5,apr,459.0,1,307,1,failure,yes
30.0,management,married,tertiary,no,102.0,yes,no,,5,apr,470.0,7,426,3,other,yes
32.0,management,single,secondary,no,1088.0,yes,no,cellular,6,apr,317.0,1,363,2,success,yes
33.0,self-employed,single,tertiary,no,562.0,yes,yes,cellular,6,apr,196.0,1,363,1,failure,yes
33.0,management,single,tertiary,no,718.0,yes,no,cellular,6,apr,122.0,1,98,2,success,yes
57.0,retired,married,unknown,no,230.0,no,no,cellular,6,apr,177.0,2,210,3,failure,yes
27.0,technician,single,tertiary,no,-67.0,yes,no,cellular,6,apr,604.0,3,236,2,failure,yes
55.0,management,married,tertiary,no,3848.0,yes,no,cellular,8,apr,222.0,2,-1,0,unknown,yes
36.0,management,single,tertiary,no,579.0,no,no,unknown,12,apr,481.0,1,-1,0,unknown,yes
26.0,management,single,tertiary,no,1646.0,no,no,cellular,12,apr,524.0,4,206,5,success,yes
31.0,admin.,married,secondary,no,1229.0,no,no,cellular,12,apr,176.0,1,-1,0,unknown,yes
25.0,unemployed,single,primary,no,129.0,no,no,cellular,12,apr,176.0,3,-1,0,unknown,yes
49.0,admin.,married,secondary,no,197.0,yes,no,cellular,13,apr,223.0,1,182,2,failure,yes
30.0,management,single,tertiary,no,3779.0,no,no,cellular,13,apr,1093.0,1,-1,0,unknown,yes
32.0,management,single,tertiary,no,2016.0,no,no,cellular,13,apr,232.0,1,348,1,success,yes
36.0,management,single,tertiary,no,436.0,no,no,cellular,13,apr,567.0,1,595,2,failure,yes
38.0,management,married,tertiary,no,413.0,no,no,cellular,13,apr,240.0,1,179,2,,yes
45.0,blue-collar,single,primary,no,116.0,no,no,unknown,13,apr,122.0,1,-1,0,unknown,yes
36.0,management,single,unknown,no,62.0,no,no,cellular,13,apr,398.0,2,-1,0,unknown,yes
23.0,student,single,secondary,no,107.0,no,no,cellular,13,apr,256.0,5,181,2,success,yes
38.0,technician,married,secondary,no,497.0,no,no,unknown,14,apr,173.0,1,-1,0,unknown,yes
44.0,services,married,primary,no,2557.0,yes,no,cellular,14,apr,250.0,1,181,8,success,yes
35.0,management,single,tertiary,no,2646.0,no,no,cellular,14,apr,133.0,8,183,2,success,yes
75.0,retired,married,secondary,no,3771.0,no,no,telephone,15,apr,185.0,1,181,2,success,yes
26.0,technician,single,tertiary,no,1066.0,no,no,cellular,15,apr,200.0,1,-1,0,unknown,yes
59.0,technician,married,secondary,no,1.0,no,no,cellular,15,apr,159.0,2,378,3,failure,yes
30.0,management,single,tertiary,no,232.0,no,no,cellular,15,apr,141.0,1,-1,0,unknown,yes
36.0,blue-collar,married,primary,no,1177.0,no,no,cellular,15,apr,330.0,1,311,4,success,yes
39.0,technician,married,secondary,no,603.0,no,yes,cellular,15,apr,214.0,1,-1,0,unknown,yes
24.0,management,single,tertiary,no,736.0,yes,no,cellular,15,apr,442.0,2,246,2,other,yes
22.0,services,single,secondary,no,129.0,no,no,cellular,15,apr,218.0,2,181,1,success,yes
36.0,management,married,tertiary,no,-115.0,yes,no,cellular,16,apr,297.0,4,182,2,other,yes
22.0,management,single,tertiary,no,104.0,no,yes,cellular,16,apr,330.0,3,-1,0,unknown,yes
34.0,management,married,tertiary,no,589.0,no,no,cellular,19,apr,125.0,2,-1,0,unknown,yes
22.0,student,single,primary,no,3472.0,no,no,cellular,19,apr,529.0,1,181,4,success,yes
57.0,management,married,tertiary,no,2845.0,yes,no,telephone,19,apr,1143.0,5,-1,0,unknown,yes
30.0,student,single,tertiary,no,7529.0,no,no,cellular,20,apr,175.0,6,183,1,success,yes
55.0,unemployed,divorced,secondary,no,309.0,no,no,cellular,20,apr,,1,181,3,success,yes
38.0,blue-collar,divorced,secondary,no,0.0,yes,no,telephone,20,apr,162.0,1,181,5,success,yes
39.0,blue-collar,single,secondary,no,1672.0,yes,no,cellular,20,apr,462.0,1,648,1,failure,yes
38.0,technician,single,secondary,no,1711.0,no,no,cellular,20,apr,379.0,3,202,1,success,yes
24.0,admin.,single,secondary,no,1295.0,no,no,cellular,21,apr,476.0,1,-1,0,unknown,yes
30.0,student,single,secondary,no,2046.0,no,no,telephone,21,apr,595.0,3,254,1,failure,yes
29.0,blue-collar,single,tertiary,no,455.0,no,no,telephone,21,apr,403.0,1,-1,0,unknown,yes
25.0,student,single,unknown,no,722.0,no,no,telephone,21,apr,623.0,2,-1,0,unknown,yes
52.0,technician,married,secondary,no,371.0,yes,yes,cellular,21,apr,224.0,2,182,1,success,yes
62.0,management,married,tertiary,no,997.0,no,no,cellular,22,apr,554.0,1,304,2,success,yes
40.0,technician,married,tertiary,no,206.0,no,no,cellular,23,apr,499.0,6,185,4,success,yes
76.0,retired,married,secondary,no,820.0,no,no,telephone,23,apr,263.0,4,-1,0,unknown,yes
31.0,admin.,single,secondary,no,410.0,no,no,cellular,23,apr,342.0,1,-1,0,unknown,yes
42.0,self-employed,married,secondary,no,1216.0,yes,no,cellular,23,apr,296.0,1,521,1,failure,yes
43.0,technician,single,unknown,no,11115.0,no,no,cellular,23,apr,291.0,1,182,3,success,yes
73.0,retired,married,primary,no,796.0,no,no,cellular,23,apr,888.0,1,182,3,success,yes
41.0,management,divorced,tertiary,no,5037.0,no,no,cellular,23,apr,252.0,9,185,5,other,yes
77.0,management,married,unknown,no,1780.0,yes,no,cellular,23,apr,361.0,2,182,5,success,yes
46.0,admin.,divorced,primary,no,429.0,yes,no,cellular,26,apr,465.0,2,369,2,success,yes
35.0,technician,married,secondary,no,2779.0,no,no,cellular,26,apr,182.0,2,186,2,success,yes
26.0,management,single,tertiary,no,222.0,no,no,cellular,26,apr,192.0,1,334,1,failure,yes
45.0,blue-collar,single,secondary,no,0.0,yes,no,cellular,26,apr,1472.0,1,192,4,failure,yes
29.0,management,single,tertiary,no,1445.0,no,no,cellular,26,apr,328.0,2,143,2,success,yes
30.0,technician,single,tertiary,no,655.0,no,no,cellular,26,apr,212.0,1,202,2,success,yes
26.0,unemployed,single,tertiary,no,77.0,no,no,cellular,26,apr,175.0,1,-1,0,unknown,yes
63.0,blue-collar,married,primary,no,115.0,no,no,telephone,27,apr,325.0,1,180,7,failure,yes
37.0,unemployed,single,secondary,no,2722.0,no,no,telephone,27,apr,426.0,2,179,3,other,yes
26.0,management,single,tertiary,no,1438.0,no,no,cellular,27,apr,321.0,1,449,1,other,yes
54.0,,married,unknown,no,140.0,no,no,telephone,27,apr,473.0,2,182,2,failure,yes
30.0,admin.,single,secondary,no,915.0,yes,no,unknown,27,apr,370.0,1,-1,0,unknown,yes
61.0,retired,married,secondary,no,1058.0,no,no,cellular,27,apr,159.0,3,-1,0,unknown,yes
69.0,retired,married,,no,0.0,no,no,cellular,28,apr,184.0,2,126,2,other,yes
76.0,self-employed,married,unknown,no,4984.0,no,no,telephone,28,apr,403.0,1,182,1,success,yes
30.0,management,single,tertiary,no,697.0,no,no,cellular,28,apr,545.0,2,181,8,success,yes
64.0,retired,married,secondary,no,4787.0,no,no,cellular,28,apr,392.0,1,182,1,success,yes
55.0,housemaid,married,secondary,no,962.0,yes,no,cellular,28,apr,623.0,1,181,3,success,yes
55.0,technician,married,tertiary,no,1320.0,no,no,cellular,28,apr,387.0,2,-1,0,unknown,yes
29.0,management,single,tertiary,no,2955.0,no,no,cellular,29,apr,226.0,2,-1,0,unknown,yes
41.0,unemployed,married,tertiary,no,0.0,no,no,cellular,29,apr,882.0,1,181,3,success,yes
63.0,retired,married,primary,no,12067.0,no,no,telephone,29,apr,660.0,1,191,1,failure,yes
45.0,admin.,married,secondary,no,3006.0,no,no,cellular,29,apr,388.0,2,-1,0,unknown,yes
32.0,technician,single,tertiary,no,388.0,no,no,cellular,29,apr,250.0,3,-1,0,unknown,yes
41.0,self-employed,married,tertiary,no,0.0,yes,no,telephone,29,apr,395.0,3,426,1,other,yes
37.0,management,married,secondary,no,565.0,no,no,cellular,29,apr,449.0,1,398,1,success,yes
19.0,student,single,,no,329.0,no,no,cellular,30,apr,169.0,1,190,2,success,yes
61.0,retired,divorced,secondary,no,4243.0,no,no,cellular,30,apr,315.0,1,182,2,success,yes
40.0,unemployed,single,tertiary,no,72.0,no,no,cellular,30,apr,463.0,1,-1,0,unknown,yes
,management,married,tertiary,no,4328.0,no,no,cellular,30,apr,262.0,3,189,11,other,yes
54.0,technician,married,tertiary,no,395.0,no,no,cellular,30,apr,183.0,1,183,2,success,yes
49.0,admin.,married,secondary,no,0.0,no,no,cellular,30,apr,551.0,1,-1,0,unknown,yes
45.0,admin.,married,secondary,no,205.0,no,no,cellular,4,may,552.0,1,90,2,success,yes
48.0,blue-collar,married,secondary,no,1730.0,yes,no,cellular,4,may,361.0,1,89,3,success,yes
60.0,blue-collar,married,primary,no,5.0,no,no,cellular,4,may,494.0,1,95,2,success,yes
34.0,unemployed,single,secondary,no,1965.0,no,no,telephone,4,may,714.0,1,-1,0,unknown,yes
29.0,housemaid,single,tertiary,no,19.0,no,no,cellular,4,may,268.0,1,88,4,success,yes
77.0,retired,married,tertiary,no,7802.0,no,no,telephone,4,may,421.0,1,92,2,success,yes
64.0,management,married,unknown,no,2352.0,no,no,cellular,4,may,153.0,2,182,11,success,yes
80.0,retired,married,primary,no,155.0,no,no,telephone,4,may,209.0,1,53,3,success,yes
26.0,technician,single,tertiary,no,401.0,no,no,cellular,5,may,188.0,2,-1,0,unknown,yes
33.0,admin.,married,tertiary,no,79.0,yes,no,cellular,5,may,389.0,1,195,4,success,yes
41.0,technician,single,tertiary,no,1646.0,yes,no,cellular,5,may,258.0,1,90,7,success,yes
28.0,management,single,tertiary,no,437.0,no,no,cellular,5,may,338.0,1,-1,0,unknown,yes
74.0,retired,married,secondary,no,,no,no,cellular,5,may,226.0,1,99,2,failure,yes
29.0,student,single,unknown,no,2929.0,no,no,cellular,5,may,232.0,1,89,4,other,yes
72.0,retired,married,primary,no,2304.0,no,no,telephone,5,may,510.0,4,-1,0,unknown,yes
18.0,student,single,unknown,no,348.0,no,no,cellular,5,may,443.0,4,-1,0,unknown,yes
46.0,blue-collar,married,secondary,no,640.0,yes,no,cellular,6,may,246.0,1,55,5,success,yes
37.0,technician,married,tertiary,no,88.0,no,no,cellular,6,may,195.0,1,90,3,other,yes
37.0,management,married,tertiary,no,2283.0,no,no,cellular,6,may,243.0,2,98,2,failure,yes
32.0,technician,married,secondary,no,473.0,no,yes,cellular,7,may,292.0,3,-1,0,unknown,yes
51.0,technician,married,tertiary,no,0.0,no,no,cellular,7,may,662.0,2,66,2,success,yes
77.0,unknown,married,unknown,no,397.0,no,no,telephone,7,may,300.0,3,-1,0,unknown,yes
35.0,management,married,tertiary,no,62.0,no,no,cellular,7,may,226.0,2,88,4,success,yes
53.0,management,married,tertiary,no,3634.0,no,no,cellular,7,may,211.0,4,88,8,success,yes
46.0,management,married,tertiary,no,273.0,yes,no,cellular,10,may,583.0,6,53,6,success,yes
78.0,retired,divorced,secondary,no,3417.0,no,no,cellular,12,may,309.0,1,181,1,success,yes
34.0,technician,married,secondary,no,133.0,no,no,cellular,12,may,171.0,2,181,3,success,yes
54.0,management,married,tertiary,no,,no,no,cellular,12,may,166.0,3,182,10,success,yes
33.0,services,married,secondary,no,386.0,no,no,cellular,12,may,317.0,1,181,5,success,yes
23.0,student,single,unknown,no,2530.0,no,no,cellular,12,may,411.0,1,-1,0,unknown,yes
34.0,technician,single,tertiary,no,2838.0,yes,no,cellular,13,may,620.0,3,-1,0,unknown,yes
32.0,unemployed,single,secondary,no,1026.0,yes,no,cellular,13,may,289.0,1,-1,0,unknown,yes
54.0,unknown,married,secondary,no,2206.0,no,no,cellular,13,may,260.0,1,91,4,success,yes
40.0,admin.,married,secondary,no,260.0,yes,no,cellular,13,may,306.0,1,181,5,success,yes
63.0,retired,divorced,tertiary,no,0.0,no,no,cellular,13,may,263.0,1,181,2,success,yes
37.0,,married,tertiary,no,2987.0,yes,no,cellular,13,may,216.0,1,87,10,success,yes
48.0,blue-collar,married,secondary,no,1230.0,yes,no,cellular,13,may,328.0,2,182,3,success,yes
28.0,technician,single,secondary,no,2335.0,no,no,cellular,13,may,624.0,1,-1,0,unknown,yes
35.0,management,married,tertiary,no,8000.0,no,no,cellular,13,may,331.0,1,90,3,success,yes
29.0,management,single,tertiary,no,-27.0,no,no,cellular,13,may,270.0,1,-1,0,unknown,yes
68.0,retired,married,secondary,no,1146.0,no,no,cellular,13,may,356.0,1,71,5,success,yes
53.0,blue-collar,single,secondary,no,1004.0,no,no,cellular,13,may,393.0,1,84,1,other,yes
37.0,technician,single,tertiary,no,197.0,no,no,cellular,13,may,234.0,1,87,3,success,yes
58.0,admin.,married,secondary,no,169.0,no,no,cellular,13,may,336.0,3,87,5,success,yes
37.0,management,married,tertiary,no,393.0,yes,no,cellular,14,may,567.0,3,275,4,failure,yes
37.0,admin.,married,tertiary,no,29.0,no,no,cellular,14,may,404.0,2,183,2,other,yes
34.0,admin.,married,secondary,no,920.0,no,no,cellular,14,may,526.0,3,179,3,success,yes
50.0,admin.,married,secondary,no,3608.0,yes,no,cellular,14,may,,8,182,4,success,yes
56.0,management,married,primary,no,870.0,no,no,cellular,14,may,220.0,1,179,1,success,yes
57.0,retired,married,primary,no,9367.0,no,no,cellular,14,may,700.0,4,92,7,success,yes
29.0,unemployed,single,primary,no,1374.0,no,no,cellular,14,may,1205.0,2,178,7,success,yes
75.0,retired,married,tertiary,no,6027.0,no,no,cellular,14,may,809.0,1,179,4,success,yes
24.0,management,single,tertiary,no,1.0,no,no,cellular,14,may,396.0,5,-1,0,unknown,yes
46.0,management,married,tertiary,no,349.0,no,no,cellular,14,may,466.0,4,88,3,success,yes
27.0,student,single,tertiary,no,39.0,no,no,cellular,17,may,379.0,1,258,10,other,yes
52.0,management,married,tertiary,no,583.0,no,no,cellular,17,may,376.0,1,181,3,success,yes
38.0,management,married,tertiary,no,1276.0,no,no,cellular,17,may,272.0,2,182,3,success,yes
33.0,management,single,tertiary,no,2364.0,no,no,,17,may,508.0,1,-1,0,unknown,yes
53.0,admin.,married,secondary,no,53.0,yes,no,cellular,18,may,387.0,1,-1,0,unknown,yes
64.0,retired,married,secondary,no,1612.0,no,no,cellular,18,may,336.0,1,89,5,failure,yes
84.0,,divorced,primary,no,639.0,no,no,telephone,18,may,353.0,3,-1,0,unknown,yes
62.0,retired,married,secondary,no,3114.0,no,no,cellular,18,may,15534.0,2,186,1,success,yes
41.0,admin.,married,tertiary,no,1.0,yes,no,telephone,18,may,327.0,2,361,3,failure,yes
29.0,admin.,single,secondary,no,1070.0,yes,no,unknown,19,may,30.0,1,357,1,other,yes
53.0,technician,married,secondary,no,195.0,yes,no,cellular,19,may,472.0,1,90,6,success,yes
30.0,technician,single,secondary,no,3144.0,no,no,cellular,19,may,212.0,2,-1,0,unknown,yes
37.0,management,married,tertiary,no,3236.0,no,no,cellular,20,may,291.0,2,202,5,other,yes
78.0,retired,married,unknown,no,3208.0,no,no,telephone,20,may,351.0,3,-1,0,unknown,yes
47.0,blue-collar,married,secondary,no,1568.0,yes,no,cellular,21,may,226.0,3,91,8,success,yes
61.0,technician,married,secondary,no,1191.0,no,no,cellular,21,may,214.0,4,-1,0,unknown,yes
46.0,self-employed,married,secondary,no,706.0,no,no,cellular,21,may,588.0,1,386,3,failure,yes
31.0,unemployed,single,secondary,no,2616.0,no,no,cellular,21,may,374.0,1,185,2,other,yes
21.0,student,single,secondary,no,215.0,no,no,cellular,24,may,382.0,1,89,7,success,yes
71.0,retired,married,primary,no,3230.0,no,no,cellular,24,may,341.0,2,133,3,failure,yes
52.0,admin.,single,,no,726.0,yes,no,cellular,24,may,699.0,1,378,9,failure,yes
25.0,student,single,secondary,no,3713.0,no,no,cellular,24,may,323.0,2,353,3,other,yes
60.0,technician,married,secondary,no,0.0,no,no,cellular,25,may,641.0,4,-1,0,unknown,yes
30.0,admin.,single,secondary,no,265.0,yes,no,cellular,25,may,681.0,1,181,2,success,yes
29.0,unemployed,single,tertiary,no,70.0,no,no,cellular,25,may,393.0,1,-1,0,unknown,yes
52.0,management,married,tertiary,no,388.0,no,no,cellular,25,may,272.0,1,-1,0,unknown,yes
59.0,management,married,primary,no,1727.0,no,no,telephone,25,may,500.0,4,358,2,failure,yes
38.0,technician,married,secondary,no,205.0,no,no,cellular,26,may,332.0,1,-1,0,unknown,yes
33.0,services,single,secondary,no,2881.0,no,no,cellular,26,may,289.0,1,328,1,success,yes
31.0,technician,single,secondary,no,846.0,no,no,cellular,26,may,405.0,3,205,2,failure,yes
40.0,technician,married,secondary,no,2266.0,no,no,cellular,26,may,175.0,3,89,7,other,yes
28.0,technician,married,secondary,no,742.0,no,no,cellular,26,may,236.0,1,-1,0,unknown,yes
66.0,management,married,unknown,no,2149.0,yes,no,cellular,26,may,135.0,2,90,11,success,yes
32.0,admin.,single,secondary,no,344.0,no,no,cellular,26,may,530.0,2,-1,0,unknown,yes
67.0,retired,married,primary,no,1430.0,no,no,telephone,26,may,283.0,2,135,5,success,yes
39.0,unemployed,divorced,secondary,no,265.0,yes,no,unknown,27,may,93.0,1,555,2,other,yes
46.0,housemaid,married,secondary,no,38.0,no,no,cellular,27,may,181.0,3,183,1,success,yes
54.0,retired,married,secondary,no,3538.0,no,no,cellular,27,may,820.0,1,-1,0,unknown,yes
47.0,services,divorced,unknown,no,973.0,no,no,cellular,27,may,489.0,1,479,1,failure,yes
45.0,technician,married,secondary,no,1831.0,no,no,cellular,27,may,275.0,2,-1,0,unknown,yes
63.0,,married,secondary,no,641.0,no,no,cellular,27,may,417.0,2,-1,0,unknown,yes
60.0,unemployed,married,secondary,no,1047.0,no,no,cellular,27,may,173.0,3,279,4,success,yes
29.0,management,married,tertiary,no,8103.0,no,no,cellular,28,may,473.0,3,-1,0,unknown,yes
33.0,services,single,unknown,no,523.0,yes,no,unknown,28,may,86.0,1,-1,0,unknown,yes
48.0,housemaid,married,secondary,no,0.0,no,no,cellular,28,may,270.0,5,-1,0,unknown,yes
26.0,technician,single,tertiary,no,515.0,no,no,cellular,31,may,775.0,1,-1,0,unknown,yes
55.0,admin.,married,secondary,no,8304.0,no,no,cellular,1,jun,201.0,1,-1,0,unknown,yes
36.0,technician,married,secondary,no,1368.0,no,no,cellular,1,jun,516.0,1,292,5,failure,yes
33.0,admin.,single,tertiary,no,272.0,yes,no,cellular,1,jun,326.0,1,237,2,failure,yes
28.0,blue-collar,single,secondary,no,-46.0,yes,no,cellular,1,jun,154.0,2,91,12,success,yes
28.0,services,single,secondary,no,168.0,no,no,cellular,1,jun,347.0,3,140,2,success,yes
31.0,management,single,tertiary,no,515.0,no,no,cellular,1,jun,296.0,5,-1,0,unknown,yes
28.0,management,single,tertiary,no,223.0,yes,no,cellular,1,jun,303.0,1,278,3,success,yes
49.0,admin.,single,tertiary,no,228.0,yes,no,cellular,2,jun,407.0,1,92,1,success,yes
27.0,blue-collar,single,tertiary,no,644.0,no,no,cellular,2,jun,657.0,1,182,1,success,yes
28.0,admin.,married,secondary,no,330.0,no,no,cellular,2,jun,226.0,2,182,4,success,yes
65.0,admin.,married,secondary,no,952.0,no,no,cellular,2,jun,310.0,1,-1,0,unknown,yes
30.0,technician,single,secondary,no,1165.0,no,no,cellular,4,jun,204.0,2,183,3,success,yes
38.0,admin.,married,secondary,no,0.0,yes,no,cellular,8,jun,187.0,1,181,2,success,yes
36.0,technician,divorced,secondary,no,2823.0,yes,no,cellular,8,jun,215.0,1,371,6,failure,yes
63.0,retired,divorced,secondary,no,1490.0,no,no,cellular,8,jun,506.0,1,-1,0,unknown,yes
63.0,retired,married,primary,no,48.0,no,no,cellular,9,jun,251.0,1,-1,0,unknown,yes
28.0,management,single,tertiary,no,187.0,no,no,cellular,9,jun,206.0,1,92,1,success,yes
80.0,retired,married,secondary,no,8304.0,no,no,telephone,9,jun,712.0,1,64,12,,yes
39.0,blue-collar,married,secondary,no,276.0,no,no,cellular,9,jun,334.0,2,-1,0,unknown,yes
31.0,management,single,tertiary,no,147.0,no,no,cellular,9,jun,163.0,2,92,3,success,yes
39.0,services,married,secondary,no,323.0,no,no,cellular,9,jun,874.0,2,188,6,failure,yes
30.0,blue-collar,single,secondary,no,799.0,no,no,unknown,13,jun,674.0,1,-1,0,unknown,yes
67.0,retired,married,unknown,no,2540.0,no,no,telephone,14,jun,278.0,5,116,4,other,yes
29.0,blue-collar,single,secondary,no,322.0,no,no,unknown,14,jun,434.0,1,96,6,other,yes
36.0,management,married,tertiary,no,495.0,no,no,cellular,14,jun,187.0,1,94,9,success,yes
24.0,student,single,unknown,no,358.0,no,no,cellular,14,jun,245.0,1,384,1,other,yes
30.0,technician,single,secondary,no,2371.0,no,no,cellular,14,jun,661.0,1,384,2,other,yes
21.0,student,single,unknown,no,53.0,no,no,cellular,14,jun,270.0,1,-1,0,unknown,yes
27.0,admin.,single,unknown,no,861.0,no,no,cellular,14,jun,212.0,4,-1,0,unknown,yes
56.0,admin.,married,secondary,no,602.0,no,no,cellular,14,jun,458.0,1,130,8,success,yes
66.0,admin.,married,secondary,no,4041.0,no,no,cellular,14,jun,713.0,2,-1,0,unknown,yes
71.0,retired,divorced,primary,no,275.0,no,no,cellular,14,jun,293.0,1,425,1,success,yes
26.0,services,single,tertiary,no,12.0,no,no,cellular,14,jun,563.0,1,181,10,failure,yes
62.0,retired,married,primary,no,1742.0,no,no,cellular,14,jun,167.0,2,98,6,other,yes
32.0,self-employed,single,tertiary,no,46.0,yes,no,cellular,14,jun,485.0,2,-1,0,unknown,yes
68.0,retired,divorced,primary,no,2027.0,no,no,cellular,15,jun,619.0,2,92,2,success,yes
37.0,admin.,married,tertiary,no,3221.0,no,no,cellular,15,jun,379.0,2,376,13,other,yes
27.0,management,single,tertiary,no,1720.0,no,no,cellular,15,jun,910.0,1,224,3,success,yes
45.0,technician,single,tertiary,no,2033.0,no,no,cellular,15,jun,243.0,5,285,2,success,yes
64.0,retired,married,secondary,no,3189.0,no,no,telephone,15,jun,208.0,1,-1,0,unknown,yes
,student,divorced,tertiary,no,2946.0,no,no,cellular,16,jun,605.0,3,-1,0,unknown,yes
66.0,housemaid,married,primary,no,1230.0,no,no,cellular,16,jun,288.0,6,181,3,success,yes
30.0,management,single,tertiary,no,572.0,no,no,cellular,17,jun,339.0,3,183,2,success,yes
39.0,technician,single,secondary,no,1435.0,no,no,cellular,17,jun,383.0,1,296,19,other,yes
24.0,technician,single,secondary,no,403.0,no,no,unknown,17,jun,247.0,1,-1,0,,yes
49.0,technician,married,tertiary,no,1071.0,no,no,cellular,17,jun,169.0,1,-1,0,unknown,yes
34.0,management,married,tertiary,no,3301.0,yes,no,cellular,17,jun,485.0,2,227,4,failure,yes
46.0,blue-collar,married,secondary,no,1723.0,no,no,cellular,17,jun,176.0,2,52,7,failure,yes
32.0,technician,single,tertiary,no,705.0,no,no,cellular,17,jun,544.0,1,-1,0,unknown,yes
52.0,blue-collar,married,secondary,no,,no,yes,cellular,17,jun,301.0,2,134,4,success,yes
25.0,blue-collar,single,secondary,no,303.0,no,no,cellular,18,jun,252.0,1,92,1,success,yes
57.0,management,divorced,tertiary,no,3287.0,no,no,cellular,22,jun,867.0,1,84,3,success,yes
64.0,retired,divorced,primary,no,109.0,no,no,cellular,23,jun,706.0,1,225,2,success,yes
33.0,management,single,tertiary,no,224.0,no,no,cellular,23,jun,342.0,2,107,2,success,yes
36.0,management,single,tertiary,no,538.0,no,no,cellular,23,jun,339.0,1,183,5,success,yes
59.0,management,married,tertiary,no,5397.0,no,no,cellular,23,jun,,3,-1,0,unknown,yes
25.0,student,single,secondary,no,1957.0,no,no,cellular,24,jun,1207.0,4,385,1,failure,yes
43.0,services,married,secondary,no,774.0,no,no,cellular,24,jun,482.0,1,91,2,success,yes
37.0,self-employed,single,tertiary,no,1188.0,no,no,cellular,24,jun,310.0,1,-1,0,unknown,yes
49.0,management,married,tertiary,no,1167.0,yes,yes,cellular,25,jun,213.0,6,150,8,failure,yes
42.0,technician,divorced,tertiary,no,2611.0,yes,no,cellular,25,jun,300.0,1,389,3,failure,yes
27.0,blue-collar,single,secondary,no,3145.0,no,no,cellular,25,jun,374.0,1,179,2,success,yes
29.0,technician,single,secondary,no,825.0,no,no,cellular,25,jun,472.0,2,-1,0,unknown,yes
37.0,technician,married,tertiary,no,122.0,no,no,cellular,25,jun,266.0,2,318,3,other,yes
47.0,management,single,tertiary,no,334.0,yes,no,cellular,28,jun,614.0,3,94,9,success,yes
38.0,management,single,tertiary,no,623.0,no,no,cellular,28,jun,297.0,4,144,4,other,yes
48.0,management,single,tertiary,no,86.0,no,no,cellular,28,jun,281.0,3,186,6,other,yes
55.0,housemaid,divorced,primary,no,976.0,no,no,cellular,28,jun,345.0,1,94,3,other,yes
39.0,technician,single,tertiary,no,393.0,no,no,cellular,28,jun,325.0,1,94,1,success,yes
49.0,admin.,single,secondary,no,293.0,no,no,cellular,28,jun,452.0,1,-1,0,unknown,yes
68.0,retired,divorced,primary,no,476.0,no,no,telephone,28,jun,363.0,1,-1,0,unknown,yes
45.0,management,married,unknown,no,2724.0,no,no,cellular,28,jun,359.0,2,182,1,success,yes
67.0,retired,married,primary,no,2391.0,no,no,cellular,28,jun,737.0,6,186,10,other,yes
60.0,retired,married,secondary,no,11.0,no,no,cellular,29,jun,265.0,1,586,2,failure,yes
31.0,,single,secondary,no,54.0,yes,no,cellular,29,jun,401.0,1,-1,0,unknown,yes
58.0,blue-collar,married,primary,no,3109.0,no,no,cellular,29,jun,295.0,1,287,4,success,yes
41.0,admin.,married,secondary,no,3126.0,yes,no,cellular,29,jun,222.0,1,91,7,failure,yes
23.0,services,single,secondary,no,488.0,no,no,cellular,29,jun,205.0,1,91,3,success,yes
35.0,unemployed,married,secondary,no,978.0,no,no,cellular,29,jun,660.0,2,182,6,success,yes
33.0,management,single,tertiary,no,718.0,yes,no,cellular,29,jun,271.0,1,84,3,success,yes
32.0,technician,divorced,tertiary,no,3255.0,no,no,cellular,29,jun,167.0,2,-1,0,unknown,yes
48.0,admin.,single,secondary,no,1544.0,yes,no,telephone,30,jun,263.0,1,450,2,failure,yes
43.0,management,single,tertiary,no,0.0,no,no,cellular,30,jun,275.0,2,296,1,failure,yes
32.0,technician,single,tertiary,no,4071.0,no,no,cellular,30,jun,319.0,2,-1,0,unknown,yes
74.0,retired,divorced,primary,no,29080.0,no,no,cellular,30,jun,301.0,5,93,4,other,yes
32.0,management,single,tertiary,no,12569.0,no,no,cellular,1,jul,561.0,2,295,2,success,yes
63.0,retired,married,secondary,no,2896.0,no,no,cellular,1,jul,304.0,1,119,2,success,yes
28.0,student,single,secondary,no,196.0,no,no,cellular,2,jul,423.0,3,-1,0,unknown,yes
31.0,services,single,secondary,no,1027.0,no,no,cellular,2,jul,217.0,3,-1,0,unknown,yes
26.0,blue-collar,single,secondary,no,463.0,no,yes,cellular,2,jul,248.0,2,-1,0,unknown,yes
31.0,student,single,secondary,no,3511.0,no,no,cellular,2,jul,667.0,1,-1,0,unknown,yes
39.0,management,divorced,tertiary,no,224.0,no,no,cellular,2,jul,194.0,2,88,1,success,yes
,services,single,secondary,no,198.0,no,no,cellular,5,jul,128.0,2,-1,0,unknown,yes
30.0,technician,single,tertiary,no,0.0,yes,no,cellular,5,jul,140.0,1,424,8,success,yes
24.0,admin.,single,tertiary,no,674.0,yes,no,cellular,6,jul,267.0,1,-1,0,unknown,yes
32.0,management,single,tertiary,no,623.0,no,no,cellular,6,jul,335.0,3,194,2,failure,yes
46.0,management,divorced,tertiary,no,558.0,no,no,cellular,6,jul,319.0,1,-1,0,unknown,yes
60.0,technician,married,secondary,no,259.0,no,no,cellular,6,jul,396.0,1,386,2,success,yes
37.0,technician,married,secondary,no,432.0,yes,no,cellular,6,jul,386.0,3,776,55,failure,yes
48.0,management,single,tertiary,no,159.0,no,no,telephone,7,jul,229.0,1,251,6,success,yes
52.0,services,married,secondary,no,657.0,no,no,telephone,7,jul,,2,460,2,failure,yes
29.0,management,single,tertiary,no,1808.0,no,no,cellular,7,jul,273.0,2,433,1,success,yes
71.0,retired,divorced,unknown,no,392.0,no,no,telephone,7,jul,276.0,2,-1,0,unknown,yes
47.0,management,single,tertiary,no,6651.0,no,no,cellular,8,jul,229.0,1,412,2,failure,yes
70.0,retired,married,primary,no,2795.0,no,no,cellular,8,jul,480.0,1,181,2,success,yes
28.0,management,single,tertiary,yes,1414.0,yes,no,cellular,8,jul,294.0,1,521,1,failure,yes
31.0,self-employed,married,tertiary,no,2666.0,no,no,telephone,8,jul,411.0,2,148,9,other,yes
80.0,,married,secondary,no,668.0,no,no,telephone,8,jul,250.0,1,371,1,success,yes
29.0,management,single,tertiary,no,502.0,no,no,cellular,8,jul,968.0,1,87,5,failure,yes
146.0,student,single,secondary,no,1809.0,no,no,cellular,8,jul,414.0,2,-1,0,unknown,yes
34.0,services,single,secondary,no,267.0,no,no,cellular,8,jul,449.0,2,-1,0,unknown,yes
69.0,retired,married,secondary,no,2473.0,no,no,cellular,8,jul,967.0,3,-1,0,unknown,yes
19.0,student,single,secondary,no,372.0,no,no,telephone,8,jul,444.0,3,-1,0,unknown,yes
35.0,blue-collar,single,unknown,no,484.0,no,no,cellular,8,jul,344.0,1,87,3,failure,yes
38.0,admin.,married,secondary,no,1767.0,yes,no,cellular,9,jul,483.0,4,239,7,success,yes
32.0,technician,single,unknown,no,491.0,no,no,cellular,9,jul,474.0,7,-1,0,unknown,yes
50.0,unknown,married,unknown,no,558.0,no,no,cellular,9,jul,464.0,1,683,6,failure,yes
27.0,technician,single,secondary,no,337.0,no,no,unknown,9,jul,23.0,1,-1,0,unknown,yes
53.0,admin.,single,secondary,no,654.0,no,no,unknown,10,jul,67.0,1,-1,0,unknown,yes
35.0,self-employed,married,tertiary,no,2427.0,no,no,cellular,12,jul,210.0,3,158,7,other,yes
43.0,admin.,single,secondary,no,386.0,no,no,cellular,12,jul,220.0,3,529,1,failure,yes
30.0,self-employed,single,tertiary,no,251.0,no,no,cellular,12,jul,537.0,1,-1,0,unknown,yes
57.0,retired,married,secondary,no,1044.0,no,no,telephone,12,jul,567.0,1,182,3,success,yes
31.0,management,single,tertiary,no,2907.0,yes,no,cellular,12,jul,248.0,1,194,3,failure,yes
65.0,retired,divorced,secondary,no,828.0,no,no,cellular,13,jul,305.0,1,-1,0,unknown,yes
25.0,blue-collar,single,secondary,no,1857.0,yes,no,cellular,13,jul,195.0,2,91,10,success,yes
33.0,management,single,tertiary,no,1962.0,no,no,cellular,13,jul,363.0,1,181,1,failure,yes
79.0,retired,divorced,primary,no,2787.0,no,no,telephone,13,jul,617.0,1,377,1,success,yes
24.0,student,single,secondary,no,1123.0,no,no,cellular,13,jul,475.0,1,412,1,other,yes
27.0,technician,single,secondary,no,643.0,no,no,cellular,13,jul,317.0,1,-1,0,unknown,yes
36.0,management,single,unknown,no,62.0,no,no,cellular,13,jul,311.0,1,91,2,success,yes
26.0,blue-collar,single,secondary,no,2007.0,no,no,cellular,13,jul,272.0,3,182,2,success,yes
51.0,management,married,tertiary,no,3463.0,no,yes,cellular,13,jul,371.0,2,166,3,other,yes
70.0,retired,divorced,primary,no,482.0,no,no,telephone,14,jul,413.0,1,181,3,success,yes
23.0,student,single,,no,1298.0,no,no,cellular,14,jul,603.0,1,-1,0,unknown,yes
41.0,technician,single,secondary,no,5329.0,no,no,cellular,14,jul,397.0,2,-1,0,unknown,yes
53.0,technician,married,primary,no,6181.0,no,no,cellular,14,jul,817.0,2,209,3,other,yes
86.0,retired,married,primary,no,1255.0,no,no,telephone,14,jul,247.0,1,180,3,success,yes
27.0,student,single,unknown,no,,no,no,cellular,14,jul,276.0,1,-1,0,unknown,yes
34.0,technician,single,tertiary,no,2733.0,no,no,cellular,14,jul,604.0,1,-1,0,unknown,yes
68.0,retired,divorced,secondary,no,4189.0,no,no,telephone,14,jul,897.0,2,-1,0,unknown,yes
35.0,management,married,secondary,no,724.0,yes,no,cellular,14,jul,287.0,2,415,1,failure,yes
28.0,student,single,secondary,no,205.0,no,no,cellular,14,jul,87.0,3,184,2,other,yes
66.0,retired,married,secondary,no,154.0,no,no,cellular,15,jul,268.0,5,181,2,failure,yes
30.0,management,single,tertiary,no,232.0,no,no,cellular,15,jul,219.0,1,91,1,success,yes
60.0,retired,divorced,tertiary,no,979.0,yes,no,cellular,15,jul,346.0,1,181,4,success,yes
46.0,admin.,married,secondary,no,5021.0,no,no,cellular,15,jul,957.0,1,182,1,success,yes
68.0,retired,married,secondary,no,2469.0,yes,no,telephone,15,jul,552.0,2,-1,0,unknown,yes
63.0,blue-collar,married,secondary,no,180.0,no,no,cellular,15,jul,390.0,2,182,5,success,yes
29.0,student,single,secondary,no,658.0,no,no,cellular,15,jul,198.0,2,244,4,other,yes
35.0,services,married,secondary,no,2918.0,no,yes,cellular,16,jul,815.0,2,407,3,success,yes
64.0,retired,married,secondary,no,588.0,no,no,cellular,16,jul,574.0,1,179,3,success,yes
22.0,student,single,primary,no,423.0,no,no,cellular,16,jul,316.0,1,179,10,success,yes
19.0,student,single,secondary,no,302.0,no,no,cellular,16,jul,205.0,1,-1,0,unknown,yes
31.0,management,divorced,tertiary,no,414.0,no,yes,cellular,16,jul,241.0,1,-1,0,unknown,yes
48.0,unemployed,married,secondary,no,817.0,no,no,cellular,16,jul,806.0,3,183,5,success,yes
33.0,technician,married,secondary,no,183.0,no,no,cellular,16,jul,457.0,2,182,3,other,yes
34.0,technician,married,secondary,no,806.0,no,no,cellular,19,jul,253.0,3,458,1,success,yes
46.0,technician,married,secondary,no,9299.0,no,no,cellular,19,jul,1148.0,1,276,2,other,yes
60.0,admin.,married,unknown,no,478.0,no,no,cellular,19,jul,173.0,2,311,8,failure,yes
36.0,management,divorced,tertiary,no,1057.0,no,no,cellular,19,jul,230.0,2,164,2,failure,yes
32.0,entrepreneur,married,tertiary,no,762.0,no,no,cellular,19,jul,187.0,11,-1,0,unknown,yes
45.0,management,married,tertiary,no,31472.0,no,no,cellular,19,jul,568.0,7,-1,0,unknown,yes
44.0,management,single,tertiary,no,1090.0,no,no,cellular,19,jul,204.0,4,532,2,other,yes
57.0,retired,married,secondary,no,3738.0,yes,no,cellular,20,jul,178.0,2,92,8,failure,yes
29.0,admin.,single,secondary,no,1277.0,no,no,cellular,20,jul,165.0,2,481,1,success,yes
31.0,unemployed,divorced,tertiary,no,756.0,no,no,cellular,20,jul,355.0,2,-1,0,unknown,yes
54.0,blue-collar,married,secondary,no,1636.0,no,no,telephone,20,jul,1008.0,2,-1,0,unknown,yes
49.0,management,divorced,tertiary,no,300.0,no,no,cellular,21,jul,316.0,1,-1,0,unknown,yes
35.0,admin.,single,secondary,no,321.0,no,no,cellular,21,jul,143.0,1,412,3,other,yes
24.0,admin.,single,secondary,no,1295.0,no,no,cellular,22,jul,355.0,2,92,1,success,yes
43.0,management,married,tertiary,no,839.0,no,no,cellular,22,jul,942.0,1,-1,0,unknown,yes
34.0,unemployed,single,tertiary,no,1974.0,no,no,cellular,22,jul,355.0,1,342,3,success,yes
27.0,admin.,married,tertiary,no,2855.0,no,no,cellular,22,jul,138.0,2,178,4,success,yes
54.0,management,divorced,tertiary,no,5475.0,no,no,cellular,22,jul,321.0,4,-1,0,unknown,yes
38.0,management,married,tertiary,no,536.0,yes,no,cellular,22,jul,248.0,1,-1,0,unknown,yes
34.0,technician,single,secondary,no,1279.0,yes,no,cellular,22,jul,174.0,2,160,8,other,yes
93.0,retired,married,unknown,no,775.0,no,no,cellular,22,jul,860.0,2,177,7,success,yes
36.0,management,married,tertiary,no,203.0,no,no,cellular,23,jul,608.0,3,179,2,success,yes
33.0,admin.,single,tertiary,no,146.0,no,no,cellular,23,jul,351.0,3,-1,0,unknown,yes
35.0,management,married,tertiary,no,4124.0,yes,no,cellular,23,jul,,2,445,7,other,yes
41.0,admin.,married,secondary,no,14968.0,no,no,cellular,23,jul,1360.0,4,-1,0,unknown,yes
36.0,technician,divorced,secondary,no,1451.0,yes,no,cellular,23,jul,192.0,4,93,17,other,yes
30.0,student,single,tertiary,no,3026.0,no,no,cellular,23,jul,251.0,1,535,1,failure,yes
41.0,technician,single,tertiary,no,431.0,no,no,cellular,23,jul,196.0,1,88,5,failure,yes
29.0,management,single,tertiary,no,985.0,yes,no,cellular,23,jul,396.0,2,-1,0,unknown,yes
82.0,retired,married,primary,no,243.0,no,no,cellular,26,jul,275.0,1,180,2,success,yes
37.0,technician,married,secondary,no,1707.0,yes,no,cellular,26,jul,546.0,2,784,3,failure,yes
46.0,admin.,married,unknown,no,5511.0,no,no,cellular,26,jul,414.0,2,389,1,success,yes
44.0,self-employed,divorced,secondary,no,8.0,no,no,cellular,26,jul,423.0,4,-1,0,unknown,yes
61.0,self-employed,married,tertiary,no,10861.0,no,no,cellular,26,jul,336.0,2,259,3,success,yes
33.0,management,single,tertiary,no,373.0,no,yes,cellular,27,jul,267.0,1,180,4,failure,yes
23.0,management,single,tertiary,no,1807.0,no,no,cellular,27,jul,606.0,1,-1,0,unknown,yes
45.0,technician,married,secondary,no,2776.0,yes,no,cellular,27,jul,287.0,2,181,1,success,yes
61.0,retired,married,secondary,no,1058.0,no,no,cellular,27,jul,218.0,2,91,3,success,yes
40.0,admin.,married,secondary,no,0.0,no,no,cellular,28,jul,496.0,2,182,11,success,yes
82.0,housemaid,divorced,primary,no,1381.0,no,no,cellular,28,jul,,5,181,4,failure,yes
27.0,technician,single,secondary,no,204.0,no,no,cellular,28,jul,471.0,2,-1,0,unknown,yes
26.0,technician,married,secondary,no,267.0,yes,no,cellular,28,jul,817.0,2,-1,0,unknown,yes
27.0,student,single,tertiary,no,311.0,no,no,cellular,28,jul,462.0,1,148,4,success,yes
53.0,blue-collar,married,primary,no,306.0,no,no,cellular,28,jul,388.0,3,181,1,success,yes
54.0,management,married,tertiary,no,752.0,no,no,telephone,29,jul,211.0,5,491,4,other,yes
64.0,retired,married,secondary,no,1574.0,no,no,telephone,29,jul,301.0,3,-1,0,unknown,yes
57.0,technician,married,tertiary,no,1181.0,no,no,cellular,29,jul,169.0,2,182,2,success,yes
31.0,management,single,tertiary,no,1761.0,yes,no,telephone,29,jul,332.0,3,440,3,failure,yes
61.0,admin.,married,unknown,no,4629.0,yes,no,cellular,29,jul,349.0,3,183,2,success,yes
35.0,unemployed,single,tertiary,no,154.0,no,no,cellular,29,jul,200.0,4,181,2,failure,yes
77.0,retired,married,secondary,no,4112.0,no,no,telephone,29,jul,426.0,1,184,3,success,yes
36.0,services,married,secondary,no,11650.0,yes,no,telephone,29,jul,268.0,1,-1,0,,yes
32.0,management,married,tertiary,no,6138.0,no,no,cellular,29,jul,519.0,2,90,9,failure,yes
61.0,management,married,unknown,no,264.0,no,no,telephone,29,jul,,1,178,1,success,yes
69.0,retired,single,tertiary,no,2144.0,no,no,cellular,29,jul,417.0,1,184,4,success,yes
69.0,technician,married,tertiary,no,482.0,no,no,cellular,29,jul,478.0,1,267,1,failure,yes
34.0,admin.,married,tertiary,no,0.0,no,no,cellular,30,jul,292.0,1,183,2,success,yes
45.0,management,single,tertiary,no,4831.0,no,no,cellular,30,jul,852.0,3,182,11,success,yes
64.0,retired,married,primary,no,12067.0,no,no,telephone,30,jul,367.0,2,92,2,success,yes
35.0,technician,single,secondary,no,1227.0,no,no,cellular,30,jul,1005.0,5,134,10,success,yes
22.0,student,single,unknown,no,1232.0,no,no,cellular,30,jul,283.0,1,430,2,other,yes
34.0,management,single,tertiary,no,275.0,no,no,cellular,2,aug,196.0,2,455,23,other,yes
34.0,management,married,secondary,no,369.0,no,no,cellular,2,aug,868.0,3,342,4,failure,yes
55.0,technician,married,unknown,no,240.0,yes,no,cellular,2,aug,108.0,3,277,1,success,yes
53.0,admin.,single,secondary,no,2398.0,yes,no,cellular,2,aug,317.0,1,180,2,failure,yes
63.0,management,married,tertiary,no,2785.0,no,no,cellular,2,aug,341.0,2,392,3,success,yes
37.0,management,single,tertiary,no,62.0,yes,no,cellular,2,aug,428.0,2,272,8,success,yes
29.0,student,single,secondary,no,1377.0,yes,no,cellular,3,aug,248.0,1,446,2,success,yes
29.0,student,single,tertiary,no,163.0,no,no,cellular,3,aug,249.0,1,-1,0,unknown,yes
38.0,management,married,tertiary,no,1199.0,no,no,cellular,3,aug,482.0,1,-1,0,unknown,yes
62.0,retired,married,secondary,no,569.0,no,no,cellular,3,aug,187.0,2,180,6,success,yes
34.0,technician,married,secondary,no,0.0,yes,no,cellular,3,aug,261.0,1,470,2,failure,yes
56.0,services,married,secondary,no,1989.0,no,no,cellular,3,aug,279.0,4,181,4,success,yes
48.0,housemaid,single,primary,no,46.0,no,no,cellular,3,aug,113.0,2,180,1,failure,yes
42.0,management,married,tertiary,no,372.0,yes,no,cellular,3,aug,654.0,2,-1,0,unknown,yes
68.0,retired,married,tertiary,no,2812.0,no,no,cellular,3,aug,392.0,4,181,3,success,yes
43.0,blue-collar,married,primary,no,2952.0,no,no,cellular,3,aug,417.0,2,95,1,other,yes
62.0,retired,married,secondary,no,569.0,no,no,cellular,4,aug,288.0,1,1,8,success,yes
68.0,retired,married,tertiary,no,2812.0,no,no,cellular,4,aug,651.0,1,1,7,success,yes
38.0,management,married,tertiary,no,1199.0,no,no,cellular,4,aug,178.0,1,1,1,success,yes
63.0,entrepreneur,married,secondary,no,3904.0,no,no,telephone,4,aug,250.0,2,187,2,success,yes
48.0,admin.,married,secondary,no,156.0,no,no,cellular,4,aug,291.0,1,-1,0,,yes
45.0,admin.,married,secondary,no,205.0,no,no,cellular,4,aug,180.0,1,92,3,success,yes
59.0,unemployed,married,secondary,no,1625.0,no,no,cellular,4,aug,198.0,1,180,2,success,yes
35.0,unemployed,single,tertiary,no,415.0,no,no,cellular,4,aug,462.0,1,92,4,,yes
32.0,management,married,tertiary,no,1812.0,no,no,cellular,4,aug,296.0,1,182,4,other,yes
93.0,retired,married,unknown,no,775.0,no,no,cellular,4,aug,476.0,2,13,9,success,yes
33.0,technician,married,secondary,no,180.0,no,no,cellular,4,aug,561.0,1,435,3,failure,yes
48.0,housemaid,single,primary,no,46.0,no,no,cellular,4,aug,118.0,1,1,3,success,yes
38.0,services,married,secondary,no,4017.0,no,no,cellular,4,aug,470.0,1,96,3,success,yes
29.0,management,single,tertiary,no,437.0,no,no,cellular,5,aug,504.0,1,92,1,success,yes
38.0,technician,married,secondary,no,318.0,no,no,cellular,5,aug,274.0,1,182,6,success,yes
41.0,technician,single,tertiary,no,1646.0,yes,no,cellular,5,aug,172.0,3,92,8,success,yes
57.0,technician,divorced,secondary,no,470.0,no,no,cellular,5,aug,480.0,3,-1,0,unknown,yes
53.0,management,married,tertiary,no,3591.0,yes,no,cellular,5,aug,306.0,2,181,2,other,yes
56.0,management,divorced,tertiary,no,2037.0,no,no,cellular,5,aug,318.0,1,91,6,failure,yes
33.0,technician,single,secondary,no,2979.0,no,no,cellular,5,aug,326.0,2,437,1,failure,yes
41.0,management,married,tertiary,no,1092.0,no,no,cellular,5,aug,736.0,1,-1,0,unknown,yes
34.0,admin.,divorced,secondary,no,661.0,yes,no,cellular,5,aug,245.0,2,183,10,failure,yes
29.0,housemaid,single,tertiary,no,2196.0,no,no,cellular,5,aug,215.0,1,-1,0,unknown,yes
34.0,management,single,tertiary,no,417.0,yes,no,cellular,5,aug,270.0,1,174,15,failure,yes
21.0,entrepreneur,single,tertiary,no,2077.0,no,no,cellular,5,aug,323.0,1,-1,0,unknown,yes
37.0,management,married,tertiary,no,2283.0,no,no,cellular,6,aug,303.0,2,92,4,success,yes
33.0,student,married,secondary,no,1536.0,no,no,cellular,6,aug,258.0,2,178,4,success,yes
45.0,management,married,secondary,no,446.0,no,no,cellular,6,aug,304.0,3,-1,0,unknown,yes
61.0,blue-collar,married,primary,no,5.0,no,no,cellular,6,aug,562.0,2,94,3,success,yes
22.0,student,single,secondary,no,216.0,no,no,cellular,6,aug,178.0,1,179,2,success,yes
37.0,management,married,secondary,no,565.0,no,no,cellular,6,aug,174.0,1,93,3,failure,yes
45.0,admin.,married,secondary,no,476.0,no,no,cellular,6,aug,356.0,1,364,1,other,yes
35.0,admin.,single,secondary,no,-32.0,no,yes,cellular,6,aug,366.0,2,178,9,success,yes
28.0,blue-collar,single,secondary,no,1348.0,yes,no,cellular,6,aug,221.0,2,-1,0,unknown,yes
31.0,,single,secondary,no,228.0,no,no,cellular,6,aug,744.0,1,88,4,other,yes
62.0,management,married,tertiary,no,1859.0,no,no,telephone,6,aug,245.0,3,-1,0,unknown,yes
47.0,management,married,tertiary,no,2306.0,no,no,telephone,6,aug,239.0,4,-1,0,unknown,yes
57.0,admin.,married,unknown,no,2038.0,no,no,cellular,9,aug,628.0,1,182,2,failure,yes
60.0,technician,married,secondary,no,824.0,yes,no,cellular,9,aug,265.0,1,181,8,success,yes
25.0,student,single,secondary,no,348.0,no,no,cellular,10,aug,245.0,1,-1,0,unknown,yes
40.0,blue-collar,married,secondary,no,1515.0,yes,no,cellular,10,aug,503.0,1,-1,0,unknown,yes
33.0,management,married,tertiary,no,1514.0,no,no,cellular,10,aug,447.0,1,728,2,failure,yes
53.0,unemployed,married,secondary,no,94.0,no,no,cellular,10,aug,493.0,1,181,14,success,yes
30.0,technician,single,tertiary,no,2325.0,no,no,cellular,10,aug,263.0,1,127,7,failure,yes
36.0,student,single,unknown,no,417.0,no,no,cellular,10,aug,304.0,1,181,1,success,yes
56.0,technician,divorced,secondary,no,3450.0,no,no,cellular,10,aug,507.0,1,181,2,success,yes
38.0,entrepreneur,single,secondary,no,2543.0,no,no,cellular,10,aug,223.0,1,414,4,,yes
29.0,admin.,single,secondary,no,464.0,no,no,cellular,10,aug,317.0,2,518,1,failure,yes
61.0,retired,married,secondary,no,1853.0,no,no,telephone,10,aug,520.0,1,181,2,success,yes
62.0,blue-collar,married,secondary,no,272.0,no,no,cellular,11,aug,146.0,1,286,2,failure,yes
24.0,student,single,secondary,no,1925.0,no,no,cellular,11,aug,1363.0,1,-1,0,unknown,yes
65.0,entrepreneur,married,tertiary,no,2331.0,no,no,telephone,11,aug,425.0,1,183,2,success,yes
70.0,retired,married,primary,no,324.0,no,no,cellular,11,aug,632.0,1,308,6,other,yes
60.0,technician,married,secondary,no,116.0,no,no,cellular,11,aug,329.0,2,181,8,success,yes
30.0,student,single,secondary,no,1779.0,no,no,cellular,11,aug,233.0,1,433,1,success,yes
51.0,management,married,tertiary,no,346.0,no,no,cellular,11,aug,237.0,1,180,6,success,yes
36.0,self-employed,single,tertiary,no,353.0,no,no,cellular,11,aug,361.0,2,181,2,success,yes
42.0,management,married,tertiary,no,27696.0,no,no,cellular,11,aug,370.0,1,91,7,,yes
58.0,management,married,secondary,no,2155.0,no,yes,cellular,11,aug,248.0,2,182,7,success,yes
43.0,blue-collar,married,secondary,no,413.0,yes,no,cellular,12,aug,235.0,2,182,4,success,yes
77.0,retired,married,primary,no,2590.0,no,no,telephone,12,aug,345.0,1,178,20,failure,yes
34.0,blue-collar,married,secondary,no,320.0,yes,no,cellular,12,aug,352.0,1,828,2,failure,yes
35.0,blue-collar,married,secondary,no,1454.0,yes,no,cellular,12,aug,323.0,1,182,4,success,yes
39.0,blue-collar,married,secondary,no,1382.0,yes,no,cellular,12,aug,357.0,1,182,2,success,yes
35.0,self-employed,married,tertiary,no,2427.0,no,no,cellular,12,aug,175.0,3,31,10,success,yes
41.0,admin.,married,secondary,no,2498.0,no,no,cellular,12,aug,411.0,1,-1,0,unknown,yes
25.0,student,single,unknown,no,1003.0,no,no,cellular,12,aug,361.0,1,-1,0,unknown,yes
51.0,blue-collar,married,secondary,no,2007.0,yes,no,cellular,12,aug,1226.0,3,-1,0,unknown,yes
48.0,unemployed,married,secondary,no,926.0,no,no,cellular,12,aug,504.0,2,178,10,success,yes
26.0,unemployed,single,secondary,no,632.0,no,no,cellular,12,aug,312.0,3,181,1,success,yes
55.0,unknown,married,secondary,no,2206.0,no,no,cellular,12,aug,265.0,1,91,5,success,yes
49.0,services,married,primary,no,1830.0,yes,no,cellular,13,aug,261.0,1,179,1,success,yes
29.0,self-employed,single,tertiary,no,814.0,no,no,unknown,13,aug,461.0,1,-1,0,unknown,yes
67.0,housemaid,divorced,secondary,no,5275.0,no,no,cellular,13,aug,222.0,4,-1,0,unknown,yes
42.0,admin.,divorced,secondary,no,2129.0,no,no,cellular,13,aug,633.0,1,182,2,other,yes
35.0,management,married,tertiary,no,2717.0,no,no,cellular,13,aug,394.0,6,-1,0,unknown,yes
37.0,technician,married,tertiary,no,341.0,no,no,cellular,13,aug,287.0,3,182,3,success,yes
35.0,management,divorced,tertiary,no,2885.0,no,no,cellular,13,aug,199.0,3,43,8,other,yes
61.0,retired,married,secondary,no,523.0,no,no,cellular,13,aug,211.0,3,183,4,success,yes
60.0,services,married,tertiary,no,4256.0,yes,no,cellular,16,aug,239.0,3,761,1,other,yes
33.0,technician,married,secondary,no,484.0,yes,no,cellular,16,aug,205.0,3,182,9,success,yes
27.0,blue-collar,single,secondary,no,535.0,no,no,cellular,16,aug,265.0,3,95,4,success,yes
24.0,student,single,secondary,no,431.0,no,no,cellular,19,aug,418.0,11,185,5,success,yes
57.0,retired,married,tertiary,no,1269.0,no,no,cellular,31,aug,1120.0,1,-1,0,unknown,yes
63.0,admin.,married,secondary,no,0.0,yes,no,cellular,31,aug,253.0,5,-1,0,unknown,yes
61.0,housemaid,married,primary,no,211.0,no,no,cellular,31,aug,443.0,2,186,3,,yes
52.0,self-employed,married,tertiary,no,4012.0,no,no,cellular,31,aug,634.0,3,92,5,other,yes
34.0,admin.,single,tertiary,no,625.0,no,yes,unknown,31,aug,34.0,1,-1,0,unknown,yes
28.0,management,single,tertiary,no,1584.0,yes,no,cellular,1,sep,222.0,2,-1,0,unknown,yes
60.0,management,married,tertiary,no,315.0,no,no,cellular,1,sep,840.0,1,183,3,success,yes
32.0,admin.,married,secondary,no,200.0,no,no,cellular,1,sep,729.0,1,29,3,failure,yes
34.0,management,married,tertiary,no,589.0,no,no,cellular,1,sep,300.0,1,44,3,other,yes
31.0,services,single,secondary,no,-205.0,no,no,cellular,1,sep,481.0,1,579,1,failure,yes
28.0,blue-collar,single,secondary,no,-46.0,yes,no,cellular,1,sep,199.0,1,92,14,success,yes
55.0,admin.,married,secondary,no,8304.0,no,no,cellular,1,sep,193.0,1,92,1,success,yes
65.0,retired,married,primary,no,308.0,no,no,cellular,1,sep,400.0,1,-1,0,unknown,yes
37.0,management,married,tertiary,no,1113.0,no,no,cellular,1,sep,265.0,2,183,2,success,yes
35.0,management,single,tertiary,no,992.0,no,yes,cellular,1,sep,238.0,1,-1,0,unknown,yes
33.0,admin.,single,tertiary,no,272.0,yes,no,cellular,1,sep,293.0,2,92,3,success,yes
75.0,retired,married,primary,no,1413.0,no,no,cellular,1,sep,532.0,2,188,2,success,yes
48.0,unknown,single,unknown,no,1819.0,no,no,cellular,2,sep,1440.0,1,458,1,failure,yes
33.0,entrepreneur,single,tertiary,no,1623.0,yes,no,cellular,2,sep,291.0,3,-1,0,unknown,yes
38.0,management,married,tertiary,no,630.0,no,no,cellular,2,sep,362.0,1,388,3,other,yes
25.0,student,single,secondary,no,2975.0,no,no,cellular,2,sep,799.0,2,-1,0,unknown,yes
41.0,unemployed,single,tertiary,no,7968.0,no,no,cellular,2,sep,404.0,1,184,4,success,yes
25.0,student,single,secondary,no,154.0,no,no,cellular,2,sep,382.0,1,183,3,success,yes
27.0,student,single,tertiary,no,5169.0,yes,no,cellular,3,sep,431.0,1,466,3,success,yes
49.0,admin.,single,tertiary,no,228.0,yes,no,cellular,3,sep,252.0,2,93,2,success,yes
43.0,technician,married,secondary,no,4945.0,yes,no,cellular,3,sep,219.0,3,185,2,success,yes
52.0,management,married,unknown,no,1708.0,no,no,unknown,6,sep,310.0,1,75,4,failure,yes
48.0,management,married,tertiary,no,0.0,yes,no,cellular,6,sep,194.0,2,125,6,failure,yes
29.0,unemployed,single,unknown,no,1584.0,no,no,cellular,6,sep,245.0,1,-1,0,unknown,yes
43.0,admin.,single,secondary,no,1707.0,yes,no,cellular,6,sep,369.0,3,504,5,other,yes
65.0,admin.,married,secondary,no,952.0,no,no,cellular,6,sep,255.0,1,96,1,success,yes
72.0,retired,married,secondary,no,1978.0,no,no,cellular,6,sep,312.0,1,-1,0,unknown,yes
26.0,technician,single,secondary,no,1105.0,yes,no,cellular,6,sep,415.0,1,297,3,other,yes
37.0,services,married,secondary,no,52.0,yes,no,cellular,6,sep,908.0,1,185,9,success,yes
,management,married,tertiary,no,6771.0,no,no,cellular,7,sep,337.0,1,186,1,success,yes
28.0,management,single,tertiary,no,890.0,yes,no,cellular,7,sep,201.0,1,-1,0,unknown,yes
61.0,retired,married,primary,no,56.0,no,no,cellular,7,sep,288.0,3,-1,0,unknown,yes
32.0,blue-collar,married,primary,no,1644.0,no,no,cellular,7,sep,492.0,3,102,5,other,yes
51.0,management,single,tertiary,no,151.0,yes,no,cellular,8,sep,638.0,1,427,3,success,yes
38.0,admin.,married,secondary,no,0.0,yes,no,cellular,8,sep,210.0,1,92,3,success,yes
34.0,management,divorced,tertiary,no,2240.0,no,no,cellular,8,sep,220.0,2,184,3,success,yes
60.0,unemployed,married,secondary,no,957.0,no,no,cellular,8,sep,246.0,1,184,3,success,yes
24.0,student,single,secondary,no,689.0,no,no,cellular,8,sep,630.0,1,-1,0,unknown,yes
36.0,management,married,tertiary,no,2161.0,no,no,cellular,8,sep,708.0,2,183,5,success,yes
46.0,student,single,unknown,no,1527.0,no,no,cellular,8,sep,358.0,3,184,1,success,yes
80.0,retired,married,secondary,no,8304.0,no,no,telephone,8,sep,606.0,3,91,13,success,yes
37.0,management,single,tertiary,no,698.0,no,no,cellular,8,sep,1081.0,2,-1,0,unknown,yes
39.0,management,married,tertiary,no,494.0,no,no,cellular,9,sep,216.0,1,183,5,success,yes
62.0,retired,married,secondary,no,2801.0,yes,yes,cellular,9,sep,261.0,1,183,1,success,yes
84.0,retired,married,tertiary,no,4761.0,no,no,telephone,9,sep,1405.0,1,92,3,failure,yes
24.0,student,single,tertiary,no,834.0,no,no,cellular,9,sep,679.0,1,-1,0,unknown,yes
24.0,student,single,secondary,no,139.0,no,no,cellular,9,sep,430.0,4,-1,0,unknown,yes
28.0,management,married,tertiary,no,12.0,yes,no,cellular,9,sep,202.0,1,-1,0,unknown,yes
31.0,management,married,tertiary,no,877.0,no,no,cellular,9,sep,209.0,1,92,8,success,yes
33.0,unemployed,single,secondary,no,2066.0,no,yes,cellular,9,sep,305.0,1,749,2,failure,yes
33.0,admin.,single,secondary,no,555.0,yes,no,cellular,9,sep,204.0,1,365,1,success,yes
64.0,retired,married,primary,no,48.0,no,no,cellular,9,sep,167.0,3,92,1,success,yes
48.0,technician,married,primary,no,235.0,no,no,cellular,9,sep,386.0,2,191,3,success,yes
28.0,admin.,married,secondary,no,1595.0,no,no,cellular,9,sep,268.0,1,254,4,success,yes
28.0,student,single,tertiary,no,5741.0,no,no,cellular,10,sep,1042.0,5,200,3,failure,yes
69.0,retired,married,unknown,no,426.0,no,no,telephone,10,sep,211.0,2,185,2,success,yes
28.0,management,single,tertiary,no,187.0,no,no,cellular,10,sep,255.0,1,93,2,success,yes
24.0,admin.,single,secondary,no,166.0,no,no,cellular,10,sep,256.0,2,-1,0,unknown,yes
52.0,unemployed,married,secondary,no,1416.0,no,no,cellular,13,sep,218.0,3,187,3,success,yes
37.0,services,single,tertiary,no,1189.0,no,no,cellular,13,sep,323.0,9,199,4,other,yes
25.0,student,single,secondary,no,486.0,no,no,cellular,13,sep,273.0,3,199,4,failure,yes
58.0,management,married,tertiary,no,0.0,no,no,cellular,14,sep,358.0,2,-1,0,unknown,yes
62.0,retired,married,tertiary,no,2557.0,yes,no,cellular,14,sep,211.0,1,216,7,success,yes
41.0,admin.,married,secondary,no,3138.0,no,no,cellular,14,sep,409.0,1,398,1,failure,yes
28.0,management,single,tertiary,no,1720.0,no,no,cellular,14,sep,230.0,1,91,4,success,yes
75.0,retired,married,primary,no,1765.0,no,no,telephone,14,sep,808.0,1,187,4,failure,yes
21.0,student,single,unknown,no,1506.0,no,no,cellular,14,sep,340.0,1,-1,0,unknown,yes
40.0,entrepreneur,married,tertiary,no,3585.0,no,no,cellular,15,sep,506.0,3,-1,0,unknown,yes
35.0,blue-collar,married,secondary,no,262.0,no,no,cellular,15,sep,331.0,1,75,6,failure,yes
49.0,management,married,tertiary,no,1093.0,yes,yes,cellular,15,sep,316.0,1,246,4,success,yes
39.0,management,married,unknown,no,76.0,no,no,cellular,15,sep,200.0,1,183,1,success,yes
63.0,admin.,divorced,secondary,no,4680.0,no,no,cellular,15,sep,953.0,2,-1,0,unknown,yes
38.0,management,married,tertiary,no,1477.0,no,no,cellular,15,sep,385.0,3,769,2,failure,yes
72.0,retired,married,tertiary,no,3561.0,no,no,telephone,15,sep,511.0,3,184,7,success,yes
31.0,management,single,tertiary,no,3340.0,no,no,cellular,15,sep,213.0,2,469,3,success,yes
49.0,technician,married,tertiary,no,1071.0,no,no,cellular,16,sep,225.0,1,91,1,success,yes
29.0,management,married,tertiary,no,247.0,no,no,cellular,16,sep,143.0,2,587,3,failure,yes
39.0,admin.,divorced,secondary,no,112.0,no,no,cellular,16,sep,574.0,3,-1,0,unknown,yes
78.0,retired,divorced,primary,no,527.0,no,no,cellular,16,sep,193.0,1,-1,0,unknown,yes
61.0,housemaid,married,primary,no,2580.0,no,no,cellular,16,sep,270.0,3,202,7,other,yes
60.0,retired,married,secondary,no,975.0,no,no,cellular,16,sep,303.0,1,792,1,failure,yes
58.0,management,divorced,unknown,no,2986.0,no,no,cellular,16,sep,414.0,1,91,5,other,yes
67.0,retired,married,secondary,no,2048.0,no,no,cellular,16,sep,452.0,5,195,4,other,yes
20.0,student,single,unknown,no,2785.0,no,no,cellular,16,sep,327.0,2,-1,0,unknown,yes
28.0,admin.,single,secondary,no,127.0,no,no,cellular,16,sep,1334.0,2,-1,0,unknown,yes
41.0,management,married,tertiary,no,0.0,no,no,cellular,17,sep,294.0,4,63,11,other,yes
31.0,student,single,tertiary,no,4951.0,no,no,cellular,17,sep,285.0,3,81,3,failure,yes
37.0,management,divorced,,no,488.0,yes,no,cellular,17,sep,328.0,1,854,2,failure,yes
81.0,retired,married,primary,no,1154.0,no,no,telephone,17,sep,231.0,1,-1,0,unknown,yes
46.0,management,divorced,tertiary,no,624.0,no,no,cellular,17,sep,336.0,2,183,2,success,yes
46.0,services,married,primary,no,4343.0,yes,no,unknown,20,sep,185.0,1,-1,0,unknown,yes
44.0,management,divorced,tertiary,no,2367.0,no,no,cellular,22,sep,263.0,1,184,6,success,yes
23.0,technician,single,secondary,no,283.0,yes,no,cellular,22,sep,175.0,1,184,2,success,yes
40.0,entrepreneur,married,secondary,no,6403.0,no,no,cellular,22,sep,208.0,2,-1,0,unknown,yes
27.0,management,married,tertiary,no,802.0,no,no,cellular,22,sep,569.0,1,-1,0,unknown,yes
60.0,admin.,married,secondary,no,3735.0,no,no,cellular,22,sep,183.0,1,184,11,success,yes
55.0,management,married,secondary,no,2693.0,no,no,cellular,22,sep,182.0,1,184,7,success,yes
43.0,unemployed,married,secondary,no,0.0,yes,yes,cellular,23,sep,183.0,2,184,13,failure,yes
26.0,management,single,tertiary,no,1027.0,no,no,cellular,23,sep,744.0,1,-1,0,unknown,yes
25.0,management,single,tertiary,no,3902.0,no,no,cellular,23,sep,856.0,1,-1,0,unknown,yes
31.0,housemaid,married,secondary,no,243.0,yes,no,cellular,23,sep,305.0,2,842,1,failure,yes
54.0,services,single,secondary,no,0.0,no,no,cellular,23,sep,209.0,1,-1,0,unknown,yes
29.0,unemployed,single,secondary,no,1055.0,no,no,cellular,23,sep,427.0,1,603,1,failure,yes
36.0,admin.,single,secondary,no,60.0,yes,no,cellular,23,sep,156.0,2,-1,0,unknown,yes
59.0,management,married,tertiary,no,5397.0,no,no,cellular,23,sep,244.0,1,92,3,success,yes
37.0,blue-collar,single,unknown,no,217.0,no,no,cellular,23,sep,272.0,2,-1,0,unknown,yes
28.0,management,single,tertiary,no,6551.0,no,no,cellular,23,sep,203.0,1,-1,0,unknown,yes
35.0,admin.,single,secondary,no,303.0,no,no,cellular,24,sep,173.0,2,190,10,other,yes
32.0,blue-collar,single,secondary,no,2093.0,no,no,cellular,24,sep,224.0,2,444,1,failure,yes
49.0,management,married,tertiary,no,1167.0,yes,yes,cellular,24,sep,249.0,1,91,14,success,yes
50.0,services,married,secondary,no,2376.0,yes,no,cellular,24,sep,395.0,1,-1,0,unknown,yes
55.0,services,divorced,secondary,no,0.0,no,no,cellular,27,sep,262.0,6,193,4,success,yes
81.0,retired,divorced,primary,no,949.0,no,no,cellular,27,sep,188.0,2,280,1,other,yes
24.0,management,single,tertiary,no,393.0,no,no,cellular,27,sep,1298.0,1,-1,0,unknown,yes
38.0,services,married,secondary,no,2678.0,no,no,cellular,28,sep,282.0,2,187,1,success,yes
61.0,retired,married,secondary,no,11.0,no,no,cellular,29,sep,232.0,1,92,3,success,yes
67.0,retired,married,primary,no,4416.0,no,no,cellular,29,sep,245.0,3,-1,0,unknown,yes
28.0,management,single,tertiary,no,390.0,no,no,cellular,29,sep,845.0,1,232,4,success,yes
29.0,services,single,secondary,no,1934.0,no,no,cellular,29,sep,271.0,1,-1,0,unknown,yes
31.0,student,single,secondary,no,3511.0,no,no,cellular,6,oct,311.0,1,96,1,success,yes
71.0,retired,married,secondary,no,1696.0,no,no,cellular,6,oct,486.0,1,-1,0,unknown,yes
33.0,self-employed,married,tertiary,no,1278.0,no,no,cellular,6,oct,649.0,1,-1,0,unknown,yes
47.0,self-employed,married,tertiary,no,1011.0,no,no,cellular,6,oct,808.0,1,-1,0,unknown,yes
39.0,management,married,tertiary,no,2939.0,no,no,cellular,6,oct,608.0,1,99,3,failure,yes
26.0,unemployed,single,tertiary,no,3466.0,no,no,cellular,6,oct,275.0,2,-1,0,unknown,yes
22.0,admin.,single,secondary,no,372.0,no,no,cellular,6,oct,218.0,1,-1,0,unknown,yes
34.0,management,single,tertiary,no,549.0,no,no,cellular,6,oct,1246.0,2,-1,0,unknown,yes
32.0,student,single,secondary,no,1102.0,no,no,telephone,8,oct,194.0,1,-1,0,unknown,yes
48.0,services,divorced,unknown,no,973.0,no,no,cellular,8,oct,319.0,1,134,2,success,yes
32.0,technician,single,unknown,no,491.0,no,no,cellular,8,oct,251.0,2,91,7,success,yes
58.0,admin.,divorced,secondary,no,3337.0,yes,no,telephone,8,oct,369.0,2,690,3,failure,yes
48.0,admin.,married,secondary,no,368.0,no,no,cellular,8,oct,363.0,2,140,7,success,yes
28.0,unknown,single,unknown,no,326.0,no,no,cellular,11,oct,450.0,1,231,1,success,yes
36.0,technician,single,secondary,no,12264.0,no,no,cellular,11,oct,285.0,1,182,2,success,yes
67.0,retired,married,secondary,no,203.0,no,no,cellular,11,oct,405.0,1,266,2,success,yes
30.0,management,single,tertiary,no,502.0,no,no,cellular,11,oct,463.0,3,95,6,success,yes
,admin.,married,tertiary,no,346.0,no,no,cellular,11,oct,212.0,1,-1,0,unknown,yes
31.0,management,married,tertiary,no,4328.0,no,no,cellular,12,oct,203.0,4,165,14,success,yes
27.0,student,single,secondary,no,279.0,no,no,cellular,12,oct,323.0,1,-1,0,unknown,yes
33.0,management,single,tertiary,no,131.0,yes,no,cellular,12,oct,209.0,3,427,2,failure,yes
36.0,management,single,tertiary,no,2646.0,no,no,cellular,13,oct,169.0,1,182,10,success,yes
62.0,self-employed,divorced,tertiary,no,6.0,yes,no,cellular,13,oct,216.0,1,183,4,success,yes
29.0,self-employed,single,tertiary,no,1579.0,no,no,cellular,13,oct,190.0,1,92,5,success,yes
26.0,blue-collar,single,secondary,no,2007.0,no,no,cellular,13,oct,194.0,1,92,5,success,yes
59.0,,married,secondary,no,1.0,no,no,cellular,14,oct,585.0,1,182,5,success,yes
51.0,management,married,tertiary,no,469.0,no,no,cellular,14,oct,491.0,1,182,3,success,yes
27.0,technician,single,secondary,no,643.0,no,no,telephone,14,oct,301.0,1,93,1,success,yes
60.0,retired,divorced,secondary,no,514.0,no,no,cellular,15,oct,187.0,2,213,10,success,yes
42.0,unemployed,married,secondary,no,1289.0,no,no,cellular,15,oct,1176.0,3,92,6,success,yes
47.0,admin.,married,secondary,no,3676.0,no,no,cellular,18,oct,567.0,1,95,3,success,yes
43.0,unemployed,married,tertiary,no,0.0,no,no,cellular,18,oct,464.0,1,94,2,success,yes
22.0,management,single,tertiary,no,104.0,no,yes,cellular,18,oct,509.0,1,185,3,success,yes
34.0,technician,married,secondary,no,159.0,yes,no,cellular,18,oct,252.0,1,-1,0,unknown,yes
39.0,admin.,divorced,secondary,no,728.0,yes,yes,cellular,18,oct,222.0,1,-1,0,unknown,yes
27.0,management,single,tertiary,no,107.0,no,no,cellular,18,oct,767.0,3,-1,0,unknown,yes
49.0,blue-collar,married,secondary,no,1946.0,no,no,cellular,19,oct,192.0,1,95,1,success,yes
42.0,management,married,unknown,no,1519.0,no,no,cellular,19,oct,230.0,1,92,1,success,yes
64.0,management,married,tertiary,no,5112.0,no,no,telephone,19,oct,898.0,7,137,11,,yes
44.0,management,single,tertiary,no,1090.0,no,no,cellular,20,oct,178.0,4,93,6,success,yes
64.0,retired,divorced,secondary,no,4833.0,no,no,cellular,20,oct,621.0,1,181,3,failure,yes
29.0,student,single,secondary,no,,no,no,cellular,21,oct,150.0,3,149,5,success,yes
52.0,management,married,secondary,no,335.0,no,no,cellular,21,oct,411.0,1,182,1,failure,yes
52.0,technician,married,secondary,no,371.0,yes,yes,cellular,21,oct,453.0,1,183,3,success,yes
54.0,management,divorced,tertiary,no,5475.0,no,no,cellular,21,oct,1032.0,1,91,4,success,yes
37.0,management,married,tertiary,no,203.0,no,no,cellular,21,oct,759.0,1,90,5,success,yes
48.0,admin.,married,secondary,no,50.0,no,yes,cellular,21,oct,419.0,1,-1,0,unknown,yes
28.0,technician,single,tertiary,no,11862.0,no,no,cellular,21,oct,549.0,2,238,13,other,yes
77.0,retired,married,secondary,no,820.0,no,no,telephone,21,oct,330.0,2,181,4,success,yes
63.0,retired,single,tertiary,no,791.0,no,no,cellular,21,oct,212.0,2,-1,0,unknown,yes
34.0,technician,single,secondary,no,1279.0,yes,no,cellular,21,oct,339.0,3,91,10,success,yes
,blue-collar,single,tertiary,no,455.0,no,no,cellular,22,oct,,4,148,3,success,yes
38.0,management,married,tertiary,no,536.0,yes,no,cellular,22,oct,234.0,1,92,1,success,yes
47.0,admin.,single,secondary,no,1693.0,yes,no,cellular,22,oct,608.0,2,92,4,other,yes
63.0,retired,married,secondary,no,1495.0,no,no,cellular,25,oct,389.0,1,195,4,other,yes
30.0,management,single,tertiary,no,985.0,yes,no,cellular,25,oct,304.0,1,94,2,success,yes
74.0,retired,married,secondary,no,935.0,no,no,cellular,25,oct,400.0,1,173,3,success,yes
31.0,admin.,single,secondary,no,410.0,no,no,cellular,25,oct,182.0,1,185,1,success,yes
33.0,admin.,married,secondary,no,51.0,yes,yes,cellular,25,oct,253.0,1,284,3,success,yes
25.0,student,single,secondary,no,679.0,no,no,cellular,25,oct,297.0,5,94,6,other,yes
78.0,management,married,unknown,no,1780.0,yes,no,cellular,25,oct,211.0,2,185,7,success,yes
26.0,management,single,tertiary,no,222.0,no,no,cellular,26,oct,318.0,1,120,3,success,yes
47.0,admin.,married,secondary,no,1210.0,no,no,cellular,26,oct,604.0,1,91,4,failure,yes
56.0,admin.,divorced,secondary,no,1693.0,no,no,cellular,26,oct,238.0,4,442,4,failure,yes
54.0,technician,married,tertiary,no,876.0,no,no,cellular,27,oct,269.0,3,541,3,success,yes
46.0,technician,married,unknown,no,3308.0,no,no,cellular,27,oct,171.0,1,91,2,success,yes
47.0,management,married,tertiary,no,0.0,no,no,cellular,27,oct,508.0,1,-1,0,unknown,yes
24.0,student,single,secondary,no,822.0,no,no,cellular,27,oct,184.0,1,91,2,failure,yes
70.0,retired,married,secondary,no,0.0,no,no,cellular,27,oct,258.0,1,92,5,success,yes
63.0,entrepreneur,married,secondary,no,3904.0,no,no,telephone,8,nov,360.0,1,96,4,success,yes
22.0,student,single,secondary,no,2488.0,no,no,cellular,8,nov,449.0,2,38,10,other,yes
38.0,technician,married,tertiary,no,88.0,no,no,cellular,8,nov,282.0,2,186,4,success,yes
44.0,entrepreneur,married,tertiary,no,121.0,no,no,cellular,9,nov,248.0,1,91,1,success,yes
52.0,technician,married,tertiary,no,0.0,no,no,cellular,9,nov,467.0,3,92,7,failure,yes
35.0,technician,married,secondary,no,0.0,yes,no,cellular,9,nov,524.0,1,96,5,success,yes
29.0,admin.,single,secondary,no,464.0,no,no,cellular,9,nov,208.0,2,91,3,success,yes
41.0,unemployed,single,tertiary,no,79.0,no,no,telephone,9,nov,394.0,1,390,2,success,yes
62.0,retired,married,tertiary,no,2557.0,yes,no,cellular,10,nov,404.0,1,57,8,success,yes
62.0,blue-collar,married,secondary,no,272.0,no,no,cellular,11,nov,289.0,1,92,3,success,yes
38.0,entrepreneur,single,secondary,no,2543.0,no,no,cellular,11,nov,357.0,3,93,5,success,yes
36.0,admin.,divorced,secondary,no,1224.0,yes,no,cellular,12,nov,482.0,1,374,1,success,yes
34.0,blue-collar,married,secondary,no,320.0,yes,no,cellular,12,nov,413.0,1,92,3,success,yes
,services,married,tertiary,no,4256.0,yes,no,cellular,16,nov,200.0,1,92,4,success,yes
32.0,services,single,secondary,no,1168.0,yes,no,cellular,16,nov,411.0,1,-1,0,unknown,yes
29.0,management,single,secondary,no,703.0,yes,no,cellular,16,nov,236.0,1,550,2,success,yes
32.0,blue-collar,married,secondary,no,136.0,no,no,cellular,16,nov,206.0,1,188,3,success,yes
75.0,retired,divorced,tertiary,no,3810.0,yes,no,cellular,16,nov,262.0,1,183,1,failure,yes
29.0,management,single,tertiary,no,765.0,no,no,cellular,16,nov,238.0,1,-1,0,unknown,yes
68.0,retired,married,secondary,no,1146.0,no,no,cellular,16,nov,212.0,1,187,6,success,yes
25.0,student,single,secondary,no,358.0,no,no,cellular,16,nov,330.0,1,-1,0,unknown,yes
36.0,management,single,secondary,no,1511.0,yes,no,cellular,16,nov,270.0,1,-1,0,unknown,yes
38.0,technician,married,secondary,no,557.0,yes,no,cellular,16,nov,1556.0,4,-1,0,unknown,yes
53.0,management,married,tertiary,no,583.0,no,no,cellular,17,nov,,1,184,4,success,yes
34.0,admin.,single,secondary,no,557.0,no,no,cellular,17,nov,224.0,1,-1,0,unknown,yes
23.0,student,single,tertiary,no,113.0,no,no,cellular,17,nov,266.0,1,-1,0,unknown,yes
,retired,married,secondary,no,2850.0,no,no,cellular,17,nov,300.0,1,40,8,failure,yes
25.0,technician,single,secondary,no,505.0,no,yes,cellular,17,nov,386.0,2,-1,0,unknown,yes
51.0,technician,married,tertiary,no,825.0,no,no,,17,nov,977.0,3,-1,0,unknown,yes
72.0,retired,married,secondary,no,5715.0,no,no,cellular,17,nov,1127.0,5,184,3,success,yes
42.0,technician,married,tertiary,no,-215.0,no,no,unknown,20,jun,1573.0,5,-1,0,unknown,yes
59.0,management,married,tertiary,no,2239.0,no,no,cellular,20,aug,377.0,6,90,1,success,yes
32.0,management,married,tertiary,no,376.0,yes,no,cellular,23,mar,248.0,4,-1,0,unknown,yes
36.0,technician,married,secondary,no,15485.0,no,no,cellular,14,apr,461.0,1,-1,0,unknown,yes
34.0,services,married,secondary,no,2918.0,no,yes,cellular,4,jun,246.0,1,196,2,success,yes
28.0,student,single,secondary,no,67.0,no,no,cellular,20,aug,329.0,3,199,2,other,yes
54.0,unemployed,divorced,secondary,no,1664.0,no,no,cellular,2,jun,257.0,3,-1,0,unknown,yes
27.0,admin.,single,secondary,no,192.0,no,no,telephone,28,jul,1076.0,17,-1,0,unknown,yes
42.0,management,married,unknown,no,1519.0,no,no,cellular,19,jul,268.0,1,-1,0,unknown,yes
31.0,admin.,single,secondary,no,0.0,no,no,cellular,17,apr,188.0,3,-1,0,unknown,yes
41.0,unemployed,married,secondary,no,0.0,yes,yes,cellular,5,may,400.0,1,-1,0,unknown,yes
37.0,admin.,divorced,tertiary,no,4708.0,no,no,cellular,2,jun,238.0,1,181,2,success,yes
31.0,management,single,tertiary,no,3283.0,no,no,cellular,2,feb,258.0,1,73,1,failure,yes
33.0,unemployed,married,secondary,no,1211.0,no,no,cellular,11,feb,535.0,1,188,1,success,yes
27.0,self-employed,single,tertiary,no,347.0,no,no,cellular,6,aug,385.0,4,-1,0,unknown,yes
44.0,management,married,tertiary,no,423.0,no,no,cellular,12,mar,2330.0,5,-1,0,unknown,yes
22.0,student,single,secondary,no,3982.0,no,no,cellular,20,apr,206.0,1,-1,0,unknown,yes
unknown,management,single,tertiary,no,2506.0,no,no,cellular,17,feb,485.0,1,-1,0,unknown,yes
30.0,,single,tertiary,no,697.0,no,no,cellular,10,aug,179.0,3,102,2,success,yes
46.0,blue-collar,married,secondary,no,456.0,no,yes,cellular,18,aug,618.0,6,-1,0,unknown,yes
32.0,technician,single,secondary,no,324.0,no,yes,cellular,23,feb,432.0,1,-1,0,unknown,yes
57.0,admin.,single,secondary,no,5768.0,yes,no,unknown,19,jun,512.0,1,-1,0,unknown,yes
41.0,technician,married,tertiary,no,1517.0,no,no,cellular,8,aug,193.0,3,-1,0,unknown,yes
62.0,management,married,tertiary,no,0.0,no,no,cellular,3,sep,299.0,1,-1,0,unknown,yes
28.0,unemployed,married,tertiary,no,482.0,no,no,cellular,25,may,119.0,1,-1,0,unknown,yes
77.0,retired,married,secondary,no,638.0,no,no,cellular,7,aug,453.0,1,-1,0,unknown,yes
47.0,housemaid,married,secondary,no,2524.0,no,no,cellular,12,oct,105.0,1,-1,0,unknown,yes
40.0,management,married,tertiary,no,4539.0,no,no,cellular,13,jul,256.0,3,439,1,failure,yes
41.0,blue-collar,married,secondary,no,2039.0,yes,no,cellular,8,may,729.0,1,-1,0,unknown,yes
28.0,services,single,tertiary,no,128.0,no,no,cellular,27,may,460.0,1,414,1,failure,yes
51.0,blue-collar,married,secondary,no,4787.0,yes,no,cellular,7,apr,895.0,1,-1,0,unknown,yes
47.0,management,married,tertiary,no,1147.0,no,no,cellular,2,jun,654.0,1,95,1,failure,yes
37.0,unemployed,married,secondary,no,1978.0,no,no,cellular,9,sep,404.0,1,182,1,success,yes
29.0,management,married,tertiary,no,51.0,yes,no,cellular,17,jul,1319.0,5,-1,0,unknown,yes
24.0,services,single,secondary,yes,-122.0,yes,no,unknown,13,may,1000.0,1,-1,0,unknown,yes
27.0,blue-collar,single,secondary,no,294.0,yes,yes,unknown,28,may,694.0,2,-1,0,unknown,yes
23.0,student,single,secondary,no,922.0,no,no,cellular,28,may,538.0,2,184,9,failure,yes
32.0,admin.,married,secondary,no,51.0,yes,yes,cellular,14,jan,203.0,1,87,2,other,yes
40.0,technician,married,secondary,no,694.0,yes,no,cellular,3,jun,431.0,2,119,9,failure,yes
32.0,management,married,tertiary,no,607.0,yes,no,unknown,18,jun,1060.0,5,-1,0,unknown,yes
57.0,management,married,secondary,no,2155.0,no,yes,cellular,10,nov,144.0,3,91,2,failure,yes
28.0,self-employed,single,tertiary,no,159.0,no,no,cellular,14,oct,246.0,2,420,2,other,yes
35.0,technician,married,,no,7050.0,no,no,cellular,10,feb,278.0,3,187,1,success,yes
35.0,blue-collar,married,secondary,no,1055.0,no,no,unknown,18,nov,150.0,2,-1,0,unknown,yes
24.0,student,single,secondary,no,8165.0,no,no,cellular,15,sep,216.0,1,-1,0,unknown,yes
36.0,technician,married,tertiary,no,376.0,no,no,cellular,16,sep,173.0,1,-1,0,unknown,yes
66.0,housemaid,divorced,primary,no,3701.0,no,no,telephone,3,mar,834.0,1,-1,0,unknown,yes
45.0,management,divorced,secondary,no,644.0,yes,no,cellular,19,nov,418.0,1,168,1,success,yes
28.0,technician,single,tertiary,no,3623.0,no,no,cellular,10,mar,261.0,1,-1,0,unknown,yes
45.0,housemaid,married,secondary,no,360.0,no,no,cellular,3,nov,215.0,1,-1,0,unknown,yes
31.0,unemployed,single,secondary,no,284.0,yes,no,cellular,2,feb,855.0,1,-1,0,unknown,yes
45.0,services,single,primary,no,1893.0,yes,no,unknown,3,jun,1259.0,6,-1,0,unknown,yes
34.0,admin.,married,tertiary,no,69.0,no,yes,cellular,4,aug,120.0,3,1,6,success,yes
39.0,technician,single,secondary,no,1355.0,yes,no,cellular,14,may,1180.0,1,-1,0,unknown,yes
24.0,management,single,tertiary,no,1506.0,no,no,cellular,12,jun,239.0,2,95,4,success,yes
33.0,technician,single,tertiary,no,1393.0,yes,no,cellular,18,jul,1127.0,3,-1,0,unknown,yes
54.0,management,divorced,tertiary,no,487.0,yes,no,unknown,21,may,828.0,4,-1,0,unknown,yes
26.0,student,single,secondary,no,655.0,no,no,cellular,16,sep,190.0,1,-1,0,unknown,yes
30.0,services,single,tertiary,no,1788.0,no,no,,4,aug,288.0,1,181,2,failure,yes
37.0,admin.,married,secondary,no,0.0,yes,no,cellular,2,jun,107.0,1,-1,0,unknown,yes
32.0,management,single,tertiary,no,41.0,no,no,cellular,21,aug,686.0,5,-1,0,unknown,yes
39.0,management,married,secondary,no,215.0,no,no,cellular,11,aug,1141.0,4,-1,0,unknown,yes
27.0,unknown,single,secondary,no,1187.0,no,no,telephone,26,feb,232.0,1,101,1,failure,yes
54.0,admin.,married,secondary,no,0.0,no,no,cellular,27,jan,565.0,1,-1,0,unknown,yes
54.0,housemaid,single,secondary,no,1213.0,no,no,cellular,12,nov,241.0,1,-1,0,unknown,yes
71.0,retired,married,tertiary,no,653.0,no,no,telephone,3,sep,471.0,1,189,1,success,yes
41.0,management,divorced,tertiary,no,3426.0,no,no,cellular,4,jun,102.0,2,297,3,failure,yes
29.0,admin.,married,tertiary,no,238.0,no,no,cellular,25,may,344.0,2,88,1,failure,yes
60.0,retired,married,secondary,no,1690.0,no,no,unknown,20,jun,1467.0,4,-1,0,unknown,yes
60.0,unemployed,married,primary,no,0.0,no,no,cellular,22,jul,1193.0,1,412,1,other,yes
36.0,technician,single,secondary,no,27.0,yes,no,cellular,9,feb,631.0,1,260,2,success,yes
34.0,management,single,tertiary,no,681.0,no,no,cellular,6,aug,637.0,2,-1,0,unknown,yes
27.0,admin.,single,secondary,no,18188.0,yes,no,unknown,12,jun,541.0,17,-1,0,unknown,yes
34.0,management,married,tertiary,no,1006.0,yes,no,cellular,19,nov,783.0,3,195,2,other,yes
36.0,management,married,tertiary,no,1352.0,no,no,unknown,19,jun,2028.0,1,-1,0,unknown,yes
32.0,technician,single,tertiary,no,2340.0,no,no,cellular,18,feb,89.0,2,-1,0,unknown,yes
55.0,housemaid,married,unknown,no,366.0,no,no,cellular,5,jun,365.0,3,57,2,other,yes
34.0,services,single,secondary,no,-374.0,yes,no,cellular,11,may,672.0,1,-1,0,unknown,yes
25.0,technician,single,tertiary,no,1231.0,no,no,cellular,31,aug,271.0,2,-1,0,unknown,yes
51.0,technician,married,tertiary,no,1347.0,yes,yes,cellular,10,feb,160.0,1,243,1,failure,yes
33.0,management,married,tertiary,no,1778.0,no,no,cellular,12,feb,388.0,1,-1,0,unknown,yes
35.0,technician,married,secondary,no,2201.0,no,no,telephone,12,apr,350.0,1,-1,0,unknown,yes
55.0,housemaid,married,primary,no,0.0,yes,no,cellular,17,jul,1303.0,2,-1,0,unknown,yes
61.0,retired,married,tertiary,no,2557.0,yes,no,cellular,11,aug,139.0,3,190,1,success,yes
34.0,technician,married,secondary,no,0.0,yes,no,cellular,5,aug,231.0,2,2,3,success,yes
55.0,technician,married,tertiary,no,1320.0,no,no,cellular,28,jul,340.0,1,91,2,success,yes
23.0,student,single,tertiary,no,0.0,no,no,cellular,10,aug,213.0,1,-1,0,unknown,yes
69.0,retired,married,secondary,no,0.0,no,no,cellular,27,jul,666.0,1,90,4,success,yes
37.0,management,single,tertiary,no,22125.0,no,yes,cellular,21,nov,331.0,2,-1,0,unknown,yes
49.0,entrepreneur,married,primary,no,6188.0,no,no,cellular,18,nov,453.0,1,-1,0,unknown,yes
41.0,unemployed,married,secondary,no,1077.0,yes,yes,telephone,9,dec,207.0,3,387,2,failure,yes
39.0,technician,single,unknown,no,45248.0,yes,no,unknown,6,may,1623.0,1,-1,0,unknown,yes
30.0,technician,single,tertiary,no,3291.0,yes,no,unknown,19,may,1218.0,3,-1,0,unknown,yes
32.0,technician,single,secondary,no,562.0,yes,no,unknown,30,may,722.0,3,-1,0,unknown,yes
61.0,admin.,married,secondary,no,1046.0,yes,no,cellular,21,aug,158.0,1,-1,0,unknown,yes
33.0,management,single,tertiary,no,87.0,no,no,cellular,12,aug,978.0,1,-1,0,unknown,yes
32.0,management,single,tertiary,no,10281.0,no,no,cellular,22,apr,400.0,1,-1,0,unknown,yes
45.0,admin.,divorced,primary,no,429.0,yes,no,cellular,22,apr,147.0,1,181,1,success,yes
59.0,retired,married,primary,no,3648.0,no,no,telephone,19,jun,1321.0,3,-1,0,unknown,yes
48.0,blue-collar,married,secondary,no,863.0,yes,no,telephone,4,may,412.0,5,350,2,success,yes
18.0,student,single,unknown,no,3.0,no,no,cellular,25,aug,130.0,2,-1,0,unknown,yes
27.0,management,single,tertiary,no,2648.0,no,no,cellular,5,feb,917.0,1,-1,0,unknown,yes
32.0,management,single,tertiary,no,0.0,yes,no,cellular,30,apr,370.0,3,-1,0,unknown,yes
50.0,technician,divorced,secondary,no,0.0,no,no,cellular,29,sep,159.0,1,120,2,failure,yes
30.0,self-employed,single,tertiary,no,655.0,no,no,cellular,23,sep,272.0,4,184,1,success,yes
23.0,student,single,unknown,no,854.0,yes,no,unknown,28,may,664.0,2,-1,0,unknown,yes
40.0,management,divorced,tertiary,no,858.0,no,no,cellular,26,oct,202.0,2,-1,0,unknown,yes
27.0,blue-collar,single,tertiary,no,567.0,no,no,cellular,26,may,523.0,3,182,3,success,yes
35.0,technician,single,secondary,no,399.0,yes,no,cellular,13,may,496.0,2,345,3,failure,yes
53.0,admin.,divorced,unknown,no,257.0,no,no,cellular,11,jul,1310.0,2,-1,0,unknown,yes
59.0,admin.,married,secondary,no,3735.0,no,no,cellular,18,mar,203.0,4,121,2,failure,yes
37.0,management,married,tertiary,no,57.0,no,no,cellular,5,feb,345.0,1,-1,0,unknown,yes
24.0,student,single,primary,no,1235.0,no,no,cellular,14,jul,334.0,4,93,6,other,yes
42.0,services,divorced,secondary,no,257.0,yes,no,cellular,12,may,955.0,2,-1,0,unknown,yes
27.0,technician,single,tertiary,no,401.0,no,no,cellular,6,aug,218.0,3,93,2,success,yes
29.0,self-employed,single,tertiary,no,3290.0,no,no,cellular,23,mar,136.0,1,291,2,success,yes
30.0,management,single,tertiary,no,297.0,no,no,cellular,8,nov,188.0,1,-1,0,unknown,yes
22.0,admin.,single,secondary,no,33.0,no,no,cellular,12,feb,369.0,1,-1,0,unknown,yes
39.0,services,married,secondary,no,1179.0,no,no,cellular,25,may,284.0,1,-1,0,unknown,yes
35.0,management,single,tertiary,no,471.0,no,no,cellular,5,jun,276.0,2,-1,0,unknown,yes
61.0,retired,married,secondary,no,938.0,no,no,cellular,15,jul,392.0,2,183,3,success,yes
33.0,technician,single,tertiary,no,1636.0,yes,no,cellular,27,feb,165.0,1,-1,0,unknown,yes
42.0,management,divorced,tertiary,no,1243.0,no,no,cellular,26,aug,1000.0,4,-1,0,unknown,yes
30.0,admin.,single,tertiary,no,0.0,yes,no,cellular,4,feb,730.0,2,-1,0,unknown,yes
51.0,retired,divorced,secondary,no,1679.0,no,no,cellular,12,aug,417.0,1,365,9,other,yes
25.0,services,single,unknown,no,2022.0,no,no,cellular,29,jul,276.0,8,97,12,other,yes
44.0,technician,single,tertiary,no,2033.0,no,no,cellular,3,sep,444.0,1,99,1,failure,yes
34.0,admin.,married,secondary,no,869.0,no,no,unknown,6,may,1677.0,1,-1,0,unknown,yes
28.0,management,single,tertiary,no,3611.0,no,no,cellular,26,feb,141.0,2,-1,0,unknown,yes
61.0,retired,divorced,primary,no,3624.0,no,no,cellular,25,nov,342.0,1,-1,0,unknown,yes
21.0,student,single,secondary,no,2488.0,no,no,cellular,30,jun,258.0,6,169,3,success,yes
53.0,technician,divorced,tertiary,no,2228.0,no,no,cellular,17,nov,890.0,1,-1,0,unknown,yes
46.0,services,married,secondary,no,4.0,no,no,cellular,30,apr,268.0,1,261,5,other,yes
52.0,technician,married,tertiary,no,2557.0,no,no,cellular,28,jan,134.0,5,204,2,success,yes
56.0,management,married,tertiary,no,1390.0,yes,no,cellular,18,nov,543.0,1,-1,0,unknown,yes
36.0,technician,single,secondary,no,1228.0,yes,no,cellular,4,may,303.0,3,-1,0,unknown,yes
30.0,admin.,married,secondary,no,1265.0,yes,yes,unknown,26,may,414.0,2,-1,0,unknown,yes
41.0,admin.,divorced,secondary,no,6046.0,yes,yes,telephone,15,mar,300.0,6,182,2,success,yes
33.0,management,single,tertiary,no,816.0,yes,no,cellular,11,oct,383.0,2,503,2,failure,yes
28.0,student,single,tertiary,no,0.0,no,no,cellular,28,sep,294.0,2,105,7,other,yes
54.0,technician,single,tertiary,no,118.0,no,no,cellular,5,apr,280.0,1,-1,0,unknown,yes
50.0,management,married,secondary,no,1165.0,no,no,cellular,16,jul,455.0,1,-1,0,unknown,yes
58.0,technician,married,secondary,no,99.0,no,no,telephone,22,sep,396.0,2,-1,0,unknown,yes
33.0,services,married,secondary,no,1697.0,no,no,cellular,4,may,489.0,1,182,1,success,yes
36.0,entrepreneur,single,secondary,no,866.0,yes,no,cellular,11,may,629.0,1,173,1,failure,yes
51.0,technician,married,tertiary,no,0.0,no,no,cellular,2,mar,539.0,2,-1,0,unknown,yes
35.0,technician,single,tertiary,no,5301.0,no,no,cellular,21,nov,937.0,2,-1,0,unknown,yes
35.0,management,single,tertiary,no,7918.0,no,no,cellular,7,sep,497.0,1,-1,0,unknown,yes
34.0,technician,married,secondary,no,1.0,no,no,cellular,28,aug,535.0,2,-1,0,unknown,yes
45.0,management,married,tertiary,no,160.0,no,no,cellular,30,apr,619.0,1,-1,0,unknown,yes
24.0,services,single,secondary,no,414.0,yes,no,cellular,18,may,493.0,1,370,1,other,yes
45.0,unknown,married,tertiary,no,406.0,no,no,cellular,7,sep,314.0,1,-1,0,unknown,yes
42.0,entrepreneur,married,secondary,no,0.0,yes,no,cellular,9,apr,331.0,1,140,4,failure,yes
30.0,technician,single,tertiary,no,655.0,no,no,cellular,6,oct,384.0,2,-1,0,unknown,yes
60.0,retired,divorced,secondary,no,514.0,no,no,cellular,16,mar,263.0,1,124,9,other,yes
40.0,technician,married,tertiary,no,11766.0,yes,no,cellular,13,apr,10040.0,2,242,9,failure,yes
25.0,blue-collar,married,secondary,no,0.0,no,yes,cellular,15,jul,1424.0,4,-1,0,unknown,yes
48.0,management,married,secondary,no,2892.0,no,no,cellular,7,jul,407.0,1,385,1,success,yes
28.0,admin.,single,secondary,no,762.0,no,no,cellular,18,sep,115.0,3,-1,0,unknown,yes
55.0,management,divorced,tertiary,no,2037.0,no,no,cellular,2,nov,209.0,2,273,1,failure,yes
47.0,management,single,tertiary,no,255.0,no,yes,cellular,30,jul,802.0,4,-1,0,unknown,yes
32.0,student,married,secondary,no,1536.0,no,no,cellular,7,aug,289.0,2,-1,0,unknown,yes
55.0,technician,divorced,tertiary,no,0.0,no,no,cellular,18,aug,237.0,1,-1,0,unknown,yes
27.0,technician,single,secondary,no,2.0,yes,yes,cellular,6,may,554.0,2,356,1,failure,yes
42.0,management,married,tertiary,no,1435.0,yes,no,cellular,7,may,1148.0,1,-1,0,unknown,yes
47.0,technician,married,secondary,no,1219.0,no,no,cellular,18,aug,697.0,4,-1,0,unknown,yes
36.0,entrepreneur,married,secondary,no,2971.0,no,no,cellular,12,nov,247.0,1,97,8,failure,yes
64.0,retired,married,primary,no,440.0,no,no,cellular,6,feb,495.0,1,-1,0,unknown,yes
34.0,management,married,tertiary,no,3301.0,yes,no,cellular,17,sep,164.0,5,92,6,success,yes
72.0,admin.,married,primary,no,2321.0,no,no,cellular,14,sep,221.0,2,64,12,failure,yes
27.0,student,single,secondary,no,213.0,no,no,cellular,27,mar,378.0,1,-1,0,unknown,yes
54.0,services,divorced,secondary,no,0.0,no,no,cellular,18,mar,362.0,1,290,3,success,yes
19.0,student,single,unknown,no,108.0,no,no,cellular,10,aug,168.0,1,182,2,success,yes
33.0,admin.,married,secondary,no,920.0,no,no,cellular,30,apr,344.0,1,-1,0,unknown,yes
36.0,admin.,married,secondary,no,1031.0,no,no,cellular,17,jun,282.0,4,-1,0,unknown,yes
26.0,student,single,tertiary,no,294.0,no,no,cellular,5,mar,87.0,1,91,2,success,yes
42.0,admin.,divorced,secondary,no,527.0,no,yes,cellular,22,oct,181.0,1,185,1,success,yes
24.0,management,single,tertiary,no,1030.0,no,no,cellular,4,mar,396.0,2,-1,0,unknown,yes
28.0,self-employed,single,tertiary,no,2503.0,no,no,cellular,25,may,426.0,1,-1,0,unknown,yes
58.0,unknown,married,unknown,no,1547.0,no,no,telephone,5,aug,1186.0,4,-1,0,unknown,yes
59.0,management,married,tertiary,no,1.0,yes,no,cellular,29,apr,210.0,1,-1,0,unknown,yes
46.0,technician,married,secondary,no,1167.0,yes,no,cellular,21,nov,1540.0,2,-1,0,,yes
49.0,technician,married,tertiary,no,523.0,yes,no,cellular,3,mar,152.0,2,-1,0,unknown,yes
45.0,blue-collar,divorced,primary,no,-207.0,no,no,cellular,15,jul,878.0,2,-1,0,unknown,yes
32.0,management,single,tertiary,no,3283.0,no,no,cellular,12,aug,623.0,2,191,2,success,yes
46.0,blue-collar,married,secondary,no,1147.0,yes,no,cellular,20,apr,720.0,1,-1,0,unknown,yes
29.0,management,single,tertiary,no,1170.0,no,no,cellular,20,apr,453.0,1,-1,0,unknown,yes
30.0,management,single,secondary,no,4642.0,yes,no,cellular,21,nov,528.0,1,-1,0,unknown,yes
31.0,self-employed,married,tertiary,no,2666.0,no,no,cellular,10,nov,318.0,2,97,6,success,yes
31.0,management,married,tertiary,no,792.0,no,no,cellular,20,aug,763.0,14,-1,0,unknown,yes
33.0,blue-collar,single,primary,no,127.0,yes,no,unknown,29,may,1059.0,2,-1,0,unknown,yes
49.0,services,divorced,secondary,no,0.0,no,no,cellular,28,jul,412.0,2,-1,0,unknown,yes
30.0,admin.,married,secondary,no,0.0,no,no,cellular,1,jun,318.0,1,-1,0,unknown,yes
29.0,self-employed,single,tertiary,no,121.0,yes,no,unknown,30,may,1500.0,2,-1,0,unknown,yes
44.0,services,single,secondary,no,618.0,no,no,cellular,12,may,193.0,1,-1,0,unknown,yes
,blue-collar,married,secondary,no,2495.0,yes,no,unknown,23,may,924.0,1,-1,0,unknown,yes
62.0,retired,married,secondary,no,569.0,no,no,cellular,4,feb,94.0,5,184,1,success,yes
58.0,management,married,tertiary,no,473.0,no,no,cellular,18,feb,1109.0,1,262,1,success,yes
60.0,management,married,tertiary,no,474.0,no,no,cellular,31,aug,415.0,5,186,3,other,yes
62.0,retired,divorced,tertiary,no,0.0,no,no,cellular,13,nov,227.0,2,-1,0,unknown,yes
53.0,admin.,married,secondary,no,1796.0,no,no,telephone,15,dec,476.0,1,193,1,failure,yes
32.0,management,single,tertiary,no,520.0,no,no,cellular,3,feb,443.0,2,-1,0,unknown,yes
39.0,blue-collar,married,primary,no,118.0,no,no,cellular,3,feb,906.0,1,-1,0,unknown,yes
58.0,management,married,tertiary,no,3342.0,no,no,cellular,5,feb,344.0,5,-1,0,unknown,yes
38.0,admin.,single,secondary,no,3239.0,no,no,unknown,5,jun,817.0,2,-1,0,unknown,yes
56.0,technician,married,secondary,no,23.0,no,no,cellular,20,nov,857.0,3,-1,0,unknown,yes
52.0,management,married,tertiary,no,40.0,no,no,cellular,19,nov,1265.0,3,-1,0,unknown,yes
45.0,management,married,tertiary,no,226.0,yes,no,cellular,13,aug,177.0,6,179,10,success,yes
28.0,management,single,tertiary,no,939.0,yes,no,unknown,27,may,740.0,1,-1,0,unknown,yes
29.0,blue-collar,single,secondary,no,-20.0,no,yes,cellular,21,jul,574.0,1,-1,0,unknown,yes
29.0,blue-collar,married,secondary,no,940.0,yes,yes,cellular,15,may,382.0,115,-1,0,unknown,yes
60.0,blue-collar,married,primary,no,5.0,no,no,cellular,29,jan,533.0,1,92,1,success,yes
31.0,management,married,secondary,no,0.0,no,no,cellular,11,aug,720.0,1,-1,0,unknown,yes
31.0,services,married,secondary,no,447.0,no,no,cellular,4,jun,327.0,3,77,3,success,yes
57.0,technician,divorced,tertiary,no,126.0,no,no,telephone,4,jun,166.0,2,-1,0,unknown,yes
25.0,technician,single,secondary,no,4718.0,no,no,cellular,24,jul,709.0,1,-1,0,unknown,yes
27.0,management,single,secondary,no,843.0,no,no,cellular,8,jan,187.0,1,-1,0,unknown,yes
24.0,blue-collar,married,primary,no,656.0,yes,no,unknown,16,may,894.0,1,-1,0,unknown,yes
39.0,services,single,secondary,no,91.0,no,no,cellular,3,sep,213.0,1,185,1,success,yes
27.0,services,married,secondary,no,0.0,yes,no,cellular,22,jul,1608.0,13,-1,0,unknown,yes
24.0,self-employed,single,tertiary,no,2984.0,yes,no,unknown,27,may,935.0,1,-1,0,unknown,yes
56.0,management,married,primary,no,870.0,no,no,cellular,16,nov,257.0,1,-1,0,unknown,yes
33.0,admin.,single,tertiary,no,7608.0,no,no,cellular,30,mar,238.0,4,-1,0,unknown,yes
38.0,technician,married,secondary,no,5115.0,yes,no,cellular,2,jun,,1,95,7,success,yes
34.0,admin.,married,secondary,no,247.0,no,no,cellular,8,oct,401.0,2,-1,0,unknown,yes
45.0,blue-collar,married,secondary,no,154.0,yes,no,unknown,7,may,1138.0,1,-1,0,unknown,yes
35.0,management,married,tertiary,no,1731.0,no,no,cellular,31,jul,361.0,4,-1,0,unknown,yes
52.0,management,married,tertiary,no,3634.0,no,no,cellular,8,feb,341.0,8,-1,0,unknown,yes
38.0,admin.,divorced,secondary,no,19.0,yes,no,cellular,5,feb,1130.0,3,251,2,success,yes
23.0,technician,single,tertiary,no,1129.0,yes,no,unknown,28,may,806.0,1,-1,0,unknown,yes
38.0,blue-collar,divorced,secondary,no,0.0,yes,no,cellular,21,oct,576.0,1,183,4,success,yes
36.0,technician,single,secondary,no,12264.0,no,no,cellular,12,apr,158.0,2,-1,0,unknown,yes
33.0,services,married,secondary,no,478.0,no,no,cellular,30,apr,475.0,2,-1,0,unknown,yes
43.0,management,single,tertiary,no,2081.0,no,no,cellular,22,oct,554.0,3,-1,0,unknown,yes
41.0,technician,married,secondary,no,965.0,no,no,cellular,22,aug,336.0,10,-1,0,unknown,yes
46.0,technician,married,secondary,no,332.0,yes,no,unknown,9,may,772.0,1,-1,0,unknown,yes
60.0,housemaid,married,primary,no,1163.0,no,no,cellular,30,apr,470.0,8,-1,0,,yes
40.0,unemployed,married,secondary,no,1960.0,yes,no,unknown,2,jun,605.0,6,-1,0,unknown,yes
33.0,admin.,divorced,secondary,no,294.0,yes,no,cellular,8,may,763.0,1,-1,0,unknown,yes
35.0,self-employed,married,secondary,no,188.0,yes,yes,unknown,5,jun,1865.0,2,-1,0,unknown,yes
36.0,management,married,tertiary,no,254.0,no,no,cellular,3,feb,303.0,2,-1,0,unknown,yes
28.0,student,single,secondary,no,1377.0,yes,no,cellular,14,may,688.0,2,-1,0,unknown,yes
60.0,retired,married,secondary,no,523.0,no,no,cellular,13,aug,,3,-1,0,unknown,yes
47.0,management,married,tertiary,no,600.0,no,no,cellular,19,aug,290.0,15,-1,0,unknown,yes
35.0,student,married,tertiary,no,387.0,yes,no,cellular,8,may,1024.0,3,347,3,failure,yes
53.0,admin.,married,secondary,no,849.0,yes,no,cellular,6,feb,3102.0,3,-1,0,unknown,yes
39.0,blue-collar,divorced,primary,no,1317.0,yes,no,cellular,20,nov,543.0,1,170,4,other,yes
46.0,services,married,secondary,no,273.0,no,no,cellular,22,aug,565.0,2,-1,0,unknown,yes
34.0,management,married,tertiary,no,0.0,yes,no,cellular,30,apr,300.0,1,86,1,success,yes
58.0,retired,divorced,primary,no,2538.0,yes,no,cellular,19,nov,680.0,2,111,6,failure,yes
34.0,technician,married,secondary,no,133.0,no,no,cellular,15,nov,401.0,2,187,5,success,yes
33.0,admin.,single,tertiary,no,146.0,no,no,cellular,22,oct,380.0,1,91,3,success,yes
42.0,technician,single,unknown,no,11115.0,no,no,cellular,30,apr,328.0,1,-1,0,unknown,yes
32.0,services,single,secondary,no,486.0,no,no,cellular,29,jan,1181.0,1,-1,0,unknown,yes
47.0,management,single,tertiary,no,159.0,no,no,telephone,29,oct,220.0,3,155,3,other,yes
35.0,blue-collar,married,unknown,no,1201.0,no,no,unknown,18,jun,537.0,1,-1,0,unknown,yes
77.0,retired,married,primary,no,2590.0,no,no,telephone,13,nov,212.0,3,277,12,failure,yes
62.0,retired,married,unknown,no,800.0,no,no,cellular,17,feb,737.0,1,-1,0,unknown,yes
62.0,self-employed,divorced,secondary,no,0.0,yes,no,cellular,20,aug,158.0,1,-1,0,unknown,yes
38.0,management,married,tertiary,no,385.0,yes,no,telephone,28,oct,154.0,1,-1,0,unknown,yes
37.0,management,married,tertiary,no,238.0,no,no,cellular,3,feb,185.0,1,92,1,success,yes
38.0,management,married,tertiary,no,238.0,no,no,cellular,4,aug,139.0,1,92,3,failure,yes
31.0,management,married,tertiary,no,1812.0,no,no,cellular,30,apr,461.0,1,-1,0,unknown,yes
38.0,management,married,tertiary,no,413.0,no,no,cellular,13,oct,252.0,2,183,3,success,yes
31.0,blue-collar,married,secondary,no,152.0,yes,yes,cellular,8,jul,831.0,1,-1,0,unknown,yes
34.0,blue-collar,married,primary,no,1031.0,yes,no,unknown,29,may,751.0,3,-1,0,unknown,yes
33.0,management,single,tertiary,no,3143.0,no,no,cellular,29,jun,421.0,2,-1,0,unknown,yes
38.0,management,married,tertiary,no,613.0,no,no,cellular,3,feb,239.0,1,-1,0,unknown,yes
28.0,services,single,secondary,no,168.0,no,no,cellular,12,jan,387.0,1,194,1,other,yes
67.0,retired,single,tertiary,no,2144.0,no,no,telephone,21,apr,847.0,2,-1,0,unknown,yes
31.0,management,married,tertiary,no,1331.0,no,no,cellular,30,apr,297.0,1,86,3,success,yes
49.0,technician,married,tertiary,no,2611.0,no,no,cellular,20,apr,194.0,2,-1,0,unknown,yes
53.0,technician,single,secondary,no,925.0,no,no,cellular,25,aug,930.0,3,-1,0,unknown,yes
31.0,technician,single,tertiary,no,985.0,yes,no,cellular,17,apr,997.0,1,57,2,failure,yes
60.0,technician,divorced,secondary,no,367.0,no,no,cellular,16,aug,318.0,2,-1,0,,yes
30.0,unemployed,single,tertiary,no,302.0,no,no,cellular,11,feb,528.0,3,-1,0,unknown,yes
38.0,admin.,married,secondary,no,47.0,yes,no,cellular,4,may,288.0,5,-1,0,unknown,yes
49.0,blue-collar,married,secondary,no,1946.0,no,no,cellular,16,jul,486.0,1,-1,0,unknown,yes
40.0,technician,married,secondary,no,2266.0,no,no,cellular,16,oct,447.0,1,147,5,failure,yes
34.0,technician,single,,no,992.0,yes,no,cellular,5,feb,71.0,2,-1,0,unknown,yes
35.0,management,single,tertiary,no,3544.0,yes,no,cellular,8,jun,380.0,1,-1,0,unknown,yes
33.0,blue-collar,single,secondary,no,76.0,yes,no,unknown,4,jun,1141.0,4,-1,0,unknown,yes
34.0,management,single,unknown,no,6013.0,yes,no,cellular,18,may,612.0,1,-1,0,unknown,yes
28.0,housemaid,single,tertiary,no,19.0,no,no,cellular,17,apr,149.0,1,-1,0,unknown,yes
27.0,blue-collar,single,primary,no,232.0,yes,no,cellular,26,oct,701.0,2,-1,0,unknown,yes
22.0,unemployed,single,tertiary,no,993.0,no,no,cellular,28,jul,115.0,3,93,1,other,yes
27.0,blue-collar,single,secondary,no,535.0,no,no,cellular,13,may,159.0,1,87,3,success,yes
34.0,technician,married,tertiary,no,127.0,no,no,cellular,3,jun,117.0,1,-1,0,unknown,yes
62.0,housemaid,married,tertiary,no,1528.0,no,no,cellular,15,oct,134.0,2,184,1,success,yes
36.0,blue-collar,married,secondary,no,324.0,yes,yes,cellular,16,jul,830.0,1,-1,0,unknown,yes
47.0,services,divorced,tertiary,no,1639.0,no,no,cellular,12,jan,349.0,1,-1,0,unknown,yes
32.0,admin.,married,secondary,no,0.0,yes,no,cellular,30,apr,177.0,2,-1,0,unknown,yes
33.0,admin.,married,secondary,no,-370.0,yes,no,cellular,7,may,261.0,1,345,1,failure,yes
27.0,technician,single,tertiary,no,11862.0,no,no,cellular,25,nov,285.0,2,97,7,success,yes
35.0,management,married,tertiary,no,323.0,no,no,cellular,11,jan,261.0,2,-1,0,unknown,yes
47.0,housemaid,married,secondary,no,3940.0,yes,no,cellular,5,aug,226.0,3,97,2,failure,yes
57.0,management,divorced,tertiary,no,8897.0,yes,no,cellular,12,aug,865.0,2,-1,0,unknown,yes
26.0,technician,single,secondary,no,2002.0,no,no,cellular,29,jan,146.0,1,-1,0,unknown,yes
46.0,blue-collar,married,secondary,no,668.0,yes,no,unknown,15,may,1263.0,2,-1,0,unknown,yes
58.0,services,married,primary,no,2946.0,yes,no,cellular,14,may,467.0,1,-1,0,unknown,yes
43.0,services,married,tertiary,no,4216.0,no,no,cellular,24,dec,150.0,2,195,2,success,yes
49.0,services,married,primary,no,0.0,yes,no,cellular,6,may,445.0,2,166,3,failure,yes
34.0,technician,married,tertiary,no,23076.0,no,no,cellular,26,may,243.0,2,35,6,other,yes
28.0,unemployed,married,primary,no,7459.0,yes,no,cellular,2,feb,981.0,5,269,2,failure,yes
33.0,blue-collar,married,primary,no,5.0,yes,no,cellular,17,apr,1007.0,2,-1,0,unknown,yes
25.0,student,single,secondary,no,4147.0,no,no,cellular,14,aug,211.0,3,-1,0,unknown,yes
26.0,services,single,tertiary,no,0.0,no,yes,telephone,1,jul,261.0,4,-1,0,unknown,yes
32.0,admin.,single,secondary,no,131.0,yes,no,cellular,22,jun,522.0,1,183,2,success,yes
29.0,management,married,secondary,no,231.0,no,no,cellular,14,may,1075.0,1,14,1,failure,yes
30.0,management,single,tertiary,no,720.0,no,no,cellular,15,jan,1265.0,4,210,4,other,yes
23.0,technician,single,secondary,no,598.0,no,no,cellular,11,nov,406.0,1,195,1,failure,yes
41.0,technician,married,secondary,no,1819.0,no,no,cellular,22,sep,397.0,1,371,3,failure,yes
66.0,management,married,secondary,no,587.0,no,no,cellular,12,may,457.0,2,392,2,success,yes
62.0,retired,married,secondary,no,1495.0,no,no,cellular,13,oct,896.0,1,57,2,success,yes
28.0,self-employed,single,tertiary,no,442.0,no,no,cellular,19,jun,474.0,3,95,3,other,yes
33.0,management,married,tertiary,no,271.0,yes,no,cellular,13,nov,182.0,2,91,2,success,yes
77.0,retired,married,primary,no,29340.0,no,no,cellular,15,mar,257.0,1,91,2,other,yes
54.0,management,married,tertiary,no,1014.0,no,yes,cellular,30,apr,240.0,1,162,2,failure,yes
50.0,management,married,tertiary,no,2366.0,no,no,cellular,28,jan,,2,149,1,other,yes
31.0,housemaid,single,primary,no,26965.0,no,no,cellular,21,apr,654.0,2,-1,0,unknown,yes
45.0,management,single,tertiary,no,1411.0,no,no,cellular,7,sep,800.0,2,102,3,failure,yes
30.0,management,single,tertiary,no,617.0,no,no,cellular,27,feb,192.0,2,-1,0,unknown,yes
40.0,technician,divorced,tertiary,no,4736.0,yes,no,cellular,11,feb,285.0,2,-1,0,unknown,yes
67.0,retired,married,unknown,no,2540.0,no,no,telephone,14,sep,279.0,3,92,9,success,yes
39.0,services,single,secondary,no,403.0,yes,no,cellular,7,may,1262.0,3,-1,0,unknown,yes
20.0,blue-collar,single,secondary,no,423.0,yes,no,cellular,16,apr,498.0,1,-1,0,unknown,yes
31.0,management,married,tertiary,no,131.0,no,no,cellular,18,feb,332.0,2,-1,0,unknown,yes
31.0,admin.,single,tertiary,no,4041.0,no,no,cellular,30,apr,1034.0,2,-1,0,unknown,yes
33.0,management,married,tertiary,no,273.0,yes,no,unknown,16,may,803.0,1,-1,0,unknown,yes
45.0,blue-collar,married,primary,no,101.0,yes,no,unknown,12,may,460.0,5,-1,0,unknown,yes
45.0,admin.,married,secondary,no,0.0,no,yes,telephone,15,jul,533.0,3,-1,0,unknown,yes
31.0,technician,single,secondary,no,2544.0,no,no,cellular,15,jul,252.0,1,184,3,success,yes
33.0,technician,married,tertiary,no,1699.0,no,no,cellular,6,nov,178.0,2,94,1,success,yes
41.0,blue-collar,married,secondary,no,2689.0,yes,no,cellular,15,apr,135.0,1,-1,0,unknown,yes
31.0,management,married,tertiary,no,3160.0,yes,no,cellular,26,apr,688.0,2,-1,0,unknown,yes
,housemaid,married,secondary,no,388.0,no,no,cellular,11,mar,203.0,2,-1,0,unknown,yes
56.0,retired,married,secondary,no,393.0,no,yes,cellular,26,jul,183.0,1,221,2,failure,yes
28.0,student,single,secondary,no,69.0,no,no,cellular,30,jan,532.0,2,-1,0,unknown,yes
35.0,technician,single,tertiary,no,2658.0,yes,no,cellular,19,aug,768.0,2,141,3,failure,yes
30.0,services,single,secondary,yes,-366.0,yes,no,cellular,18,jul,516.0,1,-1,0,unknown,yes
64.0,retired,married,secondary,no,466.0,yes,no,cellular,18,oct,526.0,1,-1,0,unknown,yes
32.0,student,single,tertiary,no,64.0,no,no,cellular,30,jun,598.0,4,105,5,failure,yes
29.0,blue-collar,married,secondary,no,580.0,yes,yes,cellular,17,apr,1311.0,2,-1,0,unknown,yes
29.0,management,single,secondary,no,3317.0,no,yes,telephone,4,may,640.0,7,-1,0,unknown,yes
51.0,blue-collar,married,secondary,no,955.0,no,yes,cellular,17,dec,221.0,3,-1,0,unknown,yes
40.0,housemaid,single,tertiary,no,7441.0,no,no,cellular,31,jul,1461.0,6,-1,0,unknown,yes
45.0,technician,married,tertiary,no,377.0,yes,no,,19,jun,835.0,3,-1,0,unknown,yes
36.0,admin.,single,tertiary,no,994.0,no,no,cellular,6,may,211.0,1,90,6,success,yes
31.0,blue-collar,married,secondary,no,1766.0,no,yes,cellular,5,jun,166.0,2,-1,0,unknown,yes
43.0,services,married,secondary,no,-236.0,yes,no,cellular,28,jul,745.0,7,-1,0,unknown,yes
42.0,services,married,secondary,no,774.0,no,no,cellular,28,jan,997.0,1,-1,0,unknown,yes
46.0,admin.,married,secondary,no,659.0,yes,no,telephone,29,jul,1127.0,11,-1,0,unknown,yes
34.0,technician,married,tertiary,no,149.0,no,no,cellular,22,aug,739.0,2,-1,0,unknown,yes
52.0,blue-collar,married,secondary,no,1405.0,no,yes,cellular,17,jul,753.0,2,-1,0,unknown,yes
47.0,admin.,married,secondary,no,290.0,yes,no,cellular,22,jul,1352.0,2,-1,0,unknown,yes
40.0,student,single,secondary,no,595.0,yes,no,cellular,3,jun,406.0,2,-1,0,unknown,yes
26.0,student,single,secondary,no,4613.0,no,no,cellular,28,may,663.0,3,196,2,other,yes
45.0,technician,married,secondary,no,0.0,yes,no,cellular,7,dec,344.0,1,-1,0,unknown,yes
55.0,retired,divorced,secondary,no,2204.0,no,no,cellular,22,feb,261.0,1,264,1,failure,yes
42.0,unemployed,married,tertiary,no,576.0,no,no,cellular,3,jun,447.0,2,96,1,success,yes
40.0,management,single,tertiary,no,3840.0,yes,no,cellular,24,sep,232.0,2,409,2,success,yes
43.0,technician,married,secondary,no,1358.0,no,no,cellular,10,mar,159.0,3,-1,0,unknown,yes
26.0,student,single,tertiary,no,5169.0,yes,no,cellular,25,may,397.0,1,35,2,failure,yes
31.0,blue-collar,married,secondary,no,0.0,yes,no,unknown,10,aug,97.0,1,782,1,other,yes
31.0,management,single,tertiary,no,533.0,no,no,cellular,11,feb,144.0,1,91,9,success,yes
29.0,services,single,tertiary,no,1788.0,no,no,cellular,27,oct,353.0,1,-1,0,unknown,yes
44.0,self-employed,divorced,tertiary,no,1070.0,yes,no,cellular,12,aug,137.0,2,104,3,success,yes
35.0,management,single,tertiary,no,80.0,no,no,cellular,4,sep,434.0,2,94,1,other,yes
36.0,technician,single,secondary,no,3254.0,yes,no,unknown,27,oct,207.0,1,-1,0,unknown,yes
30.0,admin.,single,secondary,no,1309.0,no,no,cellular,28,jan,622.0,1,-1,0,unknown,yes
48.0,management,married,tertiary,no,0.0,no,yes,cellular,19,feb,204.0,4,182,1,success,yes
33.0,management,single,unknown,no,1534.0,yes,no,cellular,11,jul,1041.0,2,-1,0,unknown,yes
36.0,management,married,tertiary,no,535.0,no,no,cellular,20,apr,150.0,2,-1,0,unknown,yes
46.0,admin.,married,secondary,no,368.0,no,no,cellular,20,aug,293.0,1,90,4,other,yes
35.0,unemployed,single,tertiary,no,415.0,no,no,cellular,4,may,164.0,2,89,2,success,yes
46.0,technician,married,secondary,no,3434.0,no,yes,cellular,8,jun,148.0,2,101,1,success,yes
32.0,admin.,married,secondary,no,35.0,no,no,cellular,17,dec,324.0,3,126,3,success,yes
46.0,services,married,secondary,no,2948.0,no,no,,21,nov,893.0,1,-1,0,unknown,yes
54.0,housemaid,married,tertiary,no,2473.0,no,no,cellular,5,mar,607.0,2,-1,0,unknown,yes
36.0,management,married,tertiary,no,1133.0,yes,no,cellular,4,aug,293.0,1,181,2,other,yes
29.0,admin.,single,secondary,no,306.0,yes,no,cellular,18,may,774.0,4,-1,0,unknown,yes
58.0,management,married,secondary,no,-382.0,no,no,cellular,31,jul,644.0,12,-1,0,unknown,yes
35.0,admin.,divorced,secondary,no,1224.0,yes,no,cellular,3,nov,187.0,1,-1,0,unknown,yes
30.0,management,single,tertiary,no,5359.0,no,no,cellular,27,may,119.0,1,98,1,success,yes
31.0,technician,married,tertiary,no,2166.0,no,no,cellular,13,jul,577.0,6,182,2,success,yes
35.0,management,married,tertiary,no,925.0,no,no,cellular,8,jun,200.0,4,-1,0,unknown,yes
36.0,management,married,tertiary,no,495.0,no,no,cellular,5,aug,157.0,3,97,2,success,yes
34.0,admin.,married,secondary,no,2374.0,yes,no,cellular,9,nov,161.0,1,209,2,failure,yes
28.0,student,single,secondary,no,1925.0,no,no,cellular,25,may,252.0,1,88,4,failure,yes
23.0,services,single,secondary,no,279.0,yes,no,cellular,18,may,843.0,1,370,1,failure,yes
46.0,blue-collar,married,unknown,no,842.0,yes,no,telephone,8,may,833.0,1,-1,0,unknown,yes
unknown,unemployed,single,tertiary,no,6748.0,no,no,cellular,14,aug,1579.0,2,-1,0,unknown,yes
25.0,management,married,tertiary,no,,yes,yes,cellular,18,may,600.0,4,332,4,other,yes
43.0,blue-collar,married,primary,no,3917.0,no,no,cellular,2,mar,154.0,1,-1,0,unknown,yes
38.0,technician,single,secondary,no,1711.0,no,no,telephone,30,sep,234.0,1,-1,0,unknown,yes
62.0,retired,married,secondary,no,298.0,no,no,cellular,17,nov,,2,-1,0,unknown,yes
33.0,unknown,married,secondary,no,335.0,no,no,cellular,4,feb,891.0,2,177,7,failure,yes
53.0,management,married,unknown,no,2240.0,yes,no,cellular,2,jun,282.0,2,385,1,success,yes
38.0,technician,married,secondary,no,1478.0,no,no,cellular,12,aug,926.0,4,-1,0,unknown,yes
32.0,entrepreneur,married,secondary,no,390.0,no,no,cellular,6,sep,440.0,1,280,1,failure,yes
24.0,student,single,secondary,no,1234.0,no,no,cellular,21,jul,314.0,1,156,2,success,yes
26.0,management,single,tertiary,no,3704.0,no,no,cellular,19,aug,238.0,4,-1,0,unknown,yes
55.0,blue-collar,married,unknown,no,890.0,no,no,cellular,22,aug,1329.0,2,-1,0,unknown,yes
47.0,management,married,tertiary,no,3663.0,no,no,cellular,30,mar,364.0,3,-1,0,unknown,yes
58.0,blue-collar,single,secondary,no,119.0,yes,yes,cellular,12,may,985.0,1,-1,0,,yes
30.0,blue-collar,married,secondary,no,167.0,yes,no,cellular,10,jul,255.0,1,-1,0,unknown,yes
39.0,technician,single,secondary,no,1022.0,yes,no,unknown,20,may,1410.0,2,-1,0,unknown,yes
30.0,admin.,single,tertiary,no,305.0,no,no,cellular,4,feb,227.0,2,-1,0,unknown,yes
34.0,blue-collar,divorced,unknown,no,172.0,no,no,cellular,15,jun,177.0,1,-1,0,unknown,yes
34.0,management,married,tertiary,no,3047.0,no,no,cellular,30,apr,317.0,1,160,5,other,yes
56.0,management,married,tertiary,no,616.0,no,no,cellular,30,apr,225.0,1,83,1,success,yes
27.0,services,single,secondary,no,453.0,no,no,cellular,19,apr,142.0,2,-1,0,unknown,yes
46.0,self-employed,single,secondary,no,526.0,no,no,cellular,30,apr,523.0,1,87,2,other,yes
32.0,management,married,tertiary,no,169.0,no,no,telephone,14,aug,698.0,2,-1,0,unknown,yes
27.0,services,single,secondary,no,1347.0,no,no,telephone,28,dec,824.0,1,193,11,success,yes
36.0,blue-collar,married,primary,no,378.0,yes,no,cellular,5,may,1240.0,1,-1,0,unknown,yes
46.0,admin.,single,tertiary,no,2889.0,yes,no,cellular,5,may,494.0,1,-1,0,unknown,yes
46.0,technician,married,secondary,no,57.0,no,no,unknown,28,may,796.0,1,-1,0,unknown,yes
49.0,management,married,tertiary,no,0.0,no,no,telephone,17,oct,223.0,1,-1,0,unknown,yes
39.0,technician,married,tertiary,no,1293.0,no,no,cellular,3,jun,140.0,2,-1,0,unknown,yes
33.0,technician,single,secondary,no,2085.0,no,no,cellular,9,feb,501.0,2,-1,0,unknown,yes
48.0,entrepreneur,single,secondary,no,315.0,no,no,unknown,11,feb,271.0,1,-1,0,unknown,yes
38.0,blue-collar,married,secondary,no,1627.0,no,no,unknown,16,jun,1323.0,9,-1,0,unknown,yes
60.0,retired,married,secondary,no,1853.0,no,no,cellular,10,feb,234.0,1,183,1,success,yes
33.0,technician,single,secondary,no,1429.0,yes,no,cellular,31,aug,268.0,8,-1,0,unknown,yes
64.0,management,married,tertiary,no,3951.0,no,no,cellular,28,jan,134.0,1,91,1,success,yes
22.0,self-employed,single,tertiary,no,not_available,no,no,cellular,17,mar,272.0,3,-1,0,unknown,yes
34.0,technician,divorced,tertiary,no,674.0,yes,no,cellular,7,aug,587.0,2,-1,0,unknown,yes
36.0,blue-collar,married,secondary,no,218.0,yes,no,cellular,4,may,619.0,6,-1,0,unknown,yes
72.0,retired,married,primary,no,763.0,no,no,cellular,24,apr,384.0,2,-1,0,unknown,yes
37.0,services,married,secondary,no,4151.0,yes,yes,cellular,30,jul,543.0,4,-1,0,unknown,yes
78.0,retired,divorced,primary,no,2787.0,no,no,telephone,1,jul,372.0,1,-1,0,unknown,yes
31.0,technician,married,tertiary,no,26.0,no,yes,cellular,18,nov,419.0,1,127,6,other,yes
20.0,student,single,secondary,no,153.0,no,no,unknown,21,jun,100.0,1,-1,0,unknown,yes
60.0,self-employed,married,primary,no,362.0,no,yes,cellular,29,jul,816.0,6,-1,0,unknown,yes
36.0,self-employed,married,secondary,no,1184.0,yes,no,cellular,6,apr,1063.0,1,-1,0,unknown,yes
51.0,technician,married,secondary,no,6840.0,no,no,telephone,7,jul,257.0,1,-1,0,unknown,yes
26.0,blue-collar,single,secondary,no,3145.0,no,no,cellular,28,dec,1141.0,1,209,1,other,yes
48.0,admin.,married,secondary,no,660.0,no,no,,18,feb,318.0,1,561,2,success,yes
49.0,management,married,tertiary,no,1311.0,yes,no,cellular,8,may,813.0,1,-1,0,unknown,yes
20.0,student,single,secondary,no,215.0,no,no,cellular,24,nov,325.0,1,95,5,success,yes
77.0,retired,married,primary,no,3324.0,no,no,cellular,13,may,289.0,1,91,5,success,yes
42.0,management,single,tertiary,yes,0.0,yes,no,cellular,21,nov,824.0,1,-1,0,unknown,yes
31.0,admin.,single,secondary,no,747.0,yes,no,unknown,26,may,543.0,2,-1,0,unknown,yes
,blue-collar,married,secondary,no,448.0,yes,yes,cellular,17,may,556.0,1,181,2,other,yes
32.0,technician,single,tertiary,no,1246.0,yes,no,cellular,30,apr,509.0,1,85,2,success,yes
33.0,management,married,tertiary,no,271.0,yes,no,,14,aug,801.0,2,-1,0,unknown,yes
33.0,management,single,tertiary,no,1271.0,yes,no,cellular,15,apr,636.0,3,330,1,failure,yes
54.0,housemaid,married,secondary,no,962.0,yes,no,cellular,29,oct,288.0,3,-1,0,unknown,yes
28.0,student,single,tertiary,no,3054.0,no,no,cellular,30,apr,384.0,1,80,6,other,yes
41.0,unemployed,married,tertiary,no,0.0,no,no,cellular,30,oct,373.0,3,-1,0,unknown,yes
51.0,management,married,tertiary,no,346.0,no,no,cellular,12,nov,134.0,2,192,3,failure,yes
43.0,blue-collar,divorced,primary,no,3550.0,no,no,cellular,20,nov,1154.0,1,-1,0,unknown,yes
36.0,management,single,tertiary,no,1379.0,no,no,cellular,25,may,189.0,1,186,1,failure,yes
49.0,management,married,tertiary,no,1093.0,yes,yes,cellular,12,jan,243.0,2,91,2,success,yes
47.0,admin.,divorced,secondary,no,295.0,yes,no,unknown,6,jun,94.0,2,-1,0,unknown,yes
30.0,services,married,secondary,no,129.0,yes,no,unknown,26,may,1446.0,7,-1,0,unknown,yes
31.0,technician,married,tertiary,no,636.0,yes,no,cellular,4,may,352.0,4,-1,0,unknown,yes
39.0,technician,married,secondary,no,4101.0,yes,no,cellular,18,feb,146.0,2,264,1,other,yes
40.0,management,married,tertiary,no,3352.0,yes,no,telephone,23,oct,138.0,1,-1,0,unknown,yes
48.0,management,single,tertiary,no,334.0,yes,no,cellular,28,sep,600.0,2,92,12,success,yes
30.0,services,divorced,secondary,no,341.0,yes,no,cellular,20,nov,478.0,1,-1,0,unknown,yes
41.0,entrepreneur,married,secondary,no,8491.0,yes,no,cellular,18,nov,929.0,1,-1,0,unknown,yes
33.0,services,married,secondary,no,227.0,yes,yes,cellular,13,aug,477.0,2,-1,0,unknown,yes
25.0,student,single,secondary,no,125.0,no,no,cellular,9,feb,215.0,1,92,2,success,yes
49.0,admin.,married,secondary,no,3608.0,yes,no,unknown,13,nov,231.0,1,-1,0,unknown,yes
32.0,management,single,tertiary,no,2536.0,yes,no,cellular,26,aug,958.0,6,-1,0,unknown,yes
64.0,management,married,tertiary,no,4688.0,no,no,cellular,21,oct,200.0,1,-1,0,unknown,yes
28.0,student,single,,no,0.0,no,no,cellular,18,feb,209.0,20,-1,0,unknown,yes
37.0,management,married,tertiary,no,1113.0,no,no,cellular,2,mar,229.0,1,182,1,success,yes
25.0,blue-collar,single,secondary,no,1857.0,yes,no,cellular,13,apr,295.0,4,187,6,success,yes
53.0,admin.,single,secondary,no,2892.0,no,no,,9,apr,527.0,3,-1,0,unknown,yes
62.0,self-employed,divorced,tertiary,no,6.0,yes,no,cellular,13,apr,103.0,1,182,3,success,yes
34.0,services,married,secondary,no,1076.0,no,no,cellular,12,may,152.0,1,182,6,success,yes
26.0,admin.,single,secondary,yes,-930.0,yes,no,cellular,14,may,786.0,1,-1,0,unknown,yes
39.0,blue-collar,married,secondary,no,1382.0,yes,no,cellular,11,feb,397.0,2,-1,0,unknown,yes
45.0,management,single,tertiary,no,2048.0,yes,no,cellular,18,oct,310.0,1,804,1,failure,yes
19.0,student,single,primary,no,608.0,no,no,cellular,12,may,236.0,1,180,2,success,yes
33.0,blue-collar,divorced,unknown,yes,-274.0,yes,yes,cellular,17,apr,715.0,2,329,2,failure,yes
43.0,admin.,married,secondary,no,132.0,no,no,cellular,27,may,187.0,2,71,1,success,yes
35.0,technician,single,secondary,no,344.0,no,no,cellular,27,aug,519.0,16,-1,0,unknown,yes
52.0,blue-collar,married,secondary,no,2230.0,no,no,cellular,29,oct,423.0,3,-1,0,unknown,yes
28.0,self-employed,single,secondary,no,5679.0,yes,no,cellular,9,feb,701.0,4,-1,0,unknown,yes
35.0,blue-collar,single,secondary,no,885.0,yes,no,cellular,15,jul,632.0,6,-1,0,unknown,yes
50.0,,married,primary,no,3764.0,no,no,telephone,9,sep,214.0,2,99,4,failure,yes
37.0,services,married,secondary,no,4017.0,no,no,cellular,30,apr,665.0,2,196,1,success,yes
36.0,technician,married,secondary,no,368.0,yes,yes,unknown,6,may,1597.0,2,-1,0,unknown,yes
61.0,retired,married,secondary,no,569.0,no,no,cellular,4,aug,219.0,1,-1,0,unknown,yes
24.0,blue-collar,married,secondary,no,272.0,no,no,cellular,16,nov,105.0,2,94,2,success,yes
35.0,services,single,primary,no,167.0,no,yes,cellular,11,jul,614.0,2,-1,0,unknown,yes
32.0,management,married,tertiary,no,1388.0,yes,no,cellular,30,apr,753.0,1,-1,0,unknown,yes
45.0,blue-collar,married,secondary,no,7895.0,yes,no,cellular,4,feb,872.0,1,-1,0,unknown,yes
43.0,blue-collar,married,secondary,no,2160.0,no,no,cellular,8,sep,261.0,1,98,1,success,yes
39.0,technician,married,secondary,no,1587.0,yes,no,cellular,2,jun,171.0,3,-1,0,unknown,yes
35.0,management,divorced,tertiary,no,1723.0,yes,no,cellular,25,jul,862.0,1,-1,0,unknown,yes
23.0,student,single,tertiary,no,691.0,no,no,cellular,27,may,,1,178,6,success,yes
34.0,blue-collar,married,secondary,no,243.0,yes,no,cellular,18,may,507.0,1,-1,0,unknown,yes
47.0,admin.,single,secondary,no,3696.0,no,no,cellular,12,jan,758.0,4,-1,0,unknown,yes
21.0,student,single,secondary,no,71.0,no,no,cellular,13,jan,169.0,2,-1,0,unknown,yes
37.0,unknown,single,tertiary,no,0.0,no,no,cellular,8,jun,257.0,2,97,1,success,yes
53.0,admin.,married,secondary,no,3765.0,no,no,unknown,20,jun,1094.0,3,-1,0,unknown,yes
46.0,blue-collar,married,primary,no,977.0,no,yes,telephone,2,feb,436.0,3,-1,0,unknown,yes
26.0,technician,single,tertiary,no,15161.0,no,no,cellular,2,feb,280.0,1,-1,0,unknown,yes
51.0,admin.,married,tertiary,no,0.0,yes,yes,cellular,8,mar,124.0,2,-1,0,unknown,yes
58.0,entrepreneur,married,tertiary,no,776.0,yes,no,telephone,9,jul,990.0,1,-1,0,unknown,yes
51.0,admin.,single,secondary,no,1994.0,no,no,unknown,18,jun,771.0,2,-1,0,unknown,yes
33.0,admin.,married,secondary,no,616.0,no,no,cellular,6,sep,250.0,3,-1,0,unknown,yes
46.0,housemaid,married,primary,no,3512.0,no,no,cellular,30,oct,175.0,1,197,1,failure,yes
34.0,technician,single,tertiary,no,6529.0,no,no,cellular,14,aug,505.0,2,-1,0,unknown,yes
40.0,blue-collar,married,primary,no,0.0,yes,no,cellular,21,jul,1080.0,4,-1,0,unknown,yes
40.0,admin.,divorced,secondary,no,2129.0,no,no,cellular,30,apr,452.0,1,-1,0,unknown,yes
46.0,technician,single,secondary,no,874.0,no,no,cellular,19,nov,819.0,3,-1,0,unknown,yes
59.0,entrepreneur,married,secondary,no,496.0,no,no,cellular,22,oct,738.0,119,183,1,success,yes
34.0,technician,married,tertiary,no,1539.0,yes,no,cellular,15,jun,441.0,1,56,1,other,yes
49.0,management,divorced,tertiary,no,348.0,no,no,cellular,30,oct,125.0,1,-1,0,unknown,yes
28.0,management,single,tertiary,no,1287.0,yes,no,cellular,26,feb,65.0,1,-1,0,unknown,yes
56.0,management,married,tertiary,no,12356.0,yes,no,cellular,26,may,410.0,1,551,5,other,yes
28.0,technician,single,secondary,no,5763.0,no,yes,cellular,5,mar,,2,-1,0,unknown,yes
33.0,blue-collar,married,secondary,no,-267.0,yes,no,cellular,20,apr,1030.0,3,-1,0,unknown,yes
37.0,unemployed,single,secondary,no,443.0,no,no,cellular,29,jan,1600.0,1,-1,0,unknown,yes
38.0,services,married,secondary,no,934.0,yes,no,cellular,14,may,715.0,1,-1,0,unknown,yes
25.0,,single,secondary,no,4859.0,no,no,cellular,12,jan,227.0,1,-1,0,unknown,yes
74.0,retired,married,tertiary,no,1843.0,no,no,cellular,15,sep,251.0,2,184,3,success,yes
42.0,unemployed,married,secondary,no,1289.0,no,no,cellular,15,jul,250.0,4,415,2,failure,yes
29.0,housemaid,single,tertiary,no,19.0,no,no,cellular,3,dec,274.0,1,230,1,success,yes
60.0,retired,married,secondary,no,8332.0,no,no,cellular,16,mar,279.0,1,194,7,other,yes
41.0,blue-collar,married,secondary,no,5517.0,yes,no,cellular,10,jul,584.0,1,-1,0,unknown,yes
51.0,admin.,married,secondary,no,949.0,no,no,cellular,5,aug,1092.0,1,-1,0,unknown,yes
49.0,blue-collar,married,,no,-157.0,yes,no,cellular,7,jul,491.0,3,-1,0,unknown,yes
41.0,management,married,tertiary,no,254.0,no,no,cellular,9,jun,183.0,2,294,2,failure,yes
31.0,blue-collar,married,secondary,no,136.0,no,no,cellular,12,may,228.0,2,267,1,failure,yes
25.0,admin.,single,secondary,no,285.0,no,no,,3,jul,658.0,3,-1,0,unknown,yes
32.0,management,divorced,tertiary,no,874.0,no,no,cellular,12,aug,1282.0,6,-1,0,unknown,yes
73.0,retired,married,tertiary,no,1641.0,yes,no,cellular,27,feb,49.0,2,-1,0,unknown,yes
31.0,management,single,secondary,no,1088.0,yes,no,cellular,8,apr,575.0,2,-1,0,unknown,yes
32.0,student,single,tertiary,no,1138.0,no,no,telephone,10,feb,402.0,3,-1,0,unknown,yes
27.0,student,single,tertiary,no,13107.0,yes,no,cellular,6,apr,661.0,1,314,2,failure,yes
60.0,retired,married,tertiary,no,2557.0,yes,no,cellular,2,feb,415.0,1,-1,0,unknown,yes
34.0,admin.,married,tertiary,no,142.0,yes,no,cellular,13,may,459.0,1,-1,0,unknown,yes
43.0,admin.,single,secondary,no,733.0,yes,no,cellular,19,nov,1102.0,3,-1,0,unknown,yes
31.0,entrepreneur,single,tertiary,yes,-405.0,yes,yes,cellular,13,aug,703.0,2,-1,0,unknown,yes
42.0,management,single,tertiary,no,11008.0,no,no,cellular,28,jul,822.0,6,405,1,success,yes
27.0,services,single,secondary,no,246.0,no,no,cellular,17,jun,453.0,2,-1,0,unknown,yes
57.0,retired,married,tertiary,no,,yes,yes,unknown,28,may,648.0,1,-1,0,unknown,yes
30.0,management,single,tertiary,no,536.0,no,no,cellular,14,jan,362.0,2,91,2,success,yes
45.0,admin.,divorced,tertiary,no,1506.0,no,no,cellular,28,jul,365.0,4,-1,0,unknown,yes
49.0,admin.,single,secondary,no,716.0,yes,no,unknown,15,may,1257.0,3,-1,0,unknown,yes
31.0,management,single,tertiary,no,354.0,no,no,cellular,21,apr,242.0,2,-1,0,unknown,yes
41.0,management,divorced,tertiary,no,1757.0,no,no,cellular,22,apr,314.0,1,239,13,failure,yes
57.0,technician,married,secondary,no,7554.0,no,no,,28,oct,141.0,1,-1,0,unknown,yes
57.0,management,divorced,unknown,no,854.0,no,no,cellular,6,oct,480.0,1,40,5,success,yes
58.0,retired,married,secondary,no,1230.0,no,no,cellular,20,may,420.0,1,87,1,failure,yes
54.0,management,married,tertiary,no,1303.0,no,no,cellular,3,feb,1635.0,1,-1,0,unknown,yes
36.0,management,married,tertiary,no,93.0,no,no,cellular,12,jul,262.0,2,182,7,failure,yes
53.0,services,divorced,primary,no,-291.0,yes,yes,unknown,7,may,591.0,1,-1,0,unknown,yes
34.0,admin.,married,tertiary,no,69.0,no,yes,cellular,3,aug,263.0,3,251,3,success,yes
27.0,unemployed,single,secondary,no,771.0,no,no,cellular,21,oct,181.0,1,302,3,,yes
41.0,services,single,secondary,no,-675.0,yes,yes,cellular,18,mar,147.0,4,-1,0,unknown,yes
62.0,technician,married,secondary,no,973.0,no,no,cellular,2,feb,326.0,1,-1,0,unknown,yes
27.0,blue-collar,single,primary,no,377.0,no,no,cellular,19,feb,645.0,2,-1,0,unknown,yes
37.0,technician,married,secondary,no,480.0,no,no,cellular,22,oct,344.0,2,182,8,other,yes
22.0,student,single,secondary,no,552.0,no,no,cellular,1,sep,327.0,1,-1,0,unknown,yes
27.0,student,single,tertiary,no,3733.0,yes,no,telephone,13,feb,299.0,6,-1,0,unknown,yes
30.0,services,single,secondary,no,-158.0,yes,no,cellular,12,may,426.0,1,370,2,failure,yes
28.0,admin.,single,secondary,no,136.0,no,no,cellular,16,jun,355.0,1,-1,0,unknown,yes
27.0,admin.,single,secondary,no,4590.0,yes,no,cellular,10,nov,131.0,4,89,3,failure,yes
42.0,management,divorced,secondary,no,283.0,yes,no,cellular,23,jul,761.0,1,-1,0,unknown,yes
36.0,management,married,tertiary,no,0.0,yes,no,telephone,23,oct,,1,143,3,failure,yes
27.0,blue-collar,married,secondary,no,419.0,yes,no,unknown,4,jun,1181.0,2,-1,0,unknown,yes
58.0,services,divorced,secondary,no,462.0,no,no,cellular,12,aug,332.0,1,-1,0,unknown,yes
55.0,technician,divorced,secondary,yes,4.0,no,no,cellular,28,jan,1048.0,1,-1,0,unknown,yes
52.0,admin.,divorced,secondary,no,363.0,yes,no,cellular,21,aug,168.0,1,462,1,success,yes
42.0,management,single,tertiary,no,7560.0,no,no,cellular,28,jan,132.0,1,-1,0,unknown,yes
46.0,management,divorced,tertiary,no,1297.0,no,no,cellular,11,aug,716.0,3,-1,0,unknown,yes
32.0,technician,single,secondary,no,40.0,no,no,cellular,8,aug,419.0,2,-1,0,unknown,yes
52.0,technician,single,secondary,no,436.0,no,yes,unknown,22,mar,95.0,1,-1,0,unknown,yes
57.0,admin.,married,secondary,no,403.0,yes,no,cellular,18,may,603.0,1,340,2,other,yes
40.0,technician,single,secondary,no,5637.0,yes,no,unknown,30,may,553.0,3,-1,0,unknown,yes
30.0,self-employed,single,tertiary,no,916.0,no,no,cellular,29,dec,449.0,2,-1,0,unknown,yes
30.0,management,married,tertiary,no,1942.0,yes,yes,cellular,21,nov,436.0,2,178,3,other,yes
39.0,technician,divorced,secondary,no,385.0,no,no,cellular,13,oct,242.0,1,48,2,failure,yes
28.0,technician,single,secondary,yes,-1042.0,yes,no,unknown,6,jun,712.0,2,-1,0,unknown,yes
34.0,management,married,tertiary,no,3696.0,no,no,cellular,8,apr,758.0,2,160,5,other,yes
30.0,management,single,tertiary,no,3384.0,no,no,cellular,4,jun,578.0,2,-1,0,unknown,yes
24.0,technician,married,secondary,no,556.0,yes,no,cellular,8,feb,278.0,1,94,4,success,yes
59.0,management,married,tertiary,no,315.0,no,no,cellular,2,mar,591.0,1,176,2,failure,yes
38.0,unemployed,married,tertiary,no,2812.0,yes,no,cellular,30,apr,830.0,1,-1,0,unknown,yes
47.0,unemployed,married,primary,no,324.0,no,no,cellular,21,nov,462.0,2,-1,0,unknown,yes
52.0,blue-collar,married,secondary,no,-519.0,yes,no,unknown,9,jun,442.0,8,-1,0,unknown,yes
35.0,student,single,secondary,no,188.0,yes,no,cellular,16,feb,75.0,3,200,5,,yes
61.0,management,married,tertiary,no,267.0,no,no,cellular,20,apr,190.0,1,-1,0,unknown,yes
46.0,self-employed,divorced,tertiary,no,21.0,no,no,cellular,30,jul,566.0,2,-1,0,unknown,yes
55.0,admin.,married,unknown,no,2038.0,no,no,cellular,9,apr,394.0,1,-1,0,unknown,yes
42.0,technician,single,unknown,no,11115.0,no,no,cellular,10,aug,187.0,1,102,1,success,yes
26.0,management,single,tertiary,no,194.0,no,no,cellular,22,apr,407.0,2,-1,0,unknown,yes
58.0,admin.,married,secondary,no,169.0,no,no,cellular,13,aug,880.0,1,92,8,success,yes
46.0,management,divorced,secondary,no,0.0,no,no,cellular,27,aug,763.0,5,-1,0,unknown,yes
39.0,management,married,secondary,no,2981.0,no,no,cellular,26,mar,200.0,1,-1,0,unknown,yes
29.0,student,single,secondary,no,67.0,no,no,cellular,23,feb,211.0,1,187,5,success,yes
21.0,technician,single,unknown,no,360.0,no,no,cellular,26,may,131.0,2,-1,0,unknown,yes
57.0,technician,married,primary,no,3376.0,yes,no,telephone,2,jun,421.0,2,-1,0,unknown,yes
31.0,management,single,tertiary,no,4718.0,yes,no,cellular,21,nov,536.0,1,-1,0,unknown,yes
49.0,technician,divorced,unknown,no,387.0,no,no,cellular,28,jan,325.0,1,-1,0,unknown,yes
56.0,management,divorced,tertiary,no,4266.0,yes,no,unknown,17,jun,490.0,4,-1,0,unknown,yes
30.0,admin.,married,secondary,no,396.0,yes,no,cellular,13,may,366.0,3,348,2,failure,yes
34.0,technician,single,secondary,no,2085.0,no,no,cellular,10,aug,356.0,3,182,2,success,yes
35.0,management,single,tertiary,no,62.0,yes,no,cellular,20,apr,213.0,3,-1,0,unknown,yes
55.0,retired,divorced,secondary,no,-268.0,no,yes,cellular,24,jul,1417.0,1,-1,0,unknown,yes
44.0,blue-collar,married,secondary,no,1697.0,yes,no,unknown,4,jul,150.0,2,-1,0,unknown,yes
36.0,technician,married,tertiary,no,341.0,no,no,cellular,13,aug,282.0,1,-1,0,unknown,yes
63.0,retired,divorced,primary,no,109.0,no,no,cellular,10,nov,406.0,2,-1,0,unknown,yes
37.0,management,married,tertiary,no,0.0,no,no,cellular,15,jan,426.0,2,196,1,other,yes
58.0,retired,married,primary,no,4158.0,no,no,cellular,13,aug,455.0,2,-1,0,unknown,yes
37.0,management,married,tertiary,no,156.0,no,no,cellular,19,nov,366.0,3,-1,0,unknown,yes
26.0,management,single,tertiary,no,390.0,no,no,cellular,7,aug,325.0,1,-1,0,unknown,yes
44.0,blue-collar,single,primary,no,36.0,yes,no,cellular,15,may,551.0,1,371,2,failure,yes
37.0,technician,single,tertiary,no,0.0,yes,no,cellular,23,jul,366.0,6,-1,0,unknown,yes
53.0,management,divorced,tertiary,no,50.0,yes,no,cellular,15,may,669.0,1,337,3,failure,yes
37.0,management,single,,no,102.0,yes,no,cellular,6,may,445.0,1,258,2,failure,yes
40.0,blue-collar,married,primary,no,57.0,yes,no,cellular,31,jul,1007.0,9,-1,0,unknown,yes
40.0,blue-collar,divorced,secondary,no,973.0,no,no,cellular,14,may,449.0,1,-1,0,unknown,yes
31.0,management,married,tertiary,no,3.0,yes,yes,cellular,11,feb,331.0,1,-1,0,unknown,yes
36.0,self-employed,married,secondary,no,1245.0,yes,no,unknown,6,jun,1469.0,9,-1,0,unknown,yes
36.0,blue-collar,married,primary,no,828.0,no,no,cellular,13,may,1512.0,1,345,8,failure,yes
52.0,blue-collar,married,unknown,no,0.0,yes,no,cellular,9,jul,1486.0,1,-1,0,unknown,yes
39.0,blue-collar,married,secondary,no,167.0,yes,yes,cellular,12,may,612.0,1,-1,0,unknown,yes
47.0,admin.,married,unknown,no,66.0,no,no,cellular,7,aug,358.0,1,-1,0,unknown,yes
49.0,entrepreneur,married,secondary,no,687.0,yes,no,cellular,17,apr,772.0,1,-1,0,unknown,yes
32.0,technician,married,tertiary,no,2688.0,no,no,cellular,14,oct,216.0,1,57,1,failure,yes
36.0,management,married,tertiary,no,625.0,yes,no,cellular,18,jul,1360.0,9,-1,0,unknown,yes
27.0,technician,single,secondary,no,1742.0,yes,no,unknown,16,may,787.0,1,-1,0,unknown,yes
71.0,retired,divorced,primary,no,1729.0,no,no,cellular,17,nov,456.0,2,-1,0,unknown,yes
32.0,blue-collar,married,secondary,no,889.0,yes,no,cellular,10,sep,185.0,1,99,5,success,yes
29.0,management,single,tertiary,no,224.0,yes,no,cellular,24,apr,65.0,2,81,3,failure,yes
64.0,housemaid,married,primary,no,768.0,no,no,cellular,14,jan,371.0,1,-1,0,unknown,yes
24.0,student,single,secondary,no,1809.0,no,no,cellular,11,oct,165.0,1,95,2,success,yes
21.0,student,single,primary,no,423.0,no,no,telephone,18,jan,287.0,5,285,5,success,yes
42.0,entrepreneur,divorced,secondary,no,335.0,yes,no,cellular,12,may,580.0,1,-1,0,unknown,yes
47.0,blue-collar,married,secondary,no,182.0,yes,no,telephone,10,jul,39.0,1,-1,0,unknown,yes
53.0,blue-collar,divorced,primary,no,4401.0,no,no,telephone,11,nov,241.0,1,92,1,success,yes
33.0,admin.,single,secondary,no,607.0,no,no,cellular,27,feb,110.0,2,-1,0,unknown,yes
62.0,retired,married,primary,no,1084.0,no,no,cellular,14,apr,505.0,1,-1,0,unknown,yes
33.0,blue-collar,married,secondary,no,0.0,no,no,cellular,29,jul,454.0,6,-1,0,unknown,yes
58.0,unemployed,married,secondary,no,687.0,yes,no,cellular,30,apr,341.0,2,-1,0,unknown,yes
52.0,services,married,secondary,no,659.0,no,no,cellular,27,oct,113.0,1,-1,0,unknown,yes
37.0,technician,single,secondary,no,1435.0,no,no,cellular,18,aug,724.0,16,-1,0,unknown,yes
37.0,management,single,tertiary,no,8828.0,no,no,unknown,12,jun,1010.0,3,-1,0,unknown,yes
34.0,admin.,married,tertiary,no,69.0,no,yes,,25,nov,296.0,1,205,2,failure,yes
79.0,retired,divorced,primary,no,79.0,no,no,cellular,9,oct,1106.0,2,-1,0,unknown,yes
54.0,self-employed,married,tertiary,no,990.0,no,no,cellular,3,jun,244.0,2,-1,0,unknown,yes
28.0,admin.,single,secondary,no,2290.0,yes,no,cellular,18,may,2301.0,1,-1,0,unknown,yes
33.0,management,married,tertiary,no,679.0,no,no,cellular,5,aug,1109.0,2,-1,0,unknown,yes
21.0,blue-collar,married,primary,no,-172.0,yes,yes,cellular,15,may,409.0,1,361,3,failure,yes
46.0,self-employed,married,secondary,no,548.0,no,no,cellular,12,aug,1181.0,4,-1,0,unknown,yes
38.0,technician,single,secondary,no,565.0,yes,no,cellular,30,apr,1143.0,1,-1,0,unknown,yes
32.0,services,married,primary,no,228.0,yes,no,cellular,21,jul,1017.0,6,-1,0,unknown,yes
34.0,self-employed,married,tertiary,no,0.0,no,no,cellular,28,aug,730.0,11,-1,0,unknown,yes
49.0,admin.,single,tertiary,no,228.0,yes,no,cellular,2,mar,368.0,1,-1,0,unknown,yes
31.0,technician,single,tertiary,no,454.0,no,no,cellular,30,apr,266.0,1,-1,0,unknown,yes
32.0,self-employed,married,secondary,no,514.0,yes,no,cellular,11,jul,812.0,1,-1,0,unknown,yes
38.0,blue-collar,single,tertiary,no,2885.0,yes,no,unknown,20,jun,1422.0,10,-1,0,unknown,yes
27.0,blue-collar,single,tertiary,no,567.0,no,no,cellular,25,nov,238.0,2,184,1,success,yes
78.0,unknown,married,unknown,no,2235.0,no,no,telephone,14,apr,300.0,3,-1,0,unknown,yes
60.0,retired,married,secondary,no,5267.0,no,no,cellular,4,sep,520.0,1,-1,0,unknown,yes
,admin.,married,tertiary,no,29.0,no,no,cellular,12,aug,576.0,1,-1,0,unknown,yes
75.0,retired,married,secondary,no,291.0,no,no,cellular,12,aug,350.0,1,182,2,success,yes
30.0,management,single,tertiary,no,4889.0,no,no,cellular,11,aug,545.0,2,-1,0,unknown,yes
30.0,management,single,tertiary,no,502.0,no,yes,cellular,18,jul,572.0,1,-1,0,unknown,yes
50.0,admin.,married,secondary,no,3608.0,yes,no,cellular,13,nov,176.0,2,197,2,success,yes
37.0,management,married,tertiary,no,3556.0,no,no,cellular,9,nov,268.0,1,-1,0,unknown,yes
60.0,admin.,divorced,secondary,no,-41.0,yes,yes,cellular,6,feb,1658.0,1,262,1,failure,yes
26.0,management,single,tertiary,no,3944.0,yes,no,cellular,14,may,974.0,2,-1,0,unknown,yes
49.0,services,married,secondary,no,202.0,yes,no,cellular,17,nov,,2,104,1,failure,yes
40.0,technician,single,tertiary,no,1175.0,no,no,cellular,14,apr,184.0,1,-1,0,unknown,yes
46.0,admin.,married,secondary,no,974.0,no,no,cellular,17,mar,178.0,1,-1,0,unknown,yes
38.0,management,single,,no,3141.0,no,no,cellular,9,nov,347.0,4,189,2,success,yes
74.0,retired,divorced,secondary,no,4079.0,no,no,cellular,19,oct,343.0,3,-1,0,unknown,yes
35.0,services,single,tertiary,no,0.0,no,no,cellular,3,jul,704.0,1,-1,0,unknown,yes
50.0,unemployed,married,secondary,no,3357.0,no,no,cellular,9,jun,239.0,4,-1,0,unknown,yes
54.0,management,married,primary,no,2587.0,no,no,cellular,2,jun,236.0,2,-1,0,unknown,yes
35.0,management,divorced,tertiary,no,434.0,yes,no,cellular,13,aug,1314.0,2,-1,0,unknown,yes
36.0,unemployed,single,tertiary,no,1291.0,no,no,cellular,3,feb,,1,-1,0,unknown,yes
30.0,blue-collar,single,secondary,no,315.0,no,no,cellular,23,jun,1407.0,1,-1,0,unknown,yes
36.0,services,married,secondary,no,394.0,no,no,cellular,5,aug,324.0,1,-1,0,unknown,yes
41.0,management,married,tertiary,no,5561.0,no,no,cellular,20,aug,649.0,2,-1,0,unknown,yes
30.0,admin.,single,secondary,no,3528.0,no,no,cellular,4,aug,250.0,1,92,2,failure,yes
39.0,entrepreneur,married,primary,no,437.0,yes,no,unknown,27,oct,150.0,1,-1,0,unknown,yes
34.0,services,single,tertiary,no,3119.0,no,no,cellular,16,oct,306.0,1,-1,0,unknown,yes
32.0,services,married,secondary,no,264.0,yes,yes,cellular,19,nov,1502.0,1,-1,0,unknown,yes
35.0,unemployed,married,primary,no,3285.0,no,no,cellular,21,nov,1555.0,2,-1,0,unknown,yes
50.0,management,married,tertiary,no,1396.0,no,no,cellular,25,aug,731.0,6,-1,0,unknown,yes
28.0,services,married,secondary,no,510.0,yes,yes,cellular,8,jul,1767.0,2,-1,0,unknown,yes
44.0,blue-collar,married,primary,no,-101.0,yes,no,cellular,15,may,679.0,1,366,4,failure,yes
32.0,blue-collar,married,primary,no,634.0,no,no,cellular,29,jan,696.0,1,-1,0,unknown,yes
30.0,management,single,tertiary,no,4210.0,no,no,cellular,12,aug,796.0,4,-1,0,unknown,yes
59.0,retired,married,secondary,no,0.0,no,no,unknown,5,jun,812.0,1,-1,0,unknown,yes
35.0,technician,divorced,secondary,no,84.0,yes,yes,cellular,6,may,954.0,1,-1,0,unknown,yes
30.0,blue-collar,married,secondary,no,278.0,yes,yes,unknown,23,may,1073.0,1,-1,0,unknown,yes
42.0,management,married,unknown,no,849.0,yes,no,cellular,8,oct,667.0,1,321,1,other,yes
63.0,retired,married,secondary,no,1612.0,no,no,telephone,17,feb,233.0,2,-1,0,unknown,yes
35.0,technician,single,secondary,no,204.0,yes,no,cellular,25,may,236.0,1,-1,0,unknown,yes
43.0,unemployed,divorced,secondary,no,1854.0,no,no,cellular,30,apr,323.0,1,-1,0,unknown,yes
27.0,technician,single,tertiary,no,4661.0,no,no,cellular,8,apr,114.0,1,-1,0,unknown,yes
29.0,self-employed,single,tertiary,no,1579.0,no,no,cellular,13,jul,178.0,1,181,4,success,yes
54.0,unemployed,married,secondary,no,1561.0,no,no,cellular,25,may,352.0,3,186,2,failure,yes
80.0,retired,married,primary,no,1468.0,no,no,cellular,13,jan,330.0,3,-1,0,unknown,yes
57.0,blue-collar,married,secondary,no,2887.0,no,no,cellular,21,aug,819.0,10,-1,0,unknown,yes
33.0,management,single,tertiary,no,224.0,no,no,cellular,23,sep,409.0,2,92,4,success,yes
65.0,retired,married,primary,no,1760.0,no,no,cellular,18,aug,855.0,4,-1,0,unknown,yes
59.0,admin.,married,secondary,no,3735.0,no,no,cellular,17,jun,243.0,3,91,6,success,yes
30.0,housemaid,single,tertiary,no,19.0,no,no,cellular,4,aug,139.0,1,92,5,success,yes
28.0,blue-collar,married,secondary,no,61.0,yes,no,cellular,4,may,226.0,2,319,1,success,yes
29.0,technician,married,secondary,no,95.0,no,yes,cellular,3,feb,172.0,3,-1,0,unknown,yes
31.0,self-employed,married,tertiary,no,5.0,yes,yes,cellular,21,nov,635.0,1,135,2,failure,yes
31.0,management,single,secondary,no,360.0,yes,no,cellular,18,may,309.0,1,-1,0,unknown,yes
49.0,blue-collar,married,secondary,no,1730.0,yes,no,cellular,4,aug,605.0,2,92,4,success,yes
43.0,unemployed,married,tertiary,no,0.0,no,no,cellular,16,jul,745.0,1,281,1,failure,yes
40.0,unemployed,single,tertiary,no,7968.0,no,no,cellular,2,mar,263.0,2,180,2,success,yes
39.0,unemployed,married,primary,no,7005.0,yes,no,cellular,28,jul,429.0,2,184,3,success,yes
71.0,technician,married,secondary,no,3020.0,no,no,telephone,30,jul,304.0,1,270,3,failure,yes
38.0,self-employed,single,tertiary,no,605.0,no,no,telephone,18,jun,1603.0,10,-1,0,unknown,yes
30.0,management,single,tertiary,no,376.0,yes,no,cellular,21,nov,710.0,1,-1,0,unknown,yes
45.0,unemployed,married,secondary,no,891.0,yes,no,unknown,7,jan,118.0,1,-1,0,unknown,yes
67.0,retired,divorced,secondary,no,704.0,no,no,cellular,6,may,613.0,1,87,3,success,yes
58.0,admin.,married,secondary,no,4348.0,yes,no,cellular,23,jun,790.0,4,141,1,other,yes
45.0,admin.,divorced,secondary,no,2353.0,yes,no,cellular,5,mar,182.0,1,107,2,other,yes
,management,married,tertiary,no,8000.0,no,no,cellular,12,feb,291.0,1,260,2,failure,yes
27.0,technician,single,tertiary,no,2781.0,yes,no,cellular,24,may,168.0,1,389,1,failure,yes
,blue-collar,married,primary,no,541.0,no,no,cellular,11,aug,663.0,3,-1,0,unknown,yes
38.0,management,married,unknown,no,3576.0,no,no,cellular,26,may,579.0,1,-1,0,unknown,yes
28.0,management,single,tertiary,no,2725.0,no,no,cellular,16,jun,292.0,1,504,1,failure,yes
25.0,student,single,secondary,no,2354.0,no,no,cellular,5,feb,226.0,7,-1,0,unknown,yes
37.0,services,married,secondary,no,775.0,no,no,cellular,14,aug,150.0,2,-1,0,unknown,yes
38.0,blue-collar,married,secondary,no,622.0,yes,no,unknown,21,may,611.0,2,-1,0,unknown,yes
37.0,technician,single,secondary,no,4.0,no,no,cellular,11,aug,933.0,1,-1,0,unknown,yes
34.0,management,single,tertiary,no,5.0,no,no,cellular,18,aug,370.0,2,-1,0,unknown,yes
37.0,technician,single,tertiary,no,3943.0,no,no,cellular,6,apr,1138.0,2,138,1,failure,yes
76.0,retired,divorced,primary,no,802.0,no,no,cellular,9,mar,241.0,1,181,5,success,yes
48.0,management,married,tertiary,no,2351.0,no,no,cellular,15,sep,150.0,1,105,3,success,yes
49.0,technician,divorced,tertiary,no,1807.0,yes,no,cellular,12,mar,229.0,1,-1,0,unknown,yes
62.0,housemaid,married,secondary,no,2.0,no,no,cellular,3,nov,322.0,1,-1,0,unknown,yes
33.0,services,single,unknown,no,2297.0,no,no,cellular,27,jul,527.0,1,-1,0,unknown,yes
19.0,student,single,unknown,no,779.0,no,no,cellular,1,apr,184.0,4,-1,0,unknown,yes
,student,single,secondary,no,108.0,no,no,cellular,29,apr,305.0,3,-1,0,unknown,yes
31.0,services,divorced,primary,no,459.0,yes,no,cellular,7,may,623.0,1,293,1,success,yes
38.0,technician,single,tertiary,no,110.0,no,no,unknown,17,jun,1051.0,3,-1,0,unknown,yes
31.0,technician,single,tertiary,no,13711.0,yes,no,cellular,20,nov,1532.0,3,-1,0,unknown,yes
24.0,student,single,tertiary,no,3415.0,no,no,cellular,27,apr,97.0,1,-1,0,unknown,yes
24.0,self-employed,single,tertiary,no,2376.0,no,no,cellular,27,apr,122.0,1,-1,0,unknown,yes
26.0,technician,single,secondary,no,181.0,no,no,cellular,20,apr,158.0,2,-1,0,unknown,yes
73.0,retired,married,tertiary,no,448.0,no,no,cellular,24,mar,136.0,1,-1,0,unknown,yes
29.0,entrepreneur,married,secondary,no,714.0,yes,yes,cellular,13,may,482.0,2,-1,0,unknown,yes
49.0,admin.,married,secondary,no,3608.0,yes,no,cellular,30,apr,252.0,1,168,1,success,yes
42.0,management,married,primary,no,5310.0,yes,no,cellular,25,nov,968.0,2,97,4,success,yes
68.0,retired,single,tertiary,no,2144.0,no,no,cellular,26,jan,708.0,1,96,3,success,yes
60.0,management,married,tertiary,no,2281.0,no,no,cellular,5,feb,230.0,2,-1,0,unknown,yes
53.0,management,divorced,tertiary,no,2679.0,no,no,cellular,20,nov,295.0,3,-1,0,unknown,yes
62.0,retired,married,secondary,no,1495.0,no,no,cellular,2,feb,265.0,1,-1,0,unknown,yes
33.0,management,single,tertiary,no,1304.0,yes,no,cellular,18,may,536.0,2,-1,0,unknown,yes
36.0,housemaid,married,primary,no,78.0,yes,no,telephone,30,jul,2692.0,9,-1,0,unknown,yes
46.0,services,married,primary,no,437.0,yes,no,cellular,13,may,546.0,3,-1,0,unknown,yes
37.0,housemaid,married,secondary,no,7433.0,no,yes,cellular,5,feb,630.0,3,-1,0,unknown,yes
53.0,,married,secondary,no,6112.0,no,no,cellular,3,feb,211.0,1,-1,0,unknown,yes
34.0,admin.,married,secondary,no,155.0,no,no,cellular,5,feb,696.0,2,-1,0,unknown,yes
24.0,blue-collar,single,secondary,no,9883.0,no,no,cellular,8,jul,210.0,5,-1,0,unknown,yes
36.0,management,married,tertiary,no,495.0,no,no,cellular,11,sep,91.0,1,37,5,success,yes
34.0,technician,married,secondary,no,294.0,yes,no,cellular,9,dec,265.0,1,184,3,success,yes
48.0,blue-collar,single,primary,no,8990.0,no,no,telephone,2,feb,1790.0,2,-1,0,unknown,yes
43.0,self-employed,single,unknown,no,,no,no,unknown,15,may,746.0,1,-1,0,unknown,yes
32.0,technician,divorced,tertiary,no,53.0,no,no,cellular,22,aug,671.0,2,-1,0,unknown,yes
46.0,blue-collar,married,secondary,no,640.0,yes,no,cellular,12,mar,215.0,1,182,4,success,yes
32.0,blue-collar,single,secondary,no,217.0,yes,no,cellular,15,may,692.0,3,-1,0,unknown,yes
45.0,blue-collar,married,primary,no,804.0,yes,no,unknown,16,may,528.0,1,-1,0,unknown,yes
29.0,unemployed,single,primary,no,1374.0,no,no,cellular,17,nov,309.0,3,208,4,success,yes
25.0,management,single,tertiary,no,3.0,yes,yes,cellular,16,apr,1034.0,1,-1,0,unknown,yes
20.0,student,single,secondary,no,502.0,no,no,cellular,30,apr,261.0,1,-1,0,unknown,yes
45.0,blue-collar,married,secondary,no,61.0,yes,no,unknown,26,may,745.0,4,-1,0,unknown,yes
42.0,admin.,divorced,secondary,no,153.0,yes,no,unknown,16,may,844.0,1,-1,0,unknown,yes
29.0,blue-collar,married,secondary,no,8.0,yes,yes,cellular,10,jul,627.0,1,-1,0,unknown,yes
23.0,self-employed,single,tertiary,no,780.0,no,no,cellular,16,sep,393.0,1,183,3,success,yes
37.0,management,married,tertiary,no,630.0,no,no,cellular,30,apr,315.0,1,87,1,success,yes
35.0,,married,tertiary,no,2161.0,no,no,cellular,9,sep,569.0,3,-1,0,unknown,yes
61.0,retired,married,tertiary,no,32685.0,no,no,cellular,2,mar,1447.0,2,-1,0,unknown,yes
31.0,management,single,tertiary,no,3384.0,no,no,cellular,16,sep,153.0,1,104,2,success,yes
41.0,management,married,primary,no,5310.0,yes,no,cellular,17,nov,984.0,1,-1,0,unknown,yes
34.0,blue-collar,divorced,secondary,no,383.0,yes,no,unknown,13,may,2231.0,1,-1,0,unknown,yes
32.0,services,single,secondary,no,772.0,yes,no,unknown,15,may,697.0,3,-1,0,unknown,yes
32.0,technician,married,tertiary,no,2976.0,yes,no,cellular,5,feb,783.0,1,175,5,failure,yes
34.0,technician,single,secondary,no,2729.0,yes,no,cellular,18,nov,835.0,1,-1,0,unknown,yes
35.0,blue-collar,married,unknown,no,520.0,yes,no,cellular,17,apr,476.0,1,-1,0,unknown,yes
,admin.,married,secondary,no,205.0,no,no,cellular,3,nov,289.0,1,-1,0,unknown,yes
32.0,services,single,unknown,no,2378.0,no,no,cellular,17,nov,1132.0,2,-1,0,unknown,yes
34.0,admin.,married,secondary,no,48.0,yes,no,cellular,7,may,1806.0,2,287,3,other,yes
50.0,entrepreneur,married,primary,no,461.0,yes,no,unknown,15,may,651.0,32,-1,0,unknown,yes
32.0,technician,single,secondary,no,116.0,yes,no,cellular,20,aug,718.0,2,-1,0,unknown,yes
23.0,blue-collar,married,secondary,no,272.0,no,no,cellular,14,aug,100.0,2,-1,0,unknown,yes
32.0,blue-collar,single,secondary,no,799.0,no,yes,cellular,23,jul,2078.0,6,-1,0,unknown,yes
60.0,housemaid,married,secondary,no,0.0,no,no,telephone,3,aug,676.0,2,181,5,failure,yes
44.0,admin.,single,secondary,no,1534.0,no,no,cellular,10,nov,95.0,1,95,3,success,yes
30.0,admin.,married,secondary,no,4457.0,yes,no,cellular,21,nov,566.0,4,-1,0,unknown,yes
37.0,technician,married,unknown,no,189.0,no,no,cellular,16,jun,162.0,2,-1,0,unknown,yes
35.0,technician,single,tertiary,no,1880.0,no,no,cellular,20,may,154.0,1,-1,0,unknown,yes
36.0,services,divorced,secondary,yes,0.0,no,yes,cellular,15,jul,687.0,7,-1,0,unknown,yes
39.0,management,married,secondary,no,11835.0,yes,no,cellular,11,aug,744.0,2,-1,0,unknown,yes
25.0,technician,married,tertiary,no,839.0,yes,no,,18,may,700.0,3,-1,0,unknown,yes
33.0,management,single,tertiary,no,952.0,yes,no,cellular,29,apr,1241.0,5,-1,0,unknown,yes
28.0,blue-collar,single,secondary,no,-197.0,yes,no,unknown,9,may,2016.0,2,-1,0,unknown,yes
31.0,self-employed,single,tertiary,no,1657.0,yes,yes,cellular,28,jan,872.0,1,-1,0,unknown,yes
56.0,retired,married,primary,no,1947.0,no,no,cellular,2,mar,225.0,2,123,5,failure,yes
41.0,entrepreneur,married,secondary,no,30.0,no,no,cellular,30,apr,460.0,1,-1,0,unknown,yes
68.0,retired,divorced,primary,no,2027.0,no,no,cellular,14,sep,404.0,2,91,4,success,yes
61.0,admin.,married,tertiary,no,1332.0,no,no,cellular,12,mar,156.0,1,-1,0,unknown,yes
37.0,management,single,tertiary,no,72.0,yes,yes,cellular,20,apr,885.0,5,150,7,failure,yes
28.0,student,single,secondary,no,153.0,no,no,cellular,23,jul,1124.0,2,-1,0,unknown,yes
46.0,admin.,married,secondary,no,70.0,yes,no,cellular,27,mar,229.0,2,-1,0,unknown,yes
53.0,services,divorced,secondary,no,36.0,yes,yes,unknown,2,jul,25.0,1,417,1,success,yes
32.0,services,single,secondary,no,-198.0,yes,no,unknown,21,may,681.0,3,-1,0,unknown,yes
33.0,admin.,single,secondary,no,5.0,yes,no,cellular,15,may,934.0,2,368,2,failure,yes
57.0,housemaid,married,tertiary,no,2326.0,no,no,cellular,17,apr,378.0,1,-1,0,unknown,yes
41.0,technician,married,tertiary,no,,yes,no,cellular,19,nov,814.0,1,-1,0,unknown,yes
24.0,technician,single,secondary,no,598.0,no,no,cellular,12,may,762.0,1,182,2,success,yes
45.0,student,single,unknown,no,1527.0,no,no,cellular,8,mar,132.0,1,-1,0,unknown,yes
49.0,management,married,secondary,no,1623.0,yes,no,cellular,19,nov,1081.0,2,-1,0,unknown,yes
,blue-collar,single,primary,no,253.0,yes,no,cellular,5,may,259.0,1,-1,0,unknown,yes
26.0,services,single,secondary,no,1445.0,no,no,telephone,23,oct,171.0,1,-1,0,unknown,yes
57.0,management,married,tertiary,no,256.0,no,no,cellular,5,jun,304.0,2,91,1,success,yes
39.0,blue-collar,married,unknown,no,1181.0,yes,no,cellular,30,jul,650.0,2,-1,0,unknown,yes
40.0,technician,single,tertiary,no,1646.0,yes,no,cellular,4,may,392.0,2,91,3,success,yes
52.0,retired,divorced,tertiary,no,-309.0,yes,no,unknown,19,jun,500.0,2,-1,0,unknown,yes
35.0,technician,single,tertiary,no,670.0,no,no,cellular,13,apr,278.0,4,182,2,success,yes
46.0,admin.,divorced,secondary,no,2196.0,no,no,cellular,28,jul,573.0,5,-1,0,unknown,yes
49.0,services,divorced,secondary,no,947.0,no,no,unknown,20,jun,808.0,2,-1,0,unknown,yes
22.0,student,single,secondary,no,71.0,no,no,cellular,13,jul,337.0,1,181,2,success,yes
36.0,technician,married,tertiary,no,521.0,no,no,cellular,20,oct,347.0,3,-1,0,unknown,yes
38.0,technician,married,secondary,no,5115.0,yes,no,cellular,27,feb,99.0,1,102,6,success,yes
40.0,management,married,tertiary,no,-17.0,yes,yes,cellular,11,may,474.0,1,256,1,success,yes
24.0,technician,married,secondary,no,556.0,yes,no,cellular,18,aug,460.0,2,-1,0,unknown,yes
78.0,retired,divorced,primary,no,229.0,no,no,telephone,22,oct,97.0,1,-1,0,unknown,yes
25.0,,single,secondary,no,325.0,no,no,cellular,22,oct,,3,-1,0,unknown,yes
63.0,management,married,tertiary,no,5112.0,no,no,telephone,13,nov,2184.0,2,95,3,failure,yes
31.0,management,single,tertiary,no,11821.0,no,no,cellular,18,aug,384.0,11,-1,0,unknown,yes
41.0,technician,single,secondary,no,650.0,yes,no,,20,nov,2420.0,3,-1,0,unknown,yes
50.0,retired,married,secondary,no,8648.0,no,no,cellular,12,may,731.0,3,176,1,failure,yes
27.0,self-employed,single,tertiary,no,168.0,no,no,cellular,12,nov,123.0,1,196,1,success,yes
27.0,blue-collar,single,secondary,no,2486.0,yes,no,unknown,29,may,733.0,1,-1,0,unknown,yes
50.0,technician,divorced,secondary,no,396.0,no,no,unknown,20,jun,716.0,2,-1,0,unknown,yes
44.0,management,married,tertiary,no,1791.0,no,no,telephone,12,aug,201.0,1,182,2,success,yes
26.0,self-employed,single,tertiary,no,168.0,no,no,cellular,30,apr,394.0,1,-1,0,unknown,yes
46.0,technician,married,unknown,no,3308.0,no,no,,28,jul,219.0,2,-1,0,unknown,yes
36.0,services,married,secondary,no,4721.0,no,no,cellular,9,jun,150.0,1,92,5,,yes
35.0,management,single,tertiary,no,18111.0,no,no,cellular,14,aug,172.0,4,-1,0,unknown,yes
68.0,retired,married,secondary,no,1146.0,no,no,cellular,3,mar,153.0,2,110,3,success,yes
50.0,admin.,divorced,secondary,no,237.0,no,yes,telephone,5,nov,169.0,1,-1,0,unknown,yes
36.0,services,married,unknown,no,618.0,no,no,cellular,13,jul,360.0,1,335,2,success,yes
34.0,admin.,divorced,secondary,no,1085.0,no,no,cellular,11,mar,101.0,7,-1,0,unknown,yes
30.0,management,single,tertiary,no,1028.0,no,no,cellular,4,feb,1294.0,2,-1,0,unknown,yes
22.0,admin.,single,secondary,no,114.0,no,no,cellular,30,mar,517.0,1,-1,0,unknown,yes
59.0,admin.,married,secondary,no,0.0,yes,no,cellular,10,jul,982.0,1,-1,0,unknown,yes
60.0,blue-collar,married,primary,no,631.0,no,no,cellular,12,aug,429.0,2,-1,0,unknown,yes
32.0,technician,married,secondary,no,660.0,no,no,cellular,25,oct,226.0,2,490,1,failure,yes
46.0,self-employed,married,tertiary,no,2421.0,no,no,cellular,19,nov,1084.0,1,100,4,failure,yes
23.0,student,single,secondary,no,794.0,no,no,cellular,26,jul,607.0,3,171,3,other,yes
22.0,self-employed,single,secondary,no,2138.0,no,yes,cellular,10,aug,164.0,1,109,2,other,yes
,services,married,secondary,no,2965.0,yes,no,cellular,13,may,1970.0,3,-1,0,unknown,yes
26.0,management,single,tertiary,no,222.0,no,no,cellular,28,jun,247.0,1,63,2,,yes
35.0,management,divorced,tertiary,no,6997.0,yes,no,cellular,9,jul,1121.0,1,-1,0,unknown,yes
53.0,retired,married,secondary,no,665.0,yes,no,cellular,22,apr,371.0,2,-1,0,unknown,yes
39.0,management,married,tertiary,no,285.0,yes,no,cellular,15,jul,838.0,3,-1,0,unknown,yes
,technician,married,secondary,no,473.0,no,yes,cellular,10,aug,1064.0,1,95,3,success,yes
41.0,management,married,tertiary,no,2226.0,no,no,cellular,7,aug,182.0,2,99,1,failure,yes
37.0,admin.,single,secondary,no,245.0,yes,yes,unknown,7,may,732.0,2,-1,0,unknown,yes
35.0,management,married,tertiary,no,1133.0,yes,no,cellular,3,nov,102.0,1,-1,0,unknown,yes
42.0,management,married,tertiary,no,294.0,no,no,cellular,26,aug,513.0,1,-1,0,unknown,yes
27.0,admin.,divorced,secondary,no,451.0,yes,no,cellular,16,jul,652.0,1,-1,0,unknown,yes
57.0,unknown,married,unknown,no,19268.0,no,no,unknown,23,oct,301.0,1,-1,0,unknown,yes
41.0,blue-collar,married,primary,no,1461.0,yes,no,unknown,6,jun,554.0,2,-1,0,unknown,yes
37.0,housemaid,single,secondary,no,465.0,yes,no,cellular,18,may,899.0,3,-1,0,unknown,yes
44.0,unemployed,divorced,tertiary,no,0.0,no,no,cellular,5,feb,1960.0,3,-1,0,unknown,yes
32.0,technician,single,tertiary,no,654.0,yes,no,cellular,25,may,,4,-1,0,unknown,yes
34.0,admin.,married,tertiary,no,79.0,yes,no,cellular,5,aug,203.0,1,92,5,success,yes
42.0,services,married,tertiary,no,4216.0,no,no,cellular,12,jun,186.0,2,-1,0,unknown,yes
54.0,admin.,married,secondary,no,66.0,yes,no,cellular,11,nov,167.0,1,-1,0,unknown,yes
48.0,self-employed,married,tertiary,no,0.0,no,no,cellular,29,jan,1249.0,3,-1,0,,yes
73.0,retired,married,primary,no,5539.0,no,no,telephone,6,aug,338.0,1,-1,0,unknown,yes
33.0,management,married,tertiary,no,2599.0,no,no,cellular,30,apr,1373.0,2,-1,0,unknown,yes
42.0,management,married,tertiary,no,2187.0,yes,no,cellular,17,nov,525.0,3,-1,0,unknown,yes
57.0,admin.,married,secondary,no,2120.0,no,no,cellular,19,aug,687.0,4,-1,0,unknown,yes
29.0,services,single,primary,no,339.0,no,no,unknown,4,jul,1576.0,3,-1,0,unknown,yes
47.0,blue-collar,married,secondary,no,8229.0,no,no,cellular,8,aug,784.0,2,-1,0,unknown,yes
51.0,management,married,tertiary,no,346.0,no,no,cellular,12,feb,122.0,1,92,5,success,yes
34.0,management,married,tertiary,no,158.0,no,no,cellular,9,jun,190.0,1,92,9,success,yes
25.0,technician,single,secondary,no,7103.0,yes,no,cellular,28,may,188.0,3,10,1,failure,yes
50.0,admin.,married,secondary,no,4855.0,no,no,cellular,5,aug,720.0,2,-1,0,unknown,yes
47.0,admin.,single,secondary,no,3696.0,no,no,cellular,12,jul,250.0,2,181,4,success,yes
40.0,technician,married,secondary,no,-357.0,yes,no,cellular,16,jul,700.0,4,-1,0,unknown,yes
79.0,retired,married,secondary,no,8304.0,no,no,telephone,9,mar,303.0,9,-1,0,unknown,yes
30.0,student,single,secondary,no,48.0,no,no,cellular,25,feb,217.0,1,191,2,success,yes
54.0,self-employed,single,tertiary,no,384.0,no,yes,cellular,27,may,200.0,1,-1,0,unknown,yes
53.0,blue-collar,married,primary,no,751.0,yes,no,cellular,3,feb,1528.0,2,-1,0,unknown,yes
33.0,blue-collar,divorced,secondary,no,3546.0,yes,no,unknown,23,may,777.0,2,-1,0,unknown,yes
60.0,management,married,tertiary,no,73.0,no,no,telephone,8,aug,243.0,2,-1,0,unknown,yes
35.0,self-employed,single,tertiary,no,71.0,no,no,cellular,15,jun,651.0,1,-1,0,unknown,yes
46.0,admin.,married,secondary,no,974.0,no,no,cellular,5,jun,174.0,2,80,1,success,yes
52.0,services,married,primary,no,306.0,yes,no,cellular,13,may,650.0,5,-1,0,unknown,yes
50.0,management,married,tertiary,no,3463.0,no,yes,cellular,28,oct,96.0,1,-1,0,unknown,yes
47.0,admin.,married,secondary,no,3676.0,no,no,cellular,15,jul,415.0,2,342,1,other,yes
73.0,retired,married,tertiary,no,459.0,no,no,cellular,17,feb,281.0,1,-1,0,unknown,yes
35.0,admin.,married,tertiary,no,286.0,no,no,cellular,30,apr,949.0,2,-1,0,unknown,yes
26.0,blue-collar,married,secondary,no,-11.0,yes,yes,cellular,17,jul,1150.0,3,-1,0,unknown,yes
46.0,management,married,tertiary,no,273.0,yes,no,cellular,15,sep,1962.0,1,105,3,failure,yes
42.0,management,married,tertiary,no,2665.0,yes,no,cellular,4,jun,280.0,2,126,11,failure,yes
29.0,self-employed,single,tertiary,no,3290.0,no,no,cellular,12,may,430.0,1,50,3,success,yes
30.0,management,single,tertiary,no,8535.0,no,no,cellular,18,jun,393.0,2,-1,0,unknown,yes
37.0,management,married,tertiary,no,1276.0,no,no,cellular,16,nov,146.0,1,94,2,success,yes
28.0,admin.,single,unknown,no,2736.0,no,no,cellular,8,jul,705.0,1,-1,0,unknown,yes
32.0,blue-collar,married,secondary,no,10287.0,yes,no,cellular,27,may,281.0,4,188,1,failure,yes
53.0,management,married,tertiary,no,1624.0,no,no,cellular,6,aug,107.0,1,98,6,success,yes
41.0,self-employed,married,secondary,yes,0.0,yes,no,cellular,17,nov,789.0,1,-1,0,unknown,yes
40.0,services,married,secondary,no,446.0,yes,no,unknown,16,may,1252.0,1,-1,0,unknown,yes
53.0,technician,married,tertiary,no,395.0,no,no,cellular,29,oct,136.0,1,148,1,,yes
64.0,retired,divorced,primary,no,315.0,no,no,cellular,17,feb,154.0,1,-1,0,unknown,yes
32.0,technician,married,secondary,no,484.0,yes,no,cellular,12,aug,668.0,2,463,1,success,yes
48.0,technician,married,secondary,yes,0.0,no,no,unknown,30,may,682.0,1,-1,0,unknown,yes
35.0,admin.,single,secondary,no,507.0,yes,no,cellular,22,jul,560.0,2,-1,0,unknown,yes
43.0,management,married,tertiary,no,2987.0,no,no,cellular,4,jun,156.0,1,85,3,failure,yes
25.0,services,single,secondary,no,801.0,no,no,cellular,5,jun,255.0,2,-1,0,unknown,yes
43.0,management,married,tertiary,no,0.0,no,no,cellular,14,jul,1153.0,3,-1,0,unknown,yes
29.0,management,single,tertiary,no,572.0,yes,no,telephone,8,nov,319.0,1,-1,0,unknown,yes
61.0,management,single,tertiary,no,2.0,no,no,cellular,12,aug,131.0,1,114,3,failure,yes
64.0,retired,married,unknown,no,34.0,no,no,cellular,26,aug,244.0,2,-1,0,unknown,yes
27.0,technician,single,tertiary,no,1075.0,no,no,cellular,2,sep,529.0,2,184,1,success,yes
38.0,technician,single,tertiary,no,508.0,yes,yes,cellular,12,aug,1103.0,2,-1,0,unknown,yes
36.0,management,married,,no,926.0,no,no,cellular,14,apr,216.0,1,-1,0,unknown,yes
61.0,self-employed,married,tertiary,no,10861.0,no,no,cellular,25,oct,225.0,1,91,5,success,yes
49.0,blue-collar,divorced,primary,no,24.0,yes,no,cellular,11,may,701.0,1,362,1,success,yes
33.0,blue-collar,single,primary,no,611.0,no,no,telephone,16,sep,390.0,2,-1,0,unknown,yes
25.0,blue-collar,single,secondary,no,1857.0,yes,no,cellular,12,oct,187.0,1,91,12,success,yes
33.0,blue-collar,single,secondary,no,329.0,no,no,cellular,6,sep,224.0,1,145,2,other,yes
51.0,management,married,tertiary,no,2635.0,no,no,cellular,21,may,407.0,3,74,5,failure,yes
32.0,blue-collar,married,secondary,no,225.0,yes,no,cellular,17,apr,574.0,1,150,1,failure,yes
32.0,admin.,married,secondary,no,1604.0,no,yes,cellular,7,jul,625.0,1,-1,0,unknown,yes
72.0,retired,married,primary,no,4657.0,no,no,telephone,23,mar,255.0,1,91,8,success,yes
34.0,admin.,married,secondary,no,1406.0,yes,no,cellular,20,aug,63.0,2,85,1,success,yes
38.0,technician,married,secondary,no,6728.0,no,no,cellular,25,nov,232.0,1,96,4,success,yes
35.0,management,married,tertiary,no,611.0,no,no,cellular,1,oct,305.0,2,121,1,success,yes
38.0,technician,divorced,tertiary,no,1805.0,no,no,unknown,9,jun,952.0,2,-1,0,unknown,yes
43.0,blue-collar,single,primary,no,-399.0,no,yes,cellular,28,jul,662.0,3,-1,0,unknown,yes
31.0,technician,single,tertiary,no,208.0,no,no,cellular,12,aug,1344.0,7,-1,0,unknown,yes
30.0,management,married,tertiary,no,10884.0,no,no,cellular,4,may,333.0,2,-1,0,unknown,yes
22.0,student,single,primary,no,3472.0,no,no,cellular,20,oct,332.0,1,183,3,failure,yes
46.0,admin.,married,secondary,no,556.0,yes,yes,unknown,15,may,646.0,3,-1,0,unknown,yes
52.0,management,married,tertiary,no,7192.0,no,no,cellular,4,aug,1486.0,1,-1,0,unknown,yes
35.0,technician,single,tertiary,no,13460.0,yes,no,cellular,15,may,1068.0,3,-1,0,unknown,yes
71.0,retired,married,primary,no,2988.0,no,no,telephone,17,apr,130.0,1,-1,0,unknown,yes
30.0,management,single,tertiary,no,102.0,yes,no,cellular,18,dec,364.0,3,-1,0,unknown,yes
25.0,student,single,secondary,no,1868.0,no,no,cellular,26,oct,259.0,1,103,2,other,yes
34.0,management,single,tertiary,no,-578.0,yes,no,cellular,18,may,767.0,2,-1,0,unknown,yes
51.0,admin.,married,secondary,no,241.0,no,no,cellular,7,dec,308.0,2,-1,0,unknown,yes
25.0,services,single,secondary,no,162.0,yes,no,cellular,1,sep,531.0,2,-1,0,unknown,yes
48.0,management,married,tertiary,no,5320.0,yes,no,unknown,20,jun,792.0,1,-1,0,unknown,yes
42.0,blue-collar,married,secondary,no,366.0,yes,no,cellular,22,may,324.0,1,106,1,failure,yes
55.0,management,married,unknown,no,1504.0,yes,no,cellular,22,may,338.0,2,-1,0,unknown,yes
38.0,admin.,single,secondary,no,262.0,no,no,cellular,3,feb,315.0,2,180,6,failure,yes
26.0,blue-collar,single,secondary,no,191.0,yes,no,cellular,6,may,550.0,1,-1,0,unknown,yes
27.0,admin.,married,tertiary,no,73.0,no,no,cellular,10,feb,159.0,1,-1,0,unknown,yes
75.0,retired,married,primary,no,358.0,no,no,cellular,17,feb,364.0,11,-1,0,unknown,yes
32.0,technician,single,,no,483.0,no,no,cellular,8,aug,580.0,3,-1,0,unknown,yes
39.0,management,single,tertiary,no,5047.0,no,no,cellular,29,apr,218.0,4,-1,0,unknown,yes
46.0,technician,single,secondary,no,5862.0,no,no,cellular,1,jun,84.0,1,-1,0,unknown,yes
40.0,management,married,tertiary,no,0.0,yes,no,cellular,25,mar,506.0,2,-1,0,unknown,yes
36.0,blue-collar,divorced,secondary,no,,no,no,,14,aug,186.0,1,-1,0,unknown,yes
54.0,self-employed,divorced,primary,no,351.0,yes,no,,6,jun,642.0,2,-1,0,unknown,yes
42.0,management,married,tertiary,no,372.0,yes,no,cellular,4,aug,153.0,3,1,2,success,yes
42.0,management,married,tertiary,no,27696.0,no,no,cellular,12,may,176.0,2,89,5,success,yes
37.0,blue-collar,single,secondary,no,133.0,yes,no,cellular,11,may,1388.0,2,-1,0,unknown,yes
25.0,student,single,unknown,no,3.0,no,no,cellular,26,may,170.0,1,-1,0,unknown,yes
29.0,management,single,tertiary,no,15459.0,no,no,cellular,18,feb,264.0,7,-1,0,unknown,yes
32.0,management,single,tertiary,no,2551.0,yes,no,cellular,21,jul,638.0,3,-1,0,unknown,yes
64.0,retired,married,secondary,no,571.0,yes,no,cellular,20,apr,1422.0,2,-1,0,unknown,yes
55.0,management,married,tertiary,no,7803.0,no,no,cellular,15,jan,441.0,1,-1,0,unknown,yes
56.0,management,married,primary,no,0.0,no,no,cellular,3,feb,996.0,1,-1,0,unknown,yes
28.0,admin.,single,unknown,no,24.0,yes,no,cellular,18,jul,415.0,2,-1,0,unknown,yes
52.0,management,divorced,tertiary,no,2104.0,no,no,cellular,3,jun,210.0,2,-1,0,unknown,yes
36.0,technician,divorced,secondary,no,3158.0,yes,no,cellular,3,jun,144.0,2,-1,0,unknown,yes
25.0,student,married,tertiary,no,10.0,yes,no,cellular,21,jul,857.0,4,-1,0,unknown,yes
66.0,self-employed,married,tertiary,no,147.0,no,no,telephone,12,jan,411.0,1,-1,0,unknown,yes
31.0,management,single,tertiary,no,12857.0,yes,no,telephone,4,may,483.0,4,87,2,success,yes
43.0,technician,divorced,unknown,no,250000.0,no,no,telephone,2,jul,632.0,2,85,1,success,yes
59.0,management,married,tertiary,no,474.0,no,no,cellular,21,aug,252.0,1,-1,0,unknown,yes
35.0,management,married,unknown,no,2326.0,yes,yes,cellular,16,sep,319.0,1,-1,0,unknown,yes
48.0,admin.,married,primary,no,3644.0,yes,yes,telephone,31,jul,1039.0,9,-1,0,unknown,yes
38.0,admin.,married,tertiary,no,1988.0,no,no,cellular,27,mar,164.0,2,130,2,failure,yes
27.0,admin.,married,secondary,no,1595.0,no,no,cellular,29,dec,196.0,2,197,2,success,yes
25.0,student,single,secondary,no,331.0,no,no,telephone,26,aug,170.0,4,-1,0,unknown,yes
56.0,management,married,unknown,no,4623.0,no,no,cellular,25,feb,305.0,1,192,1,success,yes
54.0,management,divorced,tertiary,no,12018.0,yes,no,cellular,21,dec,267.0,2,-1,0,unknown,yes
36.0,unemployed,married,tertiary,no,154.0,no,no,cellular,26,aug,556.0,7,-1,0,unknown,yes
31.0,admin.,single,secondary,no,190.0,no,no,cellular,30,apr,514.0,1,-1,0,unknown,yes
62.0,entrepreneur,married,secondary,no,3904.0,no,no,telephone,29,jan,403.0,2,-1,0,unknown,yes
31.0,technician,single,tertiary,no,882.0,no,no,cellular,4,sep,293.0,1,93,1,success,yes
,retired,divorced,unknown,no,53.0,no,no,cellular,12,jul,562.0,4,-1,0,unknown,yes
32.0,management,single,tertiary,no,6542.0,yes,no,cellular,15,may,1598.0,4,175,5,failure,yes
40.0,services,divorced,secondary,no,687.0,yes,no,cellular,2,feb,531.0,1,208,1,success,yes
43.0,blue-collar,married,primary,no,3064.0,yes,no,cellular,20,nov,2453.0,2,-1,0,unknown,yes
51.0,housemaid,divorced,secondary,no,9228.0,no,no,cellular,18,jul,655.0,4,-1,0,unknown,yes
34.0,blue-collar,married,secondary,no,800.0,no,no,cellular,5,apr,144.0,1,-1,0,unknown,yes
47.0,management,married,tertiary,no,3505.0,no,no,cellular,17,nov,434.0,2,-1,0,unknown,yes
36.0,management,single,tertiary,no,5958.0,yes,no,cellular,22,sep,155.0,1,184,1,success,yes
27.0,technician,single,tertiary,no,667.0,no,no,cellular,29,jan,866.0,2,-1,0,unknown,yes
52.0,services,divorced,secondary,no,36.0,yes,yes,cellular,11,may,930.0,1,-1,0,unknown,yes
44.0,housemaid,single,primary,no,1059.0,no,no,unknown,18,jun,2093.0,1,-1,0,unknown,yes
26.0,technician,married,secondary,no,915.0,no,no,cellular,2,jun,384.0,1,-1,0,unknown,yes
32.0,technician,married,secondary,no,1547.0,no,no,cellular,26,oct,289.0,1,805,4,other,yes
34.0,management,married,tertiary,no,3050.0,yes,no,cellular,13,may,469.0,1,-1,0,unknown,yes
35.0,,married,tertiary,no,7050.0,no,no,cellular,11,aug,222.0,3,182,4,success,yes
32.0,management,single,tertiary,no,2.0,yes,no,cellular,11,sep,100.0,2,-1,0,unknown,yes
43.0,self-employed,married,secondary,no,14144.0,yes,no,,21,nov,504.0,1,-1,0,unknown,yes
50.0,unemployed,married,primary,no,705.0,no,no,unknown,5,jun,504.0,1,-1,0,unknown,yes
40.0,blue-collar,married,primary,no,1758.0,yes,no,unknown,16,may,1230.0,3,-1,0,unknown,yes
29.0,self-employed,single,tertiary,no,476.0,yes,no,cellular,18,may,427.0,1,-1,0,unknown,yes
32.0,technician,married,secondary,no,348.0,yes,no,cellular,17,jul,926.0,1,-1,0,unknown,yes
127.0,management,married,tertiary,no,5969.0,no,no,cellular,25,jan,455.0,1,544,2,failure,yes
65.0,unemployed,married,secondary,no,3195.0,no,no,telephone,2,mar,904.0,1,-1,0,unknown,yes
59.0,self-employed,married,tertiary,no,2013.0,no,no,cellular,17,nov,409.0,2,-1,0,unknown,yes
44.0,entrepreneur,married,,no,121.0,no,no,cellular,10,aug,412.0,1,-1,0,unknown,yes
33.0,admin.,married,secondary,no,82.0,yes,no,cellular,25,jul,735.0,1,-1,0,unknown,yes
,management,single,tertiary,no,935.0,no,no,cellular,9,feb,385.0,2,92,8,success,yes
57.0,unemployed,married,secondary,no,3754.0,no,no,cellular,5,feb,1063.0,2,-1,0,unknown,yes
38.0,management,single,tertiary,no,104.0,yes,no,cellular,6,may,606.0,3,-1,0,unknown,yes
49.0,management,married,tertiary,no,4751.0,no,no,cellular,12,aug,884.0,4,-1,0,unknown,yes
45.0,blue-collar,married,unknown,no,1529.0,yes,no,cellular,13,nov,181.0,1,197,1,success,yes
25.0,technician,single,secondary,no,102.0,no,yes,cellular,8,jul,574.0,2,-1,0,unknown,yes
22.0,housemaid,single,secondary,no,1796.0,no,no,cellular,28,jun,369.0,3,-1,0,unknown,yes
32.0,management,single,tertiary,no,935.0,no,no,cellular,10,aug,161.0,2,375,5,failure,yes
36.0,services,single,secondary,no,365.0,no,no,cellular,4,may,643.0,1,-1,0,unknown,yes
32.0,management,divorced,tertiary,no,222.0,no,yes,cellular,15,jul,820.0,4,-1,0,unknown,yes
45.0,blue-collar,single,secondary,no,0.0,no,no,cellular,5,aug,374.0,2,472,1,success,yes
35.0,housemaid,single,secondary,no,1015.0,yes,no,unknown,5,jun,406.0,2,-1,0,unknown,yes
23.0,student,single,secondary,no,107.0,no,no,cellular,14,oct,84.0,1,183,1,success,yes
50.0,blue-collar,married,primary,no,82.0,no,no,telephone,5,apr,456.0,1,-1,0,unknown,yes
31.0,management,married,tertiary,no,877.0,no,no,cellular,9,jun,192.0,1,93,7,other,yes
61.0,retired,married,tertiary,no,2557.0,yes,no,cellular,10,nov,89.0,1,91,4,success,yes
42.0,blue-collar,married,primary,no,1673.0,yes,no,cellular,17,apr,636.0,3,-1,0,unknown,yes
39.0,blue-collar,married,secondary,no,2467.0,no,no,cellular,19,jul,207.0,2,276,3,other,yes
37.0,technician,single,secondary,no,980.0,no,no,cellular,8,aug,1306.0,5,-1,0,unknown,yes
30.0,blue-collar,single,secondary,no,183.0,yes,no,cellular,18,jul,610.0,1,-1,0,unknown,yes
55.0,unemployed,divorced,secondary,no,387.0,yes,no,unknown,6,may,918.0,1,-1,0,unknown,yes
30.0,services,divorced,primary,no,459.0,yes,no,cellular,18,jul,494.0,1,-1,0,unknown,yes
57.0,management,married,tertiary,no,1227.0,no,no,cellular,5,jun,232.0,1,-1,0,unknown,yes
31.0,unemployed,single,tertiary,no,302.0,no,no,cellular,3,feb,349.0,1,357,3,success,yes
37.0,entrepreneur,divorced,secondary,no,175.0,yes,yes,unknown,13,may,753.0,6,-1,0,unknown,yes
34.0,blue-collar,married,secondary,no,182.0,no,no,cellular,6,aug,938.0,2,-1,0,unknown,yes
31.0,technician,married,secondary,yes,-367.0,yes,no,cellular,18,jul,474.0,2,-1,0,unknown,yes
52.0,technician,married,tertiary,no,876.0,no,no,cellular,4,may,601.0,3,-1,0,unknown,yes
48.0,unemployed,divorced,secondary,no,201.0,no,no,cellular,10,nov,594.0,1,91,1,success,yes
73.0,retired,married,primary,no,796.0,no,no,cellular,23,oct,427.0,1,182,2,failure,yes
54.0,retired,divorced,tertiary,no,0.0,no,no,unknown,13,may,618.0,1,-1,0,unknown,yes
38.0,admin.,married,secondary,no,1559.0,no,no,cellular,3,mar,136.0,2,280,1,failure,yes
39.0,blue-collar,married,primary,no,70.0,no,no,unknown,8,may,813.0,1,-1,0,unknown,yes
,self-employed,single,tertiary,no,2734.0,yes,no,cellular,12,may,897.0,4,-1,0,unknown,yes
29.0,admin.,single,secondary,no,,no,no,cellular,8,oct,137.0,1,-1,0,unknown,yes
51.0,management,married,tertiary,no,469.0,no,no,cellular,15,apr,200.0,1,181,2,success,yes
31.0,blue-collar,married,secondary,no,3311.0,yes,no,unknown,20,may,719.0,1,-1,0,unknown,yes
33.0,services,single,secondary,no,152.0,yes,no,cellular,25,may,202.0,2,365,2,success,yes
39.0,self-employed,married,tertiary,no,1047.0,no,no,unknown,6,jun,554.0,1,-1,0,unknown,yes
30.0,,married,secondary,no,484.0,yes,no,unknown,6,may,703.0,1,-1,0,unknown,yes
39.0,technician,married,secondary,no,1587.0,yes,no,cellular,8,sep,108.0,2,98,3,success,yes
25.0,management,married,tertiary,no,4461.0,no,no,cellular,11,mar,796.0,5,-1,0,unknown,yes
57.0,admin.,single,,no,3551.0,yes,no,cellular,12,may,458.0,1,-1,0,unknown,yes
35.0,management,married,tertiary,no,495.0,no,no,cellular,30,apr,266.0,1,87,1,failure,yes
27.0,blue-collar,single,secondary,no,3792.0,no,no,cellular,22,apr,279.0,2,-1,0,unknown,yes
27.0,technician,single,secondary,no,489.0,yes,no,cellular,30,jul,356.0,4,-1,0,unknown,yes
28.0,self-employed,single,tertiary,no,159.0,no,no,cellular,16,nov,449.0,2,33,4,success,yes
41.0,admin.,single,secondary,no,985.0,yes,no,cellular,30,jun,274.0,2,391,11,success,yes
46.0,blue-collar,married,primary,no,369.0,yes,no,unknown,13,may,916.0,2,-1,0,unknown,yes
38.0,management,divorced,secondary,no,257.0,yes,no,cellular,30,apr,,1,-1,0,unknown,yes
35.0,technician,married,secondary,no,2779.0,no,no,cellular,22,oct,118.0,2,-1,0,unknown,yes
24.0,services,single,secondary,no,638.0,yes,yes,cellular,7,may,792.0,3,-1,0,unknown,yes
24.0,blue-collar,single,secondary,no,833.0,yes,no,cellular,15,may,956.0,1,-1,0,unknown,yes
28.0,management,single,tertiary,no,9314.0,no,no,cellular,2,jul,276.0,2,-1,0,unknown,yes
28.0,admin.,single,secondary,no,4745.0,no,no,telephone,12,may,360.0,1,181,5,success,yes
53.0,management,married,secondary,no,2693.0,no,no,cellular,5,mar,90.0,1,104,1,failure,yes
45.0,management,married,tertiary,no,160.0,no,no,cellular,10,nov,182.0,2,194,1,success,yes
33.0,services,married,secondary,no,1697.0,no,no,cellular,3,nov,179.0,1,-1,0,unknown,yes
51.0,management,married,tertiary,no,0.0,no,no,unknown,7,jun,302.0,1,-1,0,unknown,yes
32.0,technician,single,tertiary,no,-770.0,yes,no,cellular,18,may,618.0,1,-1,0,unknown,yes
65.0,retired,married,secondary,no,20806.0,no,no,telephone,8,apr,523.0,2,-1,0,unknown,yes
32.0,blue-collar,married,primary,no,3136.0,yes,no,cellular,19,nov,820.0,1,-1,0,unknown,yes
67.0,retired,married,primary,no,1430.0,no,no,cellular,11,jan,499.0,2,91,3,failure,yes
53.0,technician,married,secondary,no,6831.0,no,no,cellular,13,may,1130.0,2,-1,0,unknown,yes
41.0,blue-collar,divorced,primary,no,664.0,no,yes,cellular,15,jul,955.0,5,-1,0,unknown,yes
30.0,blue-collar,single,secondary,no,49.0,no,no,cellular,30,jan,808.0,2,-1,0,unknown,yes
37.0,blue-collar,married,secondary,no,604.0,yes,no,cellular,7,oct,371.0,1,495,1,failure,yes
27.0,technician,single,tertiary,no,931.0,yes,no,cellular,4,feb,1078.0,1,-1,0,unknown,yes
77.0,retired,married,tertiary,no,699.0,no,no,cellular,13,aug,425.0,2,-1,0,unknown,yes
32.0,admin.,single,secondary,no,212.0,no,no,cellular,7,jul,830.0,5,-1,0,unknown,yes
25.0,management,single,tertiary,no,362.0,no,no,cellular,3,jun,617.0,2,-1,0,unknown,yes
32.0,management,single,tertiary,no,2667.0,yes,no,cellular,12,aug,971.0,2,-1,0,unknown,yes
,technician,married,secondary,no,-754.0,yes,yes,cellular,9,jul,727.0,3,-1,0,unknown,yes
30.0,services,married,secondary,no,517.0,no,no,cellular,11,dec,141.0,2,-1,0,unknown,yes
59.0,management,divorced,tertiary,no,258.0,yes,no,telephone,29,oct,266.0,1,-1,0,unknown,yes
61.0,retired,married,tertiary,no,3140.0,yes,yes,cellular,6,aug,975.0,4,98,1,unknown,yes
32.0,self-employed,single,tertiary,no,658.0,yes,no,cellular,27,mar,283.0,1,-1,0,unknown,yes
37.0,management,married,tertiary,no,255.0,no,no,cellular,24,feb,562.0,2,183,10,success,yes
51.0,self-employed,married,tertiary,no,5350.0,yes,yes,cellular,31,jul,612.0,4,-1,0,unknown,yes
55.0,management,divorced,tertiary,no,9756.0,yes,no,cellular,5,jun,103.0,2,95,1,other,yes
38.0,management,single,tertiary,no,3646.0,yes,no,cellular,12,may,1710.0,2,286,1,other,yes
47.0,admin.,married,secondary,no,368.0,no,no,cellular,21,may,403.0,1,87,6,success,yes
59.0,services,divorced,secondary,no,1.0,yes,no,cellular,28,jan,602.0,1,253,5,other,yes
51.0,retired,married,secondary,no,1435.0,no,no,unknown,11,jun,587.0,1,-1,0,unknown,yes
25.0,admin.,single,secondary,no,122.0,yes,no,cellular,7,may,481.0,2,-1,0,unknown,yes
67.0,retired,divorced,primary,no,2027.0,no,no,cellular,15,mar,161.0,2,-1,0,unknown,yes
58.0,entrepreneur,married,secondary,no,496.0,no,no,cellular,22,apr,132.0,1,-1,0,unknown,yes
52.0,management,single,tertiary,no,83.0,no,no,cellular,26,aug,1223.0,6,-1,0,unknown,yes
54.0,technician,single,tertiary,no,467.0,yes,no,cellular,18,jul,674.0,3,-1,0,unknown,yes
27.0,technician,single,secondary,yes,0.0,no,yes,cellular,8,jul,732.0,1,-1,0,unknown,yes
41.0,services,married,secondary,no,471.0,yes,no,cellular,13,may,954.0,2,293,4,success,yes
72.0,retired,married,secondary,no,5715.0,no,no,cellular,17,may,1114.0,1,181,2,success,yes
24.0,blue-collar,married,secondary,no,-389.0,yes,yes,unknown,4,jun,1242.0,1,-1,0,unknown,yes
36.0,admin.,single,tertiary,no,364.0,no,yes,cellular,31,aug,185.0,1,123,1,failure,yes
39.0,services,married,secondary,no,25.0,yes,yes,cellular,12,may,658.0,1,351,3,failure,yes
55.0,technician,divorced,secondary,no,3450.0,no,no,cellular,10,feb,169.0,1,183,1,failure,yes
35.0,admin.,married,secondary,no,2374.0,yes,no,cellular,11,aug,765.0,2,183,5,success,yes
32.0,technician,single,tertiary,no,5514.0,no,no,cellular,22,apr,319.0,1,182,1,success,yes
29.0,blue-collar,single,tertiary,no,455.0,no,no,telephone,27,may,214.0,2,36,1,success,yes
59.0,services,single,secondary,no,739.0,no,no,cellular,14,jan,408.0,1,-1,0,unknown,yes
33.0,management,married,secondary,no,336.0,no,no,cellular,15,apr,179.0,3,-1,0,unknown,yes
30.0,services,divorced,secondary,no,436.0,yes,no,cellular,17,jun,1720.0,1,-1,0,unknown,yes
30.0,management,single,tertiary,no,536.0,no,no,cellular,2,jul,309.0,1,-1,0,unknown,yes
37.0,management,married,tertiary,no,0.0,no,no,cellular,16,jul,268.0,2,182,3,success,yes
39.0,management,single,tertiary,no,0.0,yes,no,cellular,18,feb,224.0,3,-1,0,unknown,yes
40.0,blue-collar,married,unknown,no,1181.0,yes,no,cellular,4,feb,718.0,2,189,2,success,yes
29.0,management,single,tertiary,no,265.0,no,no,cellular,22,may,491.0,1,-1,0,unknown,yes
24.0,unemployed,single,secondary,no,2573.0,no,no,cellular,24,may,375.0,2,-1,0,unknown,yes
31.0,blue-collar,married,primary,no,-537.0,yes,yes,cellular,21,jul,1039.0,7,-1,0,unknown,yes
62.0,management,married,secondary,no,1128.0,no,no,cellular,2,sep,236.0,1,290,3,other,yes
33.0,admin.,married,unknown,no,2780.0,no,no,cellular,19,nov,485.0,1,-1,0,unknown,yes
67.0,management,married,tertiary,no,405.0,no,no,cellular,10,nov,344.0,2,95,2,success,yes
44.0,self-employed,married,secondary,no,706.0,no,no,unknown,5,nov,204.0,1,-1,0,unknown,yes
,retired,married,secondary,no,2661.0,no,no,cellular,10,nov,254.0,5,-1,0,unknown,yes
30.0,technician,single,secondary,no,2734.0,no,no,cellular,21,nov,459.0,3,-1,0,unknown,yes
38.0,housemaid,married,primary,no,196.0,no,no,cellular,30,apr,574.0,1,-1,0,unknown,yes
31.0,,single,tertiary,no,533.0,no,no,telephone,12,may,372.0,1,90,10,success,yes
38.0,technician,married,secondary,no,6728.0,no,no,cellular,21,aug,252.0,4,-1,0,unknown,yes
36.0,services,single,secondary,no,1227.0,yes,yes,cellular,4,may,775.0,5,341,3,failure,yes
30.0,blue-collar,married,secondary,no,5.0,no,no,cellular,17,apr,840.0,3,-1,0,unknown,yes
34.0,technician,married,tertiary,no,197.0,no,no,cellular,20,aug,78.0,3,-1,0,unknown,yes
27.0,management,single,primary,yes,13.0,no,no,cellular,30,jan,475.0,3,-1,0,unknown,yes
32.0,admin.,married,tertiary,no,284.0,yes,no,cellular,29,apr,717.0,3,-1,0,unknown,yes
37.0,management,single,tertiary,no,33.0,yes,no,cellular,12,mar,186.0,1,-1,0,unknown,yes
56.0,management,married,tertiary,no,2333.0,no,no,cellular,4,may,244.0,1,-1,0,unknown,yes
28.0,blue-collar,single,secondary,no,1705.0,no,no,cellular,17,dec,412.0,2,-1,0,unknown,yes
49.0,blue-collar,married,secondary,no,2039.0,yes,no,cellular,6,may,451.0,1,169,2,failure,yes
23.0,student,single,secondary,no,381.0,no,no,cellular,23,feb,696.0,1,189,2,other,yes
56.0,retired,married,secondary,no,3738.0,yes,no,cellular,17,apr,156.0,1,305,6,other,yes
54.0,blue-collar,divorced,primary,no,4401.0,no,no,telephone,13,may,414.0,1,183,2,success,yes
59.0,management,married,tertiary,no,553.0,yes,no,cellular,7,jul,1272.0,3,-1,0,unknown,yes
53.0,technician,married,secondary,no,-725.0,yes,no,unknown,27,may,1205.0,1,-1,0,unknown,yes
51.0,retired,married,primary,no,67.0,no,no,,18,jun,835.0,1,-1,0,unknown,yes
31.0,unemployed,married,tertiary,no,330.0,no,no,cellular,13,jul,309.0,1,181,3,success,yes
62.0,management,divorced,tertiary,no,5943.0,no,no,telephone,17,feb,196.0,4,-1,0,unknown,yes
38.0,technician,single,tertiary,no,25.0,yes,no,cellular,1,jun,232.0,2,-1,0,unknown,yes
25.0,management,single,tertiary,no,316.0,no,no,cellular,27,mar,347.0,2,-1,0,unknown,yes
43.0,technician,divorced,unknown,no,4389.0,no,no,cellular,8,apr,618.0,1,-1,0,unknown,yes
45.0,admin.,divorced,secondary,no,0.0,no,no,cellular,29,oct,264.0,1,-1,0,unknown,yes
78.0,retired,divorced,primary,no,1389.0,no,no,cellular,8,apr,335.0,1,-1,0,unknown,yes
30.0,management,single,tertiary,no,398.0,no,no,cellular,27,oct,102.0,1,180,3,success,yes
69.0,retired,divorced,tertiary,no,247.0,no,no,cellular,22,apr,138.0,2,-1,0,unknown,yes
48.0,entrepreneur,married,secondary,no,0.0,no,yes,cellular,28,jul,431.0,2,-1,0,unknown,yes
,admin.,single,secondary,no,131.0,yes,no,cellular,15,jun,151.0,1,-1,0,unknown,yes
57.0,retired,single,primary,no,,no,no,cellular,19,nov,187.0,1,-1,0,unknown,no
45.0,admin.,divorced,secondary,no,0.0,yes,no,cellular,17,nov,102.0,1,-1,0,unknown,no
48.0,blue-collar,married,secondary,no,238.0,yes,yes,,2,jun,118.0,2,81,1,success,no
34.0,admin.,single,secondary,no,673.0,yes,no,cellular,29,jan,89.0,1,260,2,failure,no
37.0,entrepreneur,married,tertiary,no,7944.0,no,no,cellular,21,nov,102.0,1,-1,0,unknown,no
32.0,management,married,tertiary,no,3696.0,no,no,unknown,21,may,315.0,3,-1,0,unknown,no
35.0,self-employed,married,secondary,no,347.0,no,no,unknown,20,jun,231.0,1,-1,0,unknown,no
31.0,blue-collar,married,primary,no,-199.0,yes,yes,telephone,12,may,149.0,5,299,10,failure,no
54.0,technician,married,,yes,337.0,yes,no,unknown,28,may,302.0,2,-1,0,unknown,no
52.0,unemployed,married,secondary,no,5091.0,no,no,cellular,26,may,309.0,1,-1,0,unknown,no
29.0,self-employed,single,secondary,no,970.0,yes,no,cellular,13,may,240.0,1,-1,0,unknown,no
34.0,services,single,secondary,no,258.0,yes,no,unknown,4,jun,131.0,2,-1,0,unknown,no
37.0,blue-collar,divorced,secondary,no,614.0,yes,no,unknown,20,may,185.0,1,-1,0,unknown,no
66.0,housemaid,married,secondary,no,1929.0,no,no,cellular,2,feb,169.0,1,-1,0,unknown,no
33.0,technician,married,secondary,no,2362.0,yes,no,cellular,26,aug,271.0,4,-1,0,unknown,no
60.0,retired,married,secondary,no,8121.0,yes,yes,cellular,18,aug,98.0,7,-1,0,unknown,no
55.0,management,divorced,tertiary,no,608.0,yes,no,cellular,7,may,161.0,2,-1,0,unknown,no
34.0,blue-collar,single,secondary,no,3723.0,yes,no,unknown,27,may,47.0,5,-1,0,unknown,no
52.0,blue-collar,married,primary,no,117.0,no,yes,cellular,24,jul,164.0,2,-1,0,unknown,no
29.0,services,married,secondary,no,363.0,yes,no,cellular,15,may,164.0,1,-1,0,unknown,no
43.0,services,divorced,secondary,no,130.0,yes,no,unknown,8,may,,1,-1,0,unknown,no
57.0,services,divorced,primary,no,2225.0,yes,no,cellular,18,may,8.0,4,-1,0,unknown,no
32.0,blue-collar,married,primary,no,-105.0,yes,yes,telephone,31,jul,454.0,19,-1,0,unknown,no
67.0,unknown,married,tertiary,no,7687.0,no,no,telephone,30,oct,70.0,3,-1,0,unknown,no
45.0,services,married,secondary,no,,no,no,cellular,25,aug,119.0,11,-1,0,unknown,no
47.0,technician,single,secondary,no,736.0,no,no,cellular,29,jul,212.0,2,-1,0,unknown,no
31.0,self-employed,single,tertiary,no,84.0,no,no,cellular,6,aug,157.0,4,-1,0,unknown,no
52.0,blue-collar,divorced,primary,no,196.0,yes,no,unknown,7,may,119.0,3,-1,0,unknown,no
41.0,technician,married,secondary,no,2123.0,no,no,cellular,8,aug,130.0,2,-1,0,unknown,no
35.0,blue-collar,single,secondary,no,-482.0,yes,no,unknown,27,may,472.0,1,-1,0,unknown,no
48.0,management,divorced,tertiary,no,700.0,yes,no,cellular,29,aug,488.0,2,-1,0,unknown,no
53.0,blue-collar,married,primary,no,1388.0,no,no,cellular,7,aug,139.0,4,-1,0,unknown,no
59.0,entrepreneur,married,primary,no,222.0,no,no,cellular,18,nov,97.0,1,-1,0,unknown,no
26.0,blue-collar,single,secondary,no,592.0,yes,yes,unknown,27,may,174.0,1,-1,0,unknown,no
30.0,management,married,tertiary,no,0.0,no,no,cellular,14,aug,95.0,2,-1,0,unknown,no
56.0,self-employed,married,tertiary,no,411.0,no,no,unknown,19,jun,145.0,4,-1,0,unknown,no
41.0,blue-collar,divorced,secondary,no,-104.0,yes,no,,16,may,32.0,3,-1,0,unknown,no
52.0,technician,married,secondary,no,475.0,yes,no,cellular,28,jul,121.0,3,-1,0,unknown,no
35.0,admin.,single,secondary,no,181.0,yes,no,cellular,18,may,217.0,4,301,1,failure,no
41.0,management,married,tertiary,no,653.0,yes,no,telephone,17,nov,60.0,2,-1,0,unknown,no
39.0,management,married,tertiary,no,0.0,yes,no,unknown,2,jun,46.0,2,-1,0,unknown,no
51.0,management,married,tertiary,no,0.0,yes,yes,cellular,19,aug,263.0,1,84,1,other,no
46.0,blue-collar,married,secondary,no,942.0,no,no,cellular,18,nov,240.0,3,119,2,failure,no
43.0,technician,divorced,primary,no,13.0,no,yes,cellular,9,jul,977.0,4,-1,0,unknown,no
31.0,technician,single,secondary,no,200.0,no,no,cellular,6,aug,315.0,2,-1,0,unknown,no
56.0,unemployed,married,secondary,no,660.0,yes,no,unknown,6,jun,72.0,3,-1,0,unknown,no
35.0,entrepreneur,married,secondary,no,1309.0,yes,no,cellular,18,nov,73.0,3,-1,0,unknown,no
58.0,self-employed,married,tertiary,no,-364.0,yes,no,unknown,5,may,355.0,1,-1,0,unknown,no
33.0,technician,married,secondary,no,-616.0,yes,yes,unknown,27,may,320.0,1,-1,0,unknown,no
36.0,blue-collar,single,secondary,no,2596.0,no,no,unknown,18,jun,60.0,6,-1,0,unknown,no
49.0,entrepreneur,single,secondary,no,5802.0,no,no,cellular,12,aug,175.0,3,104,2,success,no
47.0,technician,married,secondary,no,568.0,yes,no,telephone,14,jul,256.0,2,-1,0,unknown,no
61.0,retired,married,primary,no,296.0,yes,yes,unknown,3,jun,323.0,2,-1,0,unknown,no
45.0,services,married,secondary,no,561.0,yes,no,unknown,29,may,340.0,7,-1,0,unknown,no
53.0,management,divorced,tertiary,no,2894.0,yes,no,cellular,5,may,163.0,1,-1,0,unknown,no
31.0,management,married,tertiary,no,2344.0,yes,no,cellular,14,aug,221.0,6,-1,0,unknown,no
35.0,admin.,married,secondary,no,1345.0,yes,no,cellular,23,jul,135.0,1,-1,0,unknown,no
55.0,management,married,tertiary,no,171.0,yes,no,cellular,8,aug,73.0,6,-1,0,unknown,no
50.0,technician,married,secondary,no,1838.0,yes,yes,cellular,13,aug,221.0,8,-1,0,unknown,no
53.0,unknown,married,unknown,no,549.0,no,no,telephone,28,jan,74.0,2,-1,0,unknown,no
45.0,admin.,married,secondary,no,1097.0,yes,yes,cellular,2,feb,174.0,1,208,1,failure,no
45.0,unemployed,married,tertiary,no,1148.0,no,no,cellular,19,nov,782.0,2,-1,0,unknown,no
32.0,technician,single,tertiary,no,3818.0,no,no,cellular,18,aug,100.0,4,-1,0,unknown,no
33.0,blue-collar,married,primary,no,934.0,yes,no,unknown,4,jun,244.0,2,-1,0,unknown,no
51.0,,married,primary,no,-637.0,yes,yes,cellular,19,nov,233.0,2,-1,0,unknown,no
27.0,housemaid,married,secondary,yes,65.0,yes,yes,cellular,17,jul,59.0,1,-1,0,unknown,no
37.0,technician,married,secondary,no,24.0,yes,no,cellular,13,aug,136.0,1,105,2,failure,no
45.0,blue-collar,married,primary,no,907.0,no,no,cellular,18,aug,230.0,8,-1,0,unknown,no
40.0,blue-collar,married,secondary,no,100.0,yes,no,unknown,29,may,218.0,2,-1,0,unknown,no
41.0,blue-collar,married,primary,no,686.0,yes,no,cellular,21,nov,888.0,3,-1,0,unknown,no
35.0,management,single,tertiary,no,3.0,yes,yes,cellular,6,feb,217.0,1,-1,0,unknown,no
62.0,retired,married,tertiary,no,4692.0,yes,no,cellular,15,oct,73.0,1,-1,0,unknown,no
42.0,technician,married,secondary,yes,-197.0,yes,no,cellular,6,aug,66.0,7,-1,0,unknown,no
38.0,management,divorced,tertiary,no,4335.0,yes,no,cellular,20,nov,,1,-1,0,unknown,no
36.0,technician,single,secondary,no,664.0,no,no,cellular,22,aug,309.0,3,-1,0,unknown,no
59.0,services,married,secondary,no,307.0,yes,yes,unknown,6,may,250.0,7,-1,0,unknown,no
46.0,services,divorced,secondary,no,5.0,yes,yes,cellular,29,jan,305.0,2,-1,0,unknown,no
42.0,blue-collar,married,primary,no,-67.0,yes,no,unknown,9,may,128.0,1,-1,0,unknown,no
27.0,student,single,secondary,no,3754.0,no,no,cellular,15,mar,106.0,3,98,1,other,no
44.0,technician,married,secondary,no,1139.0,yes,no,cellular,30,jan,64.0,1,-1,0,unknown,no
32.0,services,married,secondary,no,250.0,yes,no,unknown,29,may,202.0,1,-1,0,unknown,no
32.0,self-employed,divorced,tertiary,no,3695.0,yes,no,cellular,15,may,34.0,1,353,3,other,no
43.0,blue-collar,married,secondary,no,1025.0,yes,no,cellular,2,jun,106.0,1,-1,0,unknown,no
38.0,management,married,tertiary,no,328.0,no,no,cellular,8,aug,230.0,2,-1,0,unknown,no
40.0,services,married,secondary,no,0.0,yes,no,cellular,2,jun,297.0,1,28,3,failure,no
44.0,management,married,tertiary,no,6203.0,yes,yes,unknown,13,may,129.0,1,-1,0,unknown,no
49.0,management,divorced,tertiary,no,1904.0,no,yes,cellular,17,nov,131.0,2,-1,0,unknown,no
37.0,management,married,tertiary,no,347.0,yes,no,cellular,22,jul,282.0,1,-1,0,unknown,no
40.0,unemployed,married,secondary,no,1289.0,no,no,cellular,26,may,260.0,2,-1,0,unknown,no
54.0,management,divorced,tertiary,no,129.0,yes,no,unknown,30,may,132.0,1,-1,0,unknown,no
38.0,blue-collar,married,primary,no,178.0,yes,no,unknown,20,may,245.0,1,-1,0,unknown,no
45.0,management,married,tertiary,no,81.0,no,yes,cellular,30,jul,61.0,3,-1,0,unknown,no
49.0,self-employed,married,tertiary,no,599.0,no,no,cellular,12,aug,174.0,1,-1,0,unknown,no
46.0,technician,married,secondary,no,190.0,yes,no,cellular,12,aug,370.0,2,-1,0,unknown,no
141.0,blue-collar,married,secondary,no,0.0,yes,no,unknown,6,may,262.0,1,-1,0,unknown,no
56.0,management,married,tertiary,no,563.0,yes,no,cellular,6,may,100.0,2,168,1,failure,no
37.0,blue-collar,married,secondary,no,105.0,yes,no,unknown,8,may,69.0,2,-1,0,unknown,no
39.0,management,married,tertiary,no,3518.0,yes,no,cellular,8,may,440.0,1,-1,0,unknown,no
53.0,self-employed,married,secondary,no,248.0,no,yes,cellular,17,nov,99.0,1,126,3,failure,no
38.0,blue-collar,married,secondary,no,961.0,yes,no,unknown,16,may,346.0,1,-1,0,unknown,no
25.0,technician,single,tertiary,no,640.0,yes,no,unknown,13,may,492.0,2,-1,0,unknown,no
35.0,technician,married,secondary,no,1144.0,no,no,cellular,20,aug,197.0,13,-1,0,unknown,no
47.0,unemployed,married,primary,no,0.0,no,no,unknown,18,jun,308.0,1,-1,0,unknown,no
40.0,management,married,tertiary,no,4381.0,no,no,telephone,29,jul,126.0,2,-1,0,unknown,no
31.0,self-employed,married,tertiary,no,1134.0,no,no,cellular,6,feb,174.0,2,-1,0,unknown,no
50.0,technician,married,primary,no,570.0,no,no,unknown,20,jun,21.0,3,-1,0,unknown,no
40.0,blue-collar,married,secondary,no,0.0,yes,no,unknown,16,may,167.0,2,-1,0,unknown,no
55.0,retired,married,tertiary,no,357.0,yes,no,cellular,11,aug,526.0,1,103,1,failure,no
31.0,services,married,secondary,no,593.0,yes,no,cellular,19,nov,391.0,2,-1,0,unknown,no
59.0,blue-collar,married,primary,no,229.0,yes,yes,unknown,7,may,19.0,1,-1,0,unknown,no
52.0,management,married,primary,no,0.0,no,no,unknown,5,jun,85.0,3,-1,0,unknown,no
55.0,unknown,married,secondary,no,1157.0,no,no,cellular,12,jul,289.0,1,412,2,failure,no
49.0,management,married,tertiary,no,234.0,no,no,cellular,22,aug,55.0,6,-1,0,unknown,no
31.0,self-employed,married,tertiary,no,322.0,yes,no,unknown,8,may,159.0,1,-1,0,unknown,no
55.0,entrepreneur,married,secondary,no,113.0,yes,no,unknown,12,jun,186.0,1,-1,0,unknown,no
38.0,,married,secondary,no,2139.0,yes,no,unknown,9,may,576.0,1,-1,0,unknown,no
52.0,unemployed,married,secondary,no,2251.0,yes,no,unknown,3,jun,58.0,9,-1,0,unknown,no
57.0,management,divorced,unknown,no,0.0,no,no,unknown,13,may,95.0,1,-1,0,unknown,no
65.0,management,divorced,,no,2756.0,no,no,cellular,23,sep,1353.0,2,-1,0,unknown,no
53.0,retired,married,tertiary,no,7132.0,no,no,cellular,13,aug,88.0,2,-1,0,unknown,no
34.0,technician,single,tertiary,no,,yes,no,cellular,28,jul,57.0,5,-1,0,unknown,no
41.0,self-employed,single,tertiary,no,0.0,no,no,cellular,18,nov,256.0,1,-1,0,unknown,no
44.0,unemployed,married,tertiary,no,1151.0,yes,no,unknown,5,jun,127.0,2,-1,0,unknown,no
49.0,technician,married,secondary,no,5244.0,no,no,cellular,25,aug,60.0,4,-1,0,unknown,no
39.0,technician,married,secondary,no,1.0,yes,no,unknown,26,may,506.0,2,-1,0,unknown,no
54.0,management,married,tertiary,no,203.0,no,no,cellular,21,nov,70.0,1,-1,0,unknown,no
22.0,student,single,secondary,no,2162.0,no,no,telephone,2,feb,168.0,1,-1,0,unknown,no
31.0,admin.,married,secondary,no,337.0,no,no,unknown,12,may,51.0,1,-1,0,unknown,no
53.0,housemaid,married,unknown,no,0.0,no,no,cellular,22,aug,207.0,1,-1,0,unknown,no
59.0,technician,divorced,secondary,no,2.0,no,no,cellular,26,aug,164.0,2,-1,0,unknown,no
59.0,admin.,married,secondary,no,1365.0,no,no,unknown,19,jun,327.0,1,-1,0,unknown,no
56.0,management,married,tertiary,no,2366.0,yes,yes,cellular,3,feb,538.0,2,188,4,failure,no
52.0,management,divorced,tertiary,no,-803.0,yes,no,cellular,7,aug,131.0,3,-1,0,unknown,no
57.0,entrepreneur,divorced,tertiary,no,873.0,no,no,unknown,17,jun,441.0,3,-1,0,unknown,no
41.0,admin.,married,secondary,no,-76.0,yes,no,cellular,16,apr,263.0,1,-1,0,unknown,no
39.0,housemaid,married,tertiary,no,2990.0,no,no,telephone,30,apr,127.0,4,-1,0,unknown,no
35.0,management,divorced,tertiary,no,538.0,yes,no,unknown,12,may,66.0,4,-1,0,unknown,no
53.0,management,divorced,tertiary,no,6388.0,yes,no,telephone,23,jul,203.0,2,-1,0,unknown,no
35.0,technician,married,secondary,no,840.0,yes,no,cellular,29,jul,281.0,4,-1,0,unknown,no
25.0,technician,single,secondary,no,1847.0,no,no,cellular,26,may,137.0,2,-1,0,unknown,no
34.0,services,married,secondary,no,40.0,yes,no,cellular,17,jul,302.0,2,-1,0,unknown,no
38.0,self-employed,married,secondary,no,30.0,no,no,unknown,16,jun,91.0,1,-1,0,unknown,no
42.0,management,married,primary,no,860.0,yes,no,unknown,15,may,90.0,3,-1,0,unknown,no
28.0,self-employed,single,secondary,no,123.0,yes,no,unknown,9,may,,1,-1,0,unknown,no
35.0,blue-collar,married,secondary,no,667.0,yes,no,cellular,14,may,10.0,5,324,27,other,no
34.0,admin.,single,secondary,no,601.0,no,no,cellular,17,nov,184.0,3,-1,0,unknown,no
32.0,technician,married,secondary,no,,yes,no,cellular,27,aug,118.0,7,-1,0,unknown,no
38.0,entrepreneur,married,unknown,no,259.0,no,no,cellular,18,nov,63.0,1,-1,0,unknown,no
32.0,management,single,tertiary,no,307.0,no,no,cellular,25,jan,96.0,1,201,3,success,no
41.0,management,married,tertiary,no,-29.0,no,no,cellular,29,jan,41.0,2,266,2,failure,no
41.0,blue-collar,married,secondary,no,849.0,yes,yes,cellular,12,may,100.0,4,-1,0,unknown,no
26.0,management,single,tertiary,no,47.0,yes,no,cellular,18,may,63.0,1,-1,0,unknown,no
60.0,retired,married,tertiary,no,2194.0,yes,no,telephone,20,apr,31.0,3,263,9,failure,no
51.0,services,married,unknown,no,3413.0,no,no,cellular,27,aug,146.0,7,-1,0,unknown,no
24.0,services,single,secondary,no,1299.0,yes,yes,cellular,18,may,113.0,2,-1,0,unknown,no
37.0,blue-collar,married,unknown,no,622.0,yes,no,cellular,11,may,175.0,1,-1,0,unknown,no
44.0,technician,married,secondary,no,1901.0,no,no,cellular,6,aug,165.0,2,-1,0,unknown,no
74.0,retired,divorced,primary,no,166.0,no,no,cellular,13,aug,99.0,1,-1,0,unknown,no
50.0,technician,married,secondary,no,1717.0,no,no,telephone,7,jul,416.0,8,-1,0,unknown,no
31.0,management,single,tertiary,no,-160.0,yes,no,unknown,28,may,202.0,2,-1,0,unknown,no
31.0,admin.,married,secondary,no,89.0,no,no,unknown,7,may,297.0,3,-1,0,unknown,no
25.0,,single,tertiary,no,493.0,yes,no,unknown,4,jun,301.0,1,-1,0,unknown,no
39.0,entrepreneur,married,tertiary,no,2644.0,yes,no,unknown,20,may,253.0,1,-1,0,unknown,no
30.0,management,single,tertiary,no,596.0,no,no,cellular,4,jun,125.0,2,-1,0,unknown,no
60.0,management,married,secondary,no,0.0,no,no,cellular,20,may,321.0,4,87,8,failure,no
48.0,technician,married,secondary,no,606.0,yes,no,cellular,19,aug,231.0,4,-1,0,unknown,no
30.0,entrepreneur,married,secondary,no,-346.0,yes,yes,cellular,22,jul,88.0,1,-1,0,unknown,no
43.0,services,single,secondary,no,550.0,yes,no,cellular,13,may,107.0,2,-1,0,unknown,no
44.0,technician,single,primary,no,237.0,yes,no,cellular,25,jul,54.0,1,-1,0,unknown,no
29.0,blue-collar,single,secondary,no,415.0,no,yes,cellular,28,jan,161.0,1,-1,0,unknown,no
46.0,unemployed,married,secondary,no,-125.0,yes,no,unknown,6,may,23.0,1,-1,0,unknown,no
28.0,blue-collar,single,tertiary,no,1984.0,yes,no,cellular,4,may,32.0,2,14,1,failure,no
34.0,entrepreneur,married,tertiary,no,121.0,yes,no,telephone,18,may,57.0,6,-1,0,unknown,no
42.0,management,divorced,tertiary,no,266.0,no,yes,cellular,28,jan,228.0,1,-1,0,unknown,no
59.0,retired,married,secondary,no,1723.0,no,no,unknown,19,jun,70.0,1,-1,0,unknown,no
27.0,blue-collar,single,secondary,no,1049.0,no,no,telephone,29,jan,389.0,3,-1,0,unknown,no
36.0,blue-collar,married,primary,no,21.0,no,no,telephone,20,nov,35.0,1,-1,0,unknown,no
34.0,blue-collar,single,secondary,no,341.0,yes,no,unknown,8,may,195.0,1,-1,0,unknown,no
30.0,management,married,tertiary,no,233.0,yes,no,unknown,14,may,382.0,10,-1,0,unknown,no
50.0,technician,married,tertiary,no,247.0,no,no,unknown,23,may,173.0,1,-1,0,unknown,no
50.0,technician,married,tertiary,no,3117.0,no,no,cellular,20,nov,,2,164,1,failure,no
45.0,,married,secondary,no,242.0,no,yes,cellular,4,feb,510.0,1,198,4,failure,no
40.0,blue-collar,single,unknown,no,24.0,yes,no,unknown,5,may,185.0,1,-1,0,unknown,no
49.0,management,married,tertiary,no,7007.0,no,no,cellular,17,nov,325.0,2,-1,0,unknown,no
54.0,retired,married,secondary,no,1851.0,no,no,unknown,11,jun,296.0,3,-1,0,unknown,no
31.0,blue-collar,single,secondary,no,,yes,no,telephone,5,feb,58.0,1,269,2,failure,no
35.0,self-employed,married,tertiary,no,1178.0,yes,yes,cellular,15,apr,220.0,2,183,5,failure,no
34.0,blue-collar,married,tertiary,no,748.0,yes,yes,cellular,6,may,161.0,1,-1,0,unknown,no
48.0,admin.,divorced,secondary,no,-407.0,yes,no,cellular,14,may,210.0,2,352,1,failure,no
51.0,blue-collar,married,secondary,no,4695.0,no,no,cellular,29,aug,8.0,10,-1,0,unknown,no
47.0,unemployed,single,tertiary,no,2500.0,no,no,cellular,30,jan,240.0,1,-1,0,unknown,no
45.0,retired,single,secondary,yes,86.0,no,no,cellular,21,nov,64.0,5,-1,0,unknown,no
33.0,management,married,tertiary,no,968.0,no,yes,cellular,28,aug,95.0,10,-1,0,unknown,no
33.0,services,single,secondary,no,192.0,no,no,cellular,24,jul,255.0,1,-1,0,unknown,no
27.0,unemployed,single,primary,no,93.0,no,no,unknown,11,oct,4.0,1,-1,0,unknown,no
47.0,technician,married,secondary,no,0.0,yes,no,cellular,25,may,234.0,1,-1,0,unknown,no
54.0,self-employed,divorced,tertiary,no,0.0,yes,yes,cellular,29,jan,309.0,3,-1,0,unknown,no
37.0,management,married,tertiary,no,-491.0,yes,no,cellular,5,feb,80.0,2,-1,0,unknown,no
43.0,unknown,married,unknown,no,1517.0,no,no,unknown,20,jun,45.0,1,-1,0,unknown,no
49.0,management,married,tertiary,no,0.0,yes,no,cellular,18,nov,102.0,1,-1,0,unknown,no
43.0,unemployed,married,secondary,no,775.0,no,no,cellular,14,aug,98.0,1,106,1,failure,no
27.0,admin.,single,secondary,no,276.0,yes,no,unknown,19,may,311.0,2,-1,0,unknown,no
44.0,services,married,secondary,no,5781.0,yes,yes,cellular,15,may,195.0,1,-1,0,unknown,no
37.0,management,divorced,tertiary,no,0.0,yes,no,cellular,11,may,217.0,6,-1,0,unknown,no
50.0,services,married,secondary,no,901.0,yes,no,unknown,20,jun,8.0,6,-1,0,unknown,no
50.0,entrepreneur,married,primary,no,431.0,yes,no,cellular,20,apr,12.0,5,-1,0,unknown,no
52.0,services,married,primary,no,911.0,no,no,unknown,20,jun,29.0,2,-1,0,unknown,no
26.0,admin.,single,secondary,no,96.0,no,no,cellular,6,may,606.0,1,345,1,failure,no
35.0,technician,married,secondary,no,0.0,yes,yes,cellular,17,nov,199.0,1,-1,0,unknown,no
47.0,services,divorced,secondary,no,-288.0,yes,no,unknown,28,may,107.0,7,-1,0,unknown,no
55.0,services,divorced,primary,no,2923.0,yes,no,unknown,15,may,104.0,2,-1,0,unknown,no
26.0,blue-collar,single,primary,no,16.0,no,yes,cellular,8,jul,249.0,2,-1,0,unknown,no
37.0,self-employed,married,secondary,no,744.0,yes,yes,cellular,21,aug,161.0,3,-1,0,unknown,no
56.0,blue-collar,married,primary,no,551.0,no,no,unknown,29,may,27.0,1,-1,0,unknown,no
33.0,management,married,tertiary,no,322.0,yes,no,cellular,16,apr,77.0,3,-1,0,,no
36.0,blue-collar,married,secondary,no,199.0,yes,no,cellular,9,jul,183.0,1,-1,0,unknown,no
32.0,management,single,tertiary,no,0.0,no,no,cellular,22,aug,360.0,2,-1,0,unknown,no
30.0,technician,single,tertiary,no,-100000.0,no,no,cellular,28,aug,262.0,6,-1,0,unknown,no
39.0,management,single,tertiary,no,633.0,no,no,cellular,19,nov,105.0,2,133,3,failure,no
28.0,management,single,tertiary,no,203.0,no,no,cellular,29,jan,145.0,2,-1,0,unknown,no
36.0,self-employed,single,tertiary,no,583.0,no,no,cellular,30,jan,859.0,1,235,1,other,no
39.0,admin.,single,secondary,no,2749.0,yes,no,cellular,19,nov,128.0,1,-1,0,unknown,no
48.0,management,divorced,secondary,no,769.0,no,yes,cellular,28,jan,58.0,2,184,15,other,no
34.0,blue-collar,married,secondary,no,1924.0,yes,yes,cellular,1,apr,161.0,2,253,1,failure,no
50.0,blue-collar,married,primary,no,1064.0,yes,no,cellular,8,aug,31.0,2,-1,0,unknown,no
26.0,admin.,single,secondary,no,1099.0,no,no,cellular,15,jan,99.0,2,225,13,other,no
35.0,entrepreneur,married,secondary,no,2971.0,no,no,cellular,21,nov,112.0,2,-1,0,unknown,no
44.0,blue-collar,married,primary,no,2657.0,yes,no,unknown,20,jun,202.0,2,-1,0,unknown,no
47.0,management,married,secondary,no,21.0,yes,no,cellular,18,nov,229.0,2,-1,0,,no
62.0,management,married,tertiary,no,0.0,no,no,cellular,13,apr,113.0,3,182,3,failure,no
139.0,management,single,tertiary,no,0.0,no,no,cellular,3,nov,222.0,3,187,3,failure,no
26.0,management,single,tertiary,no,9447.0,no,no,cellular,4,sep,113.0,1,100,2,other,no
88.0,retired,married,secondary,no,433.0,no,no,telephone,15,sep,161.0,1,274,1,failure,no
28.0,technician,single,tertiary,no,375.0,yes,no,cellular,14,may,43.0,1,350,1,other,no
,services,married,secondary,no,2399.0,yes,no,cellular,15,may,303.0,2,351,2,failure,no
25.0,technician,single,tertiary,no,148.0,no,no,cellular,23,jul,421.0,1,-1,0,unknown,no
40.0,entrepreneur,divorced,tertiary,no,224.0,no,no,unknown,20,jun,606.0,1,-1,0,unknown,no
35.0,blue-collar,married,primary,no,147.0,yes,no,cellular,5,may,358.0,1,337,3,failure,no
65.0,retired,divorced,secondary,no,744.0,no,no,cellular,5,jul,182.0,1,-1,0,unknown,no
40.0,self-employed,single,tertiary,no,-94.0,yes,no,cellular,16,jul,90.0,1,-1,0,unknown,no
43.0,management,divorced,,no,9.0,yes,no,cellular,26,aug,89.0,5,401,1,failure,no
29.0,management,single,tertiary,no,1218.0,no,no,cellular,30,jan,258.0,2,-1,0,unknown,no
48.0,management,single,secondary,no,1106.0,no,yes,cellular,8,jul,265.0,1,-1,0,unknown,no
35.0,blue-collar,married,secondary,no,0.0,yes,no,cellular,9,jul,277.0,1,-1,0,unknown,no
30.0,technician,single,secondary,no,167.0,no,no,unknown,14,sep,9.0,1,-1,0,unknown,no
32.0,management,single,tertiary,no,0.0,yes,no,cellular,20,apr,415.0,2,-1,0,unknown,no
,student,married,tertiary,no,324.0,no,no,cellular,25,aug,585.0,4,-1,0,unknown,no
30.0,admin.,single,secondary,no,127.0,yes,no,cellular,18,may,16.0,6,368,1,other,no
24.0,admin.,married,secondary,no,230.0,yes,no,cellular,15,may,73.0,1,-1,0,unknown,no
29.0,technician,married,secondary,no,344.0,yes,yes,unknown,28,may,279.0,2,-1,0,unknown,no
44.0,management,married,tertiary,no,105.0,yes,no,unknown,6,may,1529.0,2,-1,0,unknown,no
42.0,blue-collar,married,secondary,no,634.0,yes,no,cellular,24,jul,256.0,2,-1,0,unknown,no
45.0,housemaid,married,primary,no,317.0,yes,no,cellular,8,apr,325.0,2,-1,0,unknown,no
57.0,housemaid,married,primary,no,2234.0,no,no,unknown,11,jun,201.0,5,-1,0,unknown,no
36.0,blue-collar,married,primary,no,223.0,yes,no,unknown,14,jul,12.0,3,-1,0,unknown,no
49.0,technician,married,primary,no,230.0,yes,no,unknown,8,may,96.0,1,-1,0,unknown,no
30.0,technician,single,tertiary,no,0.0,no,no,cellular,15,sep,214.0,2,-1,0,unknown,no
48.0,management,divorced,tertiary,no,313.0,no,no,cellular,8,may,208.0,1,-1,0,unknown,no
32.0,services,married,secondary,no,289.0,yes,no,cellular,2,feb,63.0,1,257,2,failure,no
35.0,technician,married,secondary,no,0.0,yes,no,cellular,6,apr,139.0,1,-1,0,unknown,no
40.0,entrepreneur,married,primary,no,3676.0,yes,yes,unknown,15,may,101.0,1,-1,0,unknown,no
32.0,housemaid,married,primary,no,-184.0,yes,no,cellular,6,feb,129.0,2,197,1,failure,no
37.0,admin.,single,tertiary,no,3954.0,yes,no,cellular,12,aug,,1,117,2,failure,no
37.0,management,married,tertiary,no,2951.0,no,no,cellular,21,nov,101.0,3,-1,0,unknown,no
43.0,management,married,tertiary,no,78.0,yes,no,cellular,21,nov,36.0,1,109,1,other,no
48.0,technician,married,secondary,no,1526.0,no,no,cellular,6,aug,273.0,2,-1,0,unknown,no
36.0,technician,married,secondary,no,0.0,yes,no,cellular,21,jul,193.0,5,-1,0,unknown,no
33.0,unemployed,single,secondary,no,233.0,yes,no,unknown,8,may,221.0,4,-1,0,unknown,no
33.0,management,married,secondary,no,67.0,yes,yes,unknown,23,may,316.0,4,-1,0,unknown,no
36.0,services,single,primary,no,38.0,no,no,unknown,6,jun,308.0,4,-1,0,unknown,no
65.0,retired,married,tertiary,no,1948.0,no,no,cellular,2,feb,102.0,2,-1,0,unknown,no
50.0,housemaid,married,primary,no,5296.0,no,no,cellular,19,nov,64.0,7,-1,0,unknown,no
34.0,management,single,tertiary,no,612.0,no,no,cellular,30,apr,,1,-1,0,unknown,no
35.0,entrepreneur,married,secondary,no,4872.0,yes,no,cellular,15,may,34.0,3,-1,0,unknown,no
32.0,management,single,tertiary,no,131.0,yes,no,cellular,11,aug,112.0,1,81,1,other,no
34.0,technician,single,secondary,no,4943.0,yes,yes,cellular,19,nov,117.0,2,-1,0,unknown,no
34.0,blue-collar,married,secondary,no,-257.0,yes,no,cellular,15,may,160.0,1,368,4,failure,no
33.0,blue-collar,married,primary,no,331.0,yes,no,unknown,30,may,139.0,3,-1,0,unknown,no
45.0,blue-collar,married,secondary,no,105.0,yes,yes,unknown,13,may,119.0,1,-1,0,unknown,no
35.0,blue-collar,married,secondary,no,1160.0,no,yes,telephone,19,nov,62.0,1,-1,0,unknown,no
53.0,technician,married,secondary,no,4930.0,no,yes,cellular,2,feb,228.0,2,-1,0,unknown,no
39.0,services,divorced,primary,no,471.0,yes,no,unknown,6,may,161.0,2,-1,0,unknown,no
38.0,blue-collar,married,secondary,no,35.0,yes,no,unknown,28,may,130.0,2,-1,0,unknown,no
35.0,management,single,tertiary,no,,yes,no,cellular,22,oct,422.0,1,175,4,success,no
52.0,blue-collar,married,secondary,no,5275.0,no,yes,cellular,22,jul,1029.0,3,-1,0,unknown,no
30.0,technician,single,secondary,no,728.0,yes,no,cellular,5,feb,393.0,1,261,1,other,no
37.0,self-employed,married,tertiary,no,0.0,no,no,unknown,6,jun,143.0,1,-1,0,unknown,no
33.0,self-employed,married,tertiary,no,263.0,no,no,cellular,16,nov,79.0,4,94,3,failure,no
52.0,management,married,tertiary,no,601.0,yes,no,unknown,14,may,249.0,2,-1,0,unknown,no
29.0,admin.,married,secondary,no,6429.0,yes,yes,cellular,14,may,535.0,1,352,2,failure,no
28.0,admin.,single,secondary,no,1076.0,yes,no,unknown,2,jun,537.0,5,-1,0,unknown,no
37.0,blue-collar,married,secondary,no,-57.0,yes,yes,cellular,7,may,55.0,5,-1,0,unknown,no
33.0,admin.,single,tertiary,no,2.0,no,no,cellular,29,jan,132.0,2,-1,0,unknown,no
32.0,technician,married,tertiary,no,514.0,yes,no,unknown,20,may,414.0,2,-1,0,unknown,no
25.0,blue-collar,single,secondary,no,-375.0,yes,no,cellular,14,jul,61.0,2,-1,0,unknown,no
37.0,technician,married,secondary,no,28.0,no,no,cellular,21,aug,101.0,2,-1,0,unknown,no
34.0,management,single,tertiary,no,404.0,yes,no,cellular,5,feb,10.0,6,-1,0,unknown,no
40.0,unemployed,married,secondary,no,3430.0,yes,no,cellular,20,nov,1855.0,3,-1,0,unknown,no
40.0,management,married,secondary,no,99.0,no,no,cellular,9,feb,15.0,5,-1,0,unknown,no
38.0,services,married,secondary,no,2669.0,yes,no,cellular,20,apr,208.0,2,-1,0,unknown,no
39.0,management,single,tertiary,no,202.0,yes,no,cellular,12,may,59.0,1,301,1,other,no
37.0,management,single,unknown,no,715.0,yes,no,unknown,20,may,247.0,2,-1,0,unknown,no
35.0,blue-collar,married,secondary,no,674.0,yes,no,unknown,30,may,274.0,2,-1,0,unknown,no
33.0,management,single,tertiary,no,312.0,no,no,cellular,11,aug,271.0,1,369,3,failure,no
38.0,management,married,tertiary,no,1463.0,yes,no,cellular,25,aug,425.0,4,-1,0,unknown,no
37.0,management,married,tertiary,no,789.0,yes,yes,cellular,11,aug,93.0,1,190,2,other,no
29.0,unemployed,single,tertiary,no,7.0,no,no,cellular,6,may,51.0,1,179,1,failure,no
42.0,services,married,primary,no,473.0,yes,no,cellular,30,jan,54.0,1,-1,0,unknown,no
45.0,management,divorced,tertiary,no,3150.0,yes,no,cellular,17,nov,101.0,2,-1,0,unknown,no
42.0,services,married,tertiary,no,12223.0,yes,no,cellular,19,nov,36.0,1,-1,0,,no
33.0,blue-collar,married,secondary,no,1541.0,yes,no,unknown,23,may,423.0,2,-1,0,unknown,no
35.0,blue-collar,single,secondary,no,142.0,yes,no,cellular,7,may,266.0,2,168,1,failure,no
30.0,technician,single,tertiary,no,3.0,yes,no,unknown,7,may,174.0,1,-1,0,unknown,no
31.0,blue-collar,single,secondary,no,1207.0,yes,no,cellular,17,apr,163.0,2,-1,0,unknown,no
45.0,technician,married,secondary,no,351.0,yes,no,telephone,29,aug,18.0,2,-1,0,unknown,no
44.0,admin.,divorced,secondary,no,777.0,yes,no,cellular,18,may,517.0,3,350,2,failure,no
31.0,services,married,primary,no,997.0,yes,no,cellular,3,feb,256.0,1,190,3,failure,no
30.0,admin.,married,secondary,no,15.0,yes,no,unknown,9,may,257.0,1,-1,0,unknown,no
54.0,management,married,tertiary,no,2819.0,no,no,cellular,7,aug,123.0,3,-1,0,unknown,no
35.0,blue-collar,married,secondary,no,126.0,yes,no,cellular,16,apr,472.0,1,-1,0,unknown,no
36.0,admin.,married,secondary,no,953.0,yes,no,cellular,17,feb,38.0,1,-1,0,unknown,no
55.0,housemaid,married,primary,no,10.0,no,no,cellular,4,feb,174.0,3,-1,0,unknown,no
45.0,management,married,tertiary,yes,-577.0,yes,yes,cellular,24,jul,204.0,1,-1,0,unknown,no
30.0,unemployed,single,tertiary,no,1159.0,no,no,cellular,12,aug,,1,68,1,success,no
57.0,unemployed,married,secondary,no,1350.0,no,no,cellular,25,jun,131.0,1,388,1,failure,no
59.0,housemaid,married,primary,no,88.0,yes,no,cellular,28,jul,63.0,5,-1,0,unknown,no
47.0,blue-collar,married,primary,no,-245.0,yes,yes,unknown,12,jun,67.0,4,-1,0,unknown,no
34.0,technician,single,secondary,no,161.0,no,yes,cellular,8,aug,61.0,2,-1,0,unknown,no
46.0,unemployed,divorced,secondary,no,41.0,yes,no,unknown,12,may,249.0,4,-1,0,unknown,no
56.0,services,divorced,secondary,no,450.0,no,no,unknown,9,jun,47.0,1,-1,0,unknown,no
24.0,student,single,unknown,no,782.0,no,no,cellular,4,may,12.0,7,91,1,other,no
40.0,admin.,married,secondary,no,-666.0,yes,no,unknown,27,may,107.0,2,-1,0,unknown,no
50.0,management,married,tertiary,no,-151.0,yes,no,cellular,18,nov,63.0,2,-1,0,unknown,no
31.0,blue-collar,married,primary,no,55.0,yes,yes,cellular,17,apr,340.0,2,-1,0,unknown,no
37.0,management,married,tertiary,no,-666.0,yes,no,cellular,18,nov,204.0,2,-1,0,unknown,no
45.0,blue-collar,married,secondary,no,87.0,yes,no,cellular,14,may,96.0,1,360,3,failure,no
45.0,management,married,primary,no,4629.0,no,no,telephone,2,apr,285.0,2,-1,0,unknown,no
36.0,blue-collar,single,primary,no,2176.0,yes,no,unknown,28,may,52.0,2,-1,0,unknown,no
57.0,management,married,,no,3431.0,yes,no,cellular,21,nov,55.0,2,189,1,failure,no
39.0,management,married,tertiary,no,208.0,no,no,cellular,20,aug,170.0,4,-1,0,unknown,no
47.0,services,married,secondary,no,0.0,yes,no,cellular,9,jul,173.0,1,-1,0,unknown,no
44.0,services,divorced,secondary,no,240.0,yes,no,unknown,8,may,155.0,2,-1,0,unknown,no
39.0,admin.,married,secondary,no,1388.0,yes,no,cellular,15,jul,150.0,5,-1,0,unknown,no
40.0,services,married,secondary,no,5807.0,yes,no,unknown,20,jun,98.0,1,-1,0,unknown,no
48.0,management,divorced,secondary,no,17.0,yes,no,cellular,17,nov,195.0,1,-1,0,unknown,no
56.0,services,married,secondary,no,0.0,no,no,cellular,13,aug,112.0,4,-1,0,unknown,no
50.0,blue-collar,single,primary,no,1743.0,yes,no,unknown,6,jun,49.0,5,-1,0,unknown,no
29.0,services,single,secondary,no,1008.0,yes,no,unknown,23,may,426.0,9,-1,0,unknown,no
33.0,technician,single,secondary,no,151.0,yes,no,cellular,20,apr,104.0,3,236,6,failure,no
57.0,blue-collar,married,unknown,no,3196.0,no,no,cellular,28,aug,161.0,4,-1,0,unknown,no
54.0,management,married,tertiary,no,1411.0,no,no,cellular,12,aug,56.0,2,-1,0,unknown,no
64.0,retired,divorced,secondary,no,630.0,no,no,cellular,21,aug,97.0,1,-1,0,unknown,no
,retired,married,primary,no,0.0,yes,yes,telephone,18,aug,280.0,13,-1,0,unknown,no
36.0,blue-collar,married,secondary,no,561.0,yes,no,unknown,9,jun,198.0,2,-1,0,unknown,no
50.0,management,married,secondary,no,0.0,yes,no,unknown,14,may,94.0,4,-1,0,unknown,no
30.0,technician,single,secondary,no,281.0,no,no,,12,aug,105.0,2,-1,0,unknown,no
40.0,technician,married,secondary,no,40.0,yes,no,cellular,21,nov,73.0,1,-1,0,unknown,no
40.0,management,married,tertiary,no,0.0,no,no,cellular,14,jul,109.0,8,-1,0,unknown,no
30.0,admin.,divorced,primary,no,1032.0,yes,no,unknown,29,may,52.0,5,-1,0,unknown,no
55.0,management,divorced,tertiary,no,-207.0,no,no,cellular,2,feb,211.0,1,-1,0,unknown,no
59.0,housemaid,married,primary,no,235.0,no,no,cellular,13,aug,119.0,2,-1,0,unknown,no
37.0,admin.,married,tertiary,no,0.0,yes,no,cellular,17,nov,65.0,2,119,1,failure,no
53.0,services,married,secondary,no,367.0,yes,yes,cellular,29,jan,155.0,1,261,2,failure,no
56.0,management,married,tertiary,no,505.0,yes,yes,cellular,5,may,221.0,1,169,3,failure,no
33.0,services,married,secondary,no,804.0,yes,yes,unknown,8,may,266.0,1,-1,0,unknown,no
49.0,services,married,secondary,no,-301.0,yes,no,cellular,12,may,187.0,4,-1,0,unknown,no
47.0,technician,married,tertiary,yes,-813.0,yes,yes,,16,jun,179.0,25,-1,0,unknown,no
34.0,admin.,married,secondary,no,79.0,yes,no,unknown,23,may,83.0,1,-1,0,unknown,no
33.0,blue-collar,married,primary,no,50.0,yes,no,cellular,7,may,246.0,2,-1,0,unknown,no
31.0,blue-collar,single,secondary,no,1205.0,yes,no,cellular,16,apr,462.0,1,328,2,other,no
44.0,technician,single,secondary,no,365.0,yes,no,unknown,8,may,169.0,2,-1,0,unknown,no
50.0,admin.,married,secondary,no,-1415.0,no,no,cellular,19,aug,358.0,2,-1,0,unknown,no
39.0,admin.,single,secondary,no,223.0,no,no,cellular,4,feb,277.0,1,-1,0,unknown,no
41.0,management,married,tertiary,no,1897.0,yes,no,unknown,19,may,335.0,3,-1,0,unknown,no
33.0,management,married,tertiary,no,22867.0,yes,no,cellular,10,aug,73.0,1,440,2,failure,no
40.0,housemaid,married,secondary,no,949.0,no,no,cellular,8,aug,182.0,1,-1,0,unknown,no
42.0,services,married,secondary,no,1165.0,yes,no,cellular,18,may,485.0,6,-1,0,unknown,no
37.0,management,divorced,secondary,no,1655.0,yes,no,cellular,12,may,178.0,1,175,2,failure,no
56.0,blue-collar,married,unknown,no,260.0,yes,no,telephone,30,jul,250.0,2,-1,0,unknown,no
49.0,blue-collar,divorced,primary,no,0.0,yes,no,cellular,29,jul,468.0,2,-1,0,unknown,no
35.0,entrepreneur,single,tertiary,no,-880.0,no,yes,cellular,24,jul,77.0,3,-1,0,unknown,no
41.0,management,divorced,tertiary,no,107.0,yes,no,cellular,17,jul,122.0,17,-1,0,unknown,no
52.0,blue-collar,married,primary,no,1624.0,no,no,unknown,20,jun,114.0,3,-1,0,unknown,no
33.0,technician,single,tertiary,no,1257.0,yes,no,cellular,22,jul,66.0,1,-1,0,unknown,no
40.0,admin.,single,unknown,no,355.0,yes,no,cellular,7,apr,345.0,2,138,6,other,no
44.0,blue-collar,divorced,secondary,no,579.0,yes,no,unknown,6,may,198.0,2,-1,0,unknown,no
,blue-collar,married,secondary,no,1403.0,no,no,cellular,11,may,214.0,8,326,2,failure,no
39.0,blue-collar,married,primary,no,-176.0,no,no,cellular,9,jul,176.0,1,-1,0,unknown,no
28.0,management,single,secondary,no,-513.0,no,yes,cellular,29,jul,95.0,8,-1,0,unknown,no
45.0,technician,single,secondary,no,586.0,no,yes,cellular,28,jul,32.0,3,-1,0,unknown,no
63.0,retired,divorced,primary,no,1840.0,no,no,cellular,12,mar,71.0,3,-1,0,unknown,no
32.0,technician,single,tertiary,no,720.0,no,no,cellular,12,aug,234.0,4,-1,0,unknown,no
28.0,blue-collar,single,secondary,no,97.0,yes,no,unknown,7,may,67.0,1,-1,0,unknown,no
36.0,management,single,tertiary,no,13.0,no,yes,cellular,18,nov,106.0,1,-1,0,unknown,no
34.0,admin.,divorced,secondary,no,140.0,yes,no,cellular,8,may,81.0,2,365,1,failure,no
45.0,blue-collar,married,secondary,no,521.0,yes,no,unknown,17,jun,259.0,3,-1,0,unknown,no
30.0,blue-collar,married,secondary,no,364.0,yes,yes,cellular,4,feb,331.0,1,-1,0,unknown,no
59.0,blue-collar,married,primary,no,416.0,no,no,unknown,16,jun,92.0,3,-1,0,unknown,no
54.0,housemaid,married,primary,no,3304.0,no,yes,cellular,25,jul,90.0,7,-1,0,unknown,no
47.0,unknown,married,unknown,no,1880.0,no,no,unknown,18,jun,64.0,2,-1,0,unknown,no
41.0,admin.,single,tertiary,no,982.0,no,no,cellular,23,jul,105.0,1,-1,0,unknown,no
35.0,technician,divorced,secondary,no,0.0,no,no,cellular,25,aug,124.0,4,-1,0,unknown,no
38.0,services,married,secondary,no,173.0,yes,no,unknown,20,may,130.0,2,-1,0,unknown,no
36.0,technician,married,tertiary,no,911.0,yes,yes,cellular,4,may,275.0,3,-1,0,unknown,no
39.0,admin.,single,unknown,no,0.0,yes,no,cellular,11,may,62.0,1,-1,0,unknown,no
48.0,management,divorced,unknown,no,549.0,yes,no,unknown,6,may,427.0,1,-1,0,unknown,no
42.0,blue-collar,married,primary,no,704.0,yes,yes,telephone,31,jul,88.0,10,-1,0,unknown,no
24.0,blue-collar,single,secondary,no,476.0,yes,no,unknown,4,jun,161.0,1,-1,0,unknown,no
57.0,retired,married,secondary,no,3738.0,yes,no,cellular,19,apr,220.0,1,367,7,success,no
35.0,unknown,married,primary,no,634.0,no,no,cellular,7,jul,185.0,2,-1,0,unknown,no
32.0,management,single,tertiary,no,1134.0,no,no,cellular,28,aug,85.0,4,-1,0,unknown,no
26.0,blue-collar,single,secondary,no,-128.0,no,yes,cellular,8,jul,392.0,2,-1,0,unknown,no
27.0,technician,married,secondary,no,7102.0,yes,no,unknown,30,may,141.0,9,-1,0,unknown,no
47.0,entrepreneur,divorced,secondary,no,186.0,no,no,cellular,2,feb,112.0,2,-1,0,unknown,no
32.0,blue-collar,single,primary,no,1918.0,yes,no,cellular,8,may,318.0,1,172,1,failure,no
48.0,self-employed,single,unknown,no,0.0,no,no,unknown,18,jun,453.0,1,-1,0,unknown,no
43.0,blue-collar,married,primary,no,250.0,yes,no,cellular,12,may,144.0,5,342,16,failure,no
30.0,student,single,tertiary,no,31.0,yes,no,cellular,14,may,23.0,1,-1,0,unknown,no
28.0,technician,single,secondary,no,631.0,no,no,cellular,29,apr,835.0,7,-1,0,unknown,no
32.0,management,married,tertiary,no,62.0,yes,no,cellular,14,may,166.0,1,-1,0,unknown,no
26.0,self-employed,married,tertiary,no,479.0,yes,no,cellular,9,feb,133.0,3,-1,0,unknown,no
38.0,blue-collar,single,secondary,no,1121.0,no,no,unknown,18,jun,203.0,1,-1,0,unknown,no
30.0,services,single,unknown,no,138.0,yes,no,cellular,20,apr,187.0,1,-1,0,unknown,no
33.0,management,single,tertiary,no,0.0,yes,no,telephone,5,may,399.0,2,358,5,other,no
37.0,services,divorced,secondary,no,239.0,yes,no,unknown,23,may,140.0,2,-1,0,unknown,no
47.0,management,married,tertiary,no,866.0,no,no,unknown,20,jun,7.0,7,-1,0,unknown,no
36.0,technician,married,secondary,no,1466.0,yes,no,unknown,29,may,441.0,1,-1,0,unknown,no
48.0,housemaid,married,secondary,no,3570.0,no,no,cellular,5,jun,58.0,2,-1,0,unknown,no
47.0,technician,divorced,secondary,no,440.0,no,no,cellular,29,jan,147.0,1,-1,0,unknown,no
34.0,entrepreneur,single,tertiary,no,714.0,yes,no,unknown,12,may,166.0,4,-1,0,unknown,no
28.0,blue-collar,married,primary,no,674.0,yes,no,telephone,14,may,921.0,4,-1,0,unknown,no
54.0,housemaid,married,primary,no,127.0,no,no,cellular,19,aug,176.0,4,-1,0,unknown,no
33.0,management,married,secondary,no,588.0,yes,no,cellular,18,may,11.0,5,-1,0,unknown,no
41.0,entrepreneur,divorced,tertiary,no,-413.0,yes,no,unknown,8,may,170.0,2,-1,0,unknown,no
41.0,admin.,single,secondary,no,882.0,yes,yes,unknown,28,may,145.0,2,-1,0,unknown,no
42.0,management,married,tertiary,no,877.0,yes,no,unknown,14,may,238.0,1,-1,0,unknown,no
32.0,admin.,married,secondary,no,337.0,no,no,cellular,15,may,51.0,3,368,1,failure,no
47.0,self-employed,married,tertiary,no,192.0,no,no,telephone,30,jul,120.0,6,-1,0,unknown,no
36.0,technician,married,primary,no,3350.0,yes,no,cellular,16,apr,86.0,1,269,3,other,no
34.0,management,married,tertiary,no,99.0,no,yes,cellular,3,feb,264.0,2,-1,0,unknown,no
36.0,management,married,tertiary,no,806.0,yes,no,cellular,3,feb,106.0,2,259,1,failure,no
50.0,management,married,tertiary,no,6739.0,yes,no,cellular,14,jul,68.0,3,-1,0,unknown,no
53.0,admin.,married,primary,no,228.0,yes,no,unknown,16,may,97.0,1,-1,0,unknown,no
49.0,blue-collar,married,primary,no,-232.0,no,yes,cellular,11,aug,106.0,2,-1,0,unknown,no
39.0,technician,single,secondary,no,556.0,yes,no,unknown,29,may,322.0,1,-1,0,unknown,no
47.0,management,married,tertiary,no,761.0,yes,no,cellular,11,jul,80.0,2,-1,0,unknown,no
57.0,retired,married,primary,no,207.0,yes,no,unknown,8,may,193.0,1,-1,0,unknown,no
30.0,unemployed,married,secondary,no,221.0,no,no,cellular,8,aug,61.0,4,-1,0,unknown,no
54.0,admin.,married,secondary,no,865.0,yes,no,cellular,17,nov,71.0,1,-1,0,unknown,no
35.0,management,single,tertiary,no,0.0,no,no,cellular,18,aug,276.0,5,-1,0,unknown,no
47.0,technician,divorced,secondary,no,1851.0,yes,no,unknown,19,may,140.0,2,-1,0,unknown,no
38.0,entrepreneur,married,secondary,no,-272.0,no,yes,unknown,17,jun,143.0,2,-1,0,unknown,no
40.0,admin.,married,secondary,no,367.0,yes,no,telephone,5,feb,89.0,1,274,1,failure,no
51.0,blue-collar,married,primary,no,0.0,no,no,cellular,20,nov,85.0,1,-1,0,unknown,no
51.0,blue-collar,married,primary,no,230.0,yes,no,unknown,6,may,673.0,1,-1,0,unknown,no
57.0,housemaid,married,primary,no,0.0,no,no,cellular,13,aug,189.0,2,-1,0,unknown,no
41.0,blue-collar,married,secondary,no,1954.0,no,no,cellular,18,nov,65.0,1,110,2,success,no
31.0,entrepreneur,single,secondary,no,379.0,yes,no,cellular,18,jul,570.0,2,-1,0,unknown,no
59.0,retired,single,secondary,yes,-341.0,no,yes,cellular,14,jul,94.0,3,-1,0,unknown,no
26.0,services,single,primary,no,179.0,yes,yes,cellular,28,jul,333.0,4,-1,0,unknown,no
41.0,technician,married,tertiary,no,13.0,no,no,unknown,5,jun,189.0,2,-1,0,unknown,no
39.0,management,married,tertiary,no,839.0,no,yes,cellular,11,oct,365.0,2,774,11,failure,no
25.0,blue-collar,single,secondary,no,192.0,no,no,telephone,4,jul,112.0,2,-1,0,unknown,no
33.0,management,single,tertiary,no,576.0,no,no,cellular,25,may,220.0,1,111,2,other,no
35.0,management,single,tertiary,no,643.0,yes,no,unknown,23,may,322.0,1,-1,0,unknown,no
49.0,management,married,tertiary,no,342.0,no,no,cellular,30,jan,433.0,2,228,1,failure,no
31.0,blue-collar,married,secondary,no,1329.0,yes,yes,unknown,9,may,,1,-1,0,unknown,no
40.0,unemployed,married,secondary,no,219.0,yes,no,unknown,5,may,357.0,1,-1,0,unknown,no
32.0,management,married,tertiary,no,,yes,no,cellular,4,may,78.0,3,89,9,success,no
42.0,blue-collar,married,primary,no,402.0,no,no,cellular,13,may,31.0,7,330,17,failure,no
33.0,technician,married,tertiary,no,8023.0,no,no,cellular,30,nov,107.0,1,105,3,failure,no
48.0,admin.,married,secondary,no,1131.0,no,yes,cellular,8,may,49.0,1,-1,0,unknown,no
28.0,student,single,secondary,no,1925.0,no,no,cellular,26,feb,139.0,1,93,3,success,no
43.0,blue-collar,single,primary,no,0.0,no,no,unknown,9,may,71.0,3,-1,0,unknown,no
30.0,blue-collar,single,secondary,no,103.0,yes,no,cellular,17,apr,2053.0,2,317,1,other,no
41.0,admin.,married,secondary,no,1395.0,yes,yes,cellular,11,may,85.0,1,308,2,failure,no
55.0,management,married,primary,no,621.0,no,yes,cellular,2,feb,114.0,1,208,1,failure,no
55.0,management,married,tertiary,no,1161.0,yes,no,cellular,20,nov,8.0,6,-1,0,unknown,no
54.0,management,married,unknown,no,24.0,no,no,cellular,31,jul,12.0,10,-1,0,unknown,no
55.0,retired,married,primary,no,2.0,no,no,unknown,27,jun,392.0,4,-1,0,unknown,no
57.0,technician,married,,no,295.0,no,no,cellular,19,aug,151.0,11,-1,0,unknown,no
27.0,blue-collar,single,secondary,no,-208.0,yes,no,unknown,21,may,127.0,2,-1,0,unknown,no
28.0,management,married,tertiary,no,258.0,no,yes,cellular,17,apr,93.0,1,-1,0,unknown,no
51.0,management,divorced,tertiary,no,119.0,no,no,cellular,17,nov,200.0,1,165,2,failure,no
27.0,management,single,secondary,no,967.0,yes,no,unknown,21,may,162.0,1,-1,0,unknown,no
40.0,blue-collar,divorced,secondary,no,-90.0,yes,no,unknown,28,may,130.0,1,-1,0,unknown,no
56.0,retired,married,secondary,no,0.0,no,no,cellular,26,jan,413.0,2,-1,0,unknown,no
35.0,services,married,secondary,no,0.0,yes,no,cellular,30,jul,251.0,3,-1,0,unknown,no
47.0,entrepreneur,divorced,secondary,no,392.0,yes,yes,cellular,19,nov,125.0,1,-1,0,unknown,no
49.0,blue-collar,married,primary,no,23.0,yes,no,unknown,23,may,247.0,1,-1,0,unknown,no
35.0,management,single,tertiary,no,2486.0,yes,no,cellular,25,may,265.0,1,-1,0,unknown,no
50.0,admin.,divorced,secondary,no,81.0,no,yes,cellular,21,nov,64.0,1,-1,0,unknown,no
55.0,housemaid,married,primary,no,,yes,no,cellular,17,nov,128.0,2,-1,0,unknown,no
56.0,blue-collar,married,secondary,no,1602.0,yes,no,unknown,6,may,427.0,1,-1,0,unknown,no
35.0,technician,single,secondary,no,2144.0,yes,no,unknown,13,may,188.0,2,-1,0,unknown,no
42.0,blue-collar,married,secondary,no,273.0,no,no,unknown,12,jun,315.0,1,-1,0,unknown,no
34.0,blue-collar,married,primary,no,455.0,yes,no,unknown,20,jun,372.0,3,-1,0,unknown,no
40.0,services,single,secondary,no,1038.0,no,no,unknown,5,jun,741.0,1,-1,0,unknown,no
33.0,services,married,secondary,no,-384.0,yes,no,cellular,9,jul,125.0,1,-1,0,unknown,no
33.0,management,married,tertiary,no,307.0,no,no,unknown,16,may,806.0,4,-1,0,unknown,no
59.0,,divorced,secondary,no,93.0,no,no,,26,may,193.0,2,-1,0,unknown,no
51.0,housemaid,divorced,primary,no,127.0,no,no,unknown,13,sep,69.0,1,-1,0,unknown,no
47.0,services,married,secondary,no,-150.0,no,no,cellular,14,aug,52.0,4,-1,0,unknown,no
48.0,management,married,tertiary,no,20718.0,yes,no,unknown,14,may,125.0,1,-1,0,unknown,no
31.0,admin.,single,tertiary,no,-218.0,yes,no,unknown,2,jun,227.0,15,-1,0,unknown,no
39.0,blue-collar,married,secondary,no,5222.0,yes,no,cellular,21,nov,239.0,2,177,1,failure,no
52.0,admin.,married,secondary,no,484.0,yes,no,unknown,6,may,128.0,1,-1,0,unknown,no
28.0,technician,single,tertiary,no,75.0,yes,yes,cellular,5,may,233.0,2,-1,0,unknown,no
56.0,technician,divorced,secondary,no,1480.0,yes,yes,cellular,5,feb,576.0,1,-1,0,unknown,no
47.0,services,married,secondary,no,1111.0,no,no,unknown,20,jun,415.0,4,-1,0,unknown,no
77.0,retired,divorced,primary,no,,no,no,telephone,16,apr,127.0,7,-1,0,unknown,no
39.0,blue-collar,single,secondary,no,29.0,yes,no,unknown,7,may,214.0,2,-1,0,unknown,no
31.0,services,single,secondary,no,6374.0,yes,no,unknown,23,may,922.0,2,-1,0,unknown,no
39.0,management,married,secondary,no,363.0,yes,yes,cellular,17,jul,184.0,1,-1,0,unknown,no
32.0,blue-collar,married,primary,no,-94.0,yes,yes,cellular,11,may,308.0,1,-1,0,unknown,no
59.0,admin.,married,secondary,no,92.0,yes,no,cellular,12,may,139.0,2,350,1,failure,no
42.0,unknown,married,unknown,no,222.0,no,no,cellular,26,aug,80.0,16,-1,0,unknown,no
50.0,technician,married,primary,no,249.0,yes,no,unknown,6,may,129.0,1,-1,0,unknown,no
44.0,services,married,secondary,no,1450.0,yes,no,cellular,14,apr,356.0,1,314,2,failure,no
47.0,housemaid,married,tertiary,no,2290.0,no,no,cellular,15,apr,54.0,1,-1,0,unknown,no
51.0,technician,married,tertiary,no,0.0,no,no,telephone,17,nov,81.0,1,-1,0,unknown,no
34.0,technician,married,secondary,no,,no,no,cellular,12,nov,319.0,1,100,6,failure,no
36.0,management,married,primary,no,3953.0,yes,no,cellular,19,nov,277.0,1,-1,0,unknown,no
32.0,blue-collar,single,primary,no,1426.0,yes,no,cellular,20,nov,114.0,1,-1,0,unknown,no
28.0,blue-collar,single,secondary,no,53.0,yes,no,cellular,13,may,93.0,1,-1,0,unknown,no
34.0,management,married,tertiary,no,160.0,yes,yes,cellular,15,jul,130.0,1,-1,0,unknown,no
40.0,management,single,tertiary,no,171.0,no,no,cellular,19,aug,1241.0,3,-1,0,unknown,no
49.0,management,married,tertiary,no,3237.0,yes,no,unknown,5,may,232.0,3,-1,0,unknown,no
30.0,self-employed,single,secondary,no,192.0,no,no,cellular,22,jul,423.0,1,-1,0,unknown,no
56.0,self-employed,married,tertiary,yes,0.0,no,no,cellular,19,nov,122.0,1,-1,0,unknown,no
,management,single,tertiary,no,385.0,no,yes,cellular,9,feb,79.0,4,193,7,failure,no
31.0,blue-collar,married,secondary,no,2591.0,yes,no,cellular,20,nov,55.0,1,-1,0,unknown,no
28.0,blue-collar,single,secondary,no,39.0,no,no,cellular,31,jul,22.0,7,-1,0,unknown,no
53.0,technician,married,primary,no,44.0,no,no,unknown,6,jun,256.0,1,-1,0,unknown,no
38.0,management,married,tertiary,no,5432.0,yes,yes,cellular,17,apr,707.0,1,149,2,failure,no
54.0,retired,divorced,tertiary,no,349.0,yes,no,cellular,12,may,176.0,2,175,1,failure,no
36.0,management,single,tertiary,no,20.0,yes,no,cellular,20,apr,766.0,2,150,3,other,no
60.0,retired,divorced,tertiary,no,381.0,yes,no,cellular,17,apr,208.0,2,344,4,failure,no
40.0,management,married,secondary,no,4025.0,yes,no,cellular,15,jul,107.0,4,-1,0,unknown,no
50.0,admin.,single,secondary,no,167.0,no,yes,cellular,28,jul,201.0,3,-1,0,unknown,no
28.0,management,single,tertiary,no,278.0,no,yes,cellular,29,jan,194.0,1,-1,0,unknown,no
33.0,blue-collar,married,secondary,no,263.0,yes,no,unknown,21,may,206.0,3,-1,0,unknown,no
53.0,retired,married,secondary,no,4968.0,no,no,cellular,6,may,109.0,1,87,2,failure,no
38.0,technician,married,secondary,no,581.0,yes,no,unknown,6,may,79.0,1,-1,0,unknown,no
34.0,management,single,tertiary,no,682.0,no,no,cellular,27,aug,472.0,3,-1,0,unknown,no
41.0,unknown,married,unknown,no,779.0,no,no,cellular,30,jul,647.0,10,-1,0,unknown,no
64.0,retired,married,tertiary,no,2139.0,no,no,cellular,14,oct,632.0,2,-1,0,unknown,no
45.0,management,married,secondary,no,5888.0,yes,no,unknown,26,may,45.0,5,-1,0,unknown,no
38.0,technician,married,secondary,no,0.0,yes,yes,cellular,15,jul,146.0,4,-1,0,unknown,no
57.0,management,married,tertiary,no,3431.0,yes,no,unknown,16,may,73.0,1,-1,0,unknown,no
34.0,management,married,tertiary,no,188.0,no,no,cellular,5,may,399.0,1,-1,0,unknown,no
36.0,blue-collar,single,primary,no,3214.0,yes,no,unknown,16,jun,124.0,2,-1,0,unknown,no
30.0,admin.,married,secondary,no,873.0,yes,no,telephone,12,nov,119.0,1,167,3,success,no
32.0,blue-collar,married,secondary,no,-32.0,yes,no,cellular,12,may,145.0,1,-1,0,unknown,no
42.0,blue-collar,married,secondary,no,1958.0,yes,no,unknown,30,may,124.0,3,-1,0,unknown,no
35.0,admin.,married,secondary,yes,76.0,no,yes,unknown,17,jun,107.0,1,-1,0,unknown,no
42.0,technician,married,secondary,no,1013.0,no,yes,cellular,28,aug,117.0,8,-1,0,unknown,no
50.0,entrepreneur,married,secondary,no,2731.0,no,no,cellular,8,aug,111.0,2,-1,0,unknown,no
38.0,management,married,secondary,no,93.0,no,no,unknown,3,jul,515.0,2,-1,0,unknown,no
38.0,self-employed,married,secondary,no,173.0,no,no,cellular,18,aug,205.0,4,-1,0,unknown,no
55.0,management,married,primary,no,384.0,no,no,telephone,4,feb,75.0,1,-1,0,unknown,no
60.0,housemaid,married,unknown,no,491.0,no,no,cellular,14,aug,503.0,4,-1,0,unknown,no
33.0,management,married,tertiary,no,728.0,yes,no,cellular,13,aug,275.0,5,-1,0,unknown,no
30.0,technician,single,secondary,no,411.0,yes,no,cellular,16,apr,948.0,1,-1,0,unknown,no
30.0,management,single,tertiary,no,265.0,no,no,cellular,25,nov,295.0,1,93,3,success,no
51.0,management,married,tertiary,no,-3.0,no,no,cellular,21,aug,79.0,2,-1,0,unknown,no
37.0,management,married,tertiary,no,586.0,yes,no,cellular,11,jul,141.0,2,-1,0,unknown,no
37.0,blue-collar,married,primary,no,-196.0,yes,no,unknown,26,may,166.0,2,-1,0,unknown,no
45.0,blue-collar,married,primary,no,700.0,yes,no,telephone,13,may,29.0,4,-1,0,unknown,no
37.0,blue-collar,married,secondary,no,-67.0,no,no,cellular,2,feb,157.0,1,-1,0,unknown,no
48.0,management,married,tertiary,no,1600.0,no,no,cellular,18,nov,448.0,1,-1,0,unknown,no
42.0,services,married,secondary,no,508.0,yes,no,unknown,30,may,70.0,1,-1,0,unknown,no
49.0,technician,married,primary,no,486.0,no,no,telephone,7,jul,229.0,5,-1,0,unknown,no
36.0,management,single,tertiary,no,243.0,yes,no,cellular,7,may,160.0,2,360,3,failure,no
54.0,self-employed,married,secondary,no,203.0,yes,no,telephone,7,jul,238.0,8,-1,0,unknown,no
52.0,management,married,tertiary,no,1944.0,yes,no,cellular,15,apr,238.0,3,323,2,failure,no
30.0,management,married,tertiary,no,882.0,no,no,cellular,22,aug,102.0,6,-1,0,unknown,no
37.0,blue-collar,married,secondary,no,2924.0,no,no,cellular,31,jul,74.0,2,-1,0,unknown,no
31.0,unemployed,married,secondary,no,20.0,no,no,telephone,18,nov,52.0,1,-1,0,unknown,no
26.0,admin.,married,secondary,no,1417.0,yes,no,unknown,6,jun,60.0,3,-1,0,unknown,no
51.0,admin.,divorced,secondary,no,340.0,yes,no,unknown,8,may,,1,-1,0,unknown,no
34.0,services,single,secondary,no,4062.0,yes,yes,cellular,15,may,29.0,1,-1,0,unknown,no
26.0,blue-collar,married,primary,no,133.0,no,yes,cellular,25,jul,57.0,3,-1,0,unknown,no
32.0,management,single,tertiary,no,0.0,yes,yes,cellular,17,nov,107.0,2,-1,0,unknown,no
38.0,services,married,secondary,no,8876.0,no,no,cellular,2,feb,280.0,1,75,1,failure,no
52.0,admin.,married,secondary,no,423.0,yes,yes,cellular,20,oct,139.0,2,96,7,failure,no
44.0,management,married,tertiary,no,58.0,yes,no,cellular,14,jul,72.0,3,-1,0,unknown,no
31.0,services,married,secondary,no,5.0,yes,no,unknown,16,may,216.0,1,-1,0,unknown,no
38.0,services,married,primary,no,175.0,no,no,unknown,17,jun,132.0,2,-1,0,unknown,no
32.0,housemaid,married,primary,no,1349.0,yes,no,cellular,7,aug,132.0,2,-1,0,unknown,no
41.0,blue-collar,married,primary,no,6596.0,yes,no,cellular,20,nov,88.0,1,-1,0,unknown,no
48.0,management,married,tertiary,no,1741.0,yes,yes,telephone,18,nov,40.0,1,-1,0,unknown,no
29.0,blue-collar,married,primary,no,25.0,yes,no,unknown,4,jun,188.0,2,-1,0,unknown,no
41.0,management,married,tertiary,no,0.0,yes,no,unknown,13,may,161.0,1,-1,0,unknown,no
49.0,management,married,tertiary,no,4374.0,yes,no,cellular,31,jul,68.0,3,-1,0,unknown,no
40.0,management,married,tertiary,no,16.0,no,yes,cellular,9,feb,47.0,4,-1,0,unknown,no
27.0,management,single,tertiary,no,574.0,yes,no,cellular,18,may,196.0,3,-1,0,unknown,no
45.0,blue-collar,single,secondary,no,615.0,yes,no,cellular,15,may,133.0,1,-1,0,unknown,no
48.0,entrepreneur,divorced,tertiary,no,0.0,yes,yes,unknown,20,jun,139.0,1,-1,0,unknown,no
31.0,services,married,secondary,no,395.0,no,no,cellular,25,jul,174.0,3,-1,0,unknown,no
45.0,blue-collar,married,primary,no,678.0,no,no,cellular,5,aug,104.0,3,-1,0,unknown,no
43.0,housemaid,married,primary,no,25.0,no,no,cellular,12,aug,121.0,2,-1,0,unknown,no
31.0,admin.,single,secondary,no,626.0,yes,no,unknown,21,may,211.0,1,-1,0,unknown,no
37.0,management,married,tertiary,no,,no,no,cellular,24,aug,315.0,1,83,1,other,no
38.0,self-employed,married,secondary,no,746.0,no,no,unknown,20,jun,256.0,3,-1,0,unknown,no
29.0,services,married,secondary,no,376.0,no,yes,telephone,28,jan,49.0,3,183,4,failure,no
28.0,blue-collar,married,primary,no,-55.0,yes,no,unknown,7,may,361.0,2,-1,0,unknown,no
55.0,housemaid,divorced,primary,no,0.0,no,no,unknown,20,jun,398.0,2,-1,0,unknown,no
27.0,technician,divorced,,no,21.0,yes,no,cellular,18,may,336.0,1,356,1,failure,no
43.0,self-employed,married,tertiary,no,3003.0,no,no,cellular,8,aug,358.0,3,-1,0,unknown,no
29.0,management,single,tertiary,no,92.0,no,no,cellular,2,jun,101.0,1,92,5,,no
52.0,technician,divorced,secondary,no,511.0,no,yes,cellular,20,aug,98.0,4,-1,0,unknown,no
33.0,services,married,primary,no,6904.0,no,no,telephone,20,nov,114.0,2,-1,0,unknown,no
27.0,services,single,secondary,no,795.0,no,no,cellular,6,feb,101.0,3,-1,0,unknown,no
27.0,technician,single,secondary,no,0.0,no,no,cellular,6,feb,161.0,1,-1,0,unknown,no
31.0,management,married,tertiary,no,166.0,no,no,cellular,25,aug,392.0,6,-1,0,unknown,no
31.0,self-employed,married,secondary,no,157.0,yes,no,unknown,19,may,,1,-1,0,unknown,no
45.0,technician,divorced,secondary,no,0.0,no,no,cellular,26,aug,64.0,2,-1,0,unknown,no
34.0,technician,single,secondary,no,0.0,no,no,cellular,28,aug,195.0,6,-1,0,unknown,no
48.0,management,divorced,tertiary,no,174.0,no,no,cellular,6,aug,290.0,2,-1,0,unknown,no
47.0,blue-collar,married,secondary,no,1536.0,yes,no,cellular,17,apr,41.0,1,301,4,other,no
49.0,services,married,,no,1114.0,no,no,cellular,17,nov,283.0,1,-1,0,unknown,no
55.0,retired,divorced,tertiary,no,816.0,no,no,cellular,18,nov,113.0,3,-1,0,unknown,no
51.0,management,single,tertiary,no,1202.0,yes,no,cellular,18,nov,99.0,1,-1,0,unknown,no
37.0,management,single,tertiary,no,600.0,yes,no,cellular,17,nov,116.0,2,196,1,,no
33.0,technician,divorced,secondary,yes,6.0,no,no,cellular,22,aug,239.0,2,-1,0,unknown,no
33.0,blue-collar,married,unknown,no,2655.0,yes,no,cellular,21,nov,,1,-1,0,unknown,no
29.0,management,single,tertiary,no,499.0,yes,no,cellular,15,may,338.0,1,-1,0,unknown,no
57.0,housemaid,divorced,primary,no,0.0,no,no,unknown,9,jun,97.0,1,-1,0,unknown,no
60.0,retired,married,secondary,no,,no,no,cellular,7,oct,1386.0,1,-1,0,unknown,no
51.0,housemaid,married,primary,no,289.0,no,no,unknown,14,may,97.0,5,-1,0,unknown,no
45.0,technician,single,tertiary,no,5336.0,no,no,unknown,28,may,99.0,2,-1,0,unknown,no
45.0,admin.,married,secondary,no,434.0,no,no,cellular,26,aug,76.0,4,-1,0,unknown,no
39.0,management,married,tertiary,no,691.0,yes,yes,cellular,16,apr,517.0,1,255,1,failure,no
25.0,blue-collar,single,secondary,no,-250.0,yes,no,unknown,13,may,456.0,1,-1,0,,no
47.0,blue-collar,married,secondary,no,3696.0,yes,no,cellular,19,nov,635.0,3,170,2,failure,no
34.0,blue-collar,married,secondary,no,2595.0,yes,yes,cellular,17,apr,126.0,1,336,2,other,no
40.0,unemployed,married,secondary,no,1077.0,yes,yes,cellular,17,nov,148.0,2,-1,0,unknown,no
48.0,blue-collar,divorced,secondary,no,501.0,yes,no,cellular,15,may,12.0,5,-1,0,unknown,no
39.0,technician,single,tertiary,no,21.0,yes,no,unknown,23,may,58.0,1,-1,0,unknown,no
38.0,services,married,secondary,no,797.0,yes,no,cellular,20,apr,62.0,4,-1,0,unknown,no
32.0,services,single,secondary,no,1659.0,yes,no,unknown,30,may,120.0,6,-1,0,unknown,no
27.0,entrepreneur,married,secondary,no,97.0,yes,yes,cellular,18,may,13.0,3,-1,0,unknown,no
47.0,blue-collar,married,primary,no,2.0,yes,yes,cellular,20,nov,661.0,4,190,1,failure,no
40.0,management,married,tertiary,no,384.0,no,no,cellular,20,apr,200.0,3,327,2,failure,no
41.0,technician,married,tertiary,no,63.0,no,no,cellular,25,aug,36.0,3,-1,0,unknown,no
40.0,admin.,married,secondary,no,,yes,yes,unknown,26,may,76.0,2,-1,0,unknown,no
39.0,blue-collar,married,secondary,no,284.0,yes,yes,cellular,17,apr,1426.0,2,318,6,failure,no
45.0,technician,married,secondary,no,3395.0,yes,no,cellular,18,nov,92.0,1,188,1,failure,no
31.0,services,single,secondary,no,2038.0,yes,no,unknown,20,may,148.0,1,-1,0,unknown,no
27.0,admin.,single,secondary,no,15.0,no,yes,cellular,21,jul,177.0,1,-1,0,unknown,no
56.0,blue-collar,single,secondary,no,1187.0,yes,no,cellular,5,feb,47.0,2,-1,0,unknown,no
39.0,admin.,married,secondary,no,3047.0,yes,no,cellular,11,may,279.0,1,370,2,failure,no
52.0,management,married,tertiary,no,11650.0,yes,no,cellular,17,nov,48.0,1,-1,0,unknown,no
58.0,management,single,tertiary,no,1387.0,yes,no,unknown,5,may,174.0,5,-1,0,unknown,no
48.0,technician,single,tertiary,no,0.0,no,no,unknown,16,jun,73.0,4,-1,0,unknown,no
33.0,blue-collar,single,secondary,no,1387.0,no,no,cellular,5,feb,185.0,1,-1,0,unknown,no
38.0,services,divorced,secondary,no,-100000.0,yes,no,unknown,18,jun,373.0,4,-1,0,unknown,no
42.0,technician,single,secondary,no,275.0,no,no,cellular,26,aug,31.0,8,-1,0,unknown,no
36.0,management,divorced,secondary,no,1655.0,yes,no,cellular,18,nov,155.0,2,-1,0,unknown,no
35.0,technician,single,secondary,no,196.0,yes,no,cellular,21,nov,318.0,1,-1,0,unknown,no
45.0,technician,single,tertiary,no,0.0,no,no,cellular,22,aug,87.0,4,-1,0,unknown,no
51.0,technician,married,secondary,no,1327.0,no,no,cellular,7,jul,21.0,2,-1,0,unknown,no
43.0,housemaid,married,primary,no,0.0,yes,no,cellular,25,aug,152.0,3,-1,0,unknown,no
45.0,technician,divorced,tertiary,no,206.0,no,no,cellular,13,aug,376.0,4,-1,0,unknown,no
30.0,admin.,single,secondary,no,523.0,no,yes,cellular,12,jun,136.0,3,101,1,success,no
40.0,management,married,tertiary,no,0.0,no,no,cellular,22,aug,61.0,4,-1,0,unknown,no
56.0,services,married,primary,no,444.0,yes,no,unknown,6,jun,432.0,1,-1,0,unknown,no
48.0,management,divorced,tertiary,no,1401.0,yes,no,unknown,20,jun,72.0,3,-1,0,unknown,no
32.0,admin.,married,secondary,no,205.0,no,no,cellular,18,jul,197.0,3,-1,0,unknown,no
47.0,admin.,single,secondary,no,3957.0,yes,no,telephone,11,may,58.0,3,334,3,other,no
30.0,technician,single,secondary,no,9645.0,no,yes,cellular,26,aug,130.0,10,-1,0,unknown,no
37.0,management,married,tertiary,no,620.0,yes,no,cellular,17,nov,93.0,3,-1,0,unknown,no
52.0,blue-collar,single,secondary,no,1541.0,yes,no,unknown,14,may,243.0,1,-1,0,unknown,no
49.0,retired,married,primary,no,-37.0,no,no,unknown,4,jul,191.0,2,-1,0,unknown,no
53.0,management,married,tertiary,no,-601.0,yes,no,unknown,30,may,509.0,2,-1,0,unknown,no
53.0,services,married,secondary,no,197.0,yes,no,cellular,17,apr,307.0,1,-1,0,unknown,no
34.0,technician,divorced,secondary,no,-276.0,yes,no,unknown,29,may,175.0,3,-1,0,unknown,no
40.0,admin.,married,secondary,no,824.0,yes,no,cellular,17,apr,359.0,1,-1,0,unknown,no
39.0,services,married,secondary,no,636.0,yes,no,telephone,12,may,15.0,1,-1,0,unknown,no
33.0,blue-collar,married,secondary,no,19.0,yes,no,cellular,4,feb,56.0,1,271,1,other,no
41.0,blue-collar,married,secondary,no,641.0,yes,no,unknown,13,may,161.0,1,-1,0,unknown,no
31.0,management,single,tertiary,no,2983.0,yes,no,cellular,2,jul,153.0,1,-1,0,unknown,no
45.0,services,divorced,secondary,no,0.0,yes,yes,,21,nov,173.0,1,192,1,failure,no
23.0,admin.,single,secondary,no,252.0,yes,no,cellular,15,may,56.0,1,-1,0,unknown,no
51.0,management,divorced,tertiary,no,119.0,no,no,unknown,5,jun,112.0,2,-1,0,unknown,no
34.0,management,single,tertiary,no,171.0,yes,no,,7,may,191.0,1,294,1,failure,no
36.0,management,married,tertiary,no,0.0,yes,no,unknown,27,may,145.0,2,-1,0,unknown,no
42.0,admin.,divorced,secondary,no,-249.0,yes,no,cellular,14,jul,149.0,3,-1,0,unknown,no
33.0,management,married,tertiary,no,455.0,yes,yes,unknown,29,may,122.0,10,-1,0,unknown,no
46.0,management,married,secondary,no,10.0,yes,no,cellular,29,jul,122.0,7,-1,0,unknown,no
37.0,admin.,married,secondary,no,529.0,yes,no,cellular,16,sep,234.0,1,149,2,other,no
33.0,management,single,tertiary,no,1859.0,yes,no,cellular,30,jan,1169.0,4,-1,0,unknown,no
30.0,admin.,single,secondary,no,613.0,yes,no,cellular,17,apr,180.0,2,302,1,failure,no
53.0,technician,divorced,secondary,no,751.0,yes,no,unknown,16,may,343.0,4,-1,0,unknown,no
46.0,management,married,secondary,no,0.0,no,no,cellular,27,aug,38.0,134,-1,0,unknown,no
35.0,management,married,tertiary,no,1471.0,yes,yes,cellular,13,aug,236.0,3,-1,0,unknown,no
36.0,technician,single,secondary,no,7503.0,yes,no,unknown,4,jun,25.0,1,-1,0,unknown,no
46.0,technician,married,secondary,no,68.0,yes,yes,unknown,16,jun,87.0,3,-1,0,unknown,no
31.0,blue-collar,single,secondary,no,530.0,no,yes,cellular,18,nov,251.0,2,-1,0,unknown,no
52.0,management,married,tertiary,no,1319.0,yes,no,cellular,17,nov,113.0,1,-1,0,unknown,no
48.0,admin.,single,secondary,no,479.0,yes,yes,unknown,18,jun,533.0,3,-1,0,unknown,no
45.0,blue-collar,married,primary,no,360.0,no,no,unknown,20,jun,98.0,2,-1,0,unknown,no
36.0,management,single,tertiary,no,2163.0,no,no,cellular,5,jun,,1,-1,0,unknown,no
53.0,retired,married,primary,no,136.0,yes,no,unknown,6,may,267.0,2,-1,0,unknown,no
35.0,management,married,tertiary,no,-196.0,yes,no,cellular,22,jul,216.0,2,-1,0,unknown,no
44.0,management,married,tertiary,no,4087.0,yes,no,unknown,19,may,457.0,5,-1,0,unknown,no
38.0,management,married,tertiary,no,1354.0,yes,no,cellular,29,jan,50.0,2,-1,0,unknown,no
44.0,blue-collar,married,primary,no,2.0,no,yes,telephone,7,jul,46.0,2,-1,0,unknown,no
51.0,housemaid,married,unknown,no,2337.0,yes,no,cellular,27,may,133.0,2,41,5,success,no
32.0,technician,single,tertiary,no,514.0,yes,yes,cellular,7,may,138.0,1,168,1,failure,no
59.0,blue-collar,married,primary,no,6212.0,yes,no,cellular,5,may,574.0,2,-1,0,unknown,no
31.0,management,single,tertiary,no,424.0,no,yes,cellular,7,aug,224.0,2,-1,0,unknown,no
52.0,management,married,tertiary,no,499.0,no,no,cellular,6,aug,115.0,4,-1,0,unknown,no
26.0,technician,married,tertiary,no,8.0,yes,yes,unknown,13,may,262.0,2,-1,0,unknown,no
40.0,services,married,secondary,no,1305.0,no,no,cellular,22,jul,255.0,1,-1,0,unknown,no
35.0,technician,single,secondary,no,300.0,yes,no,unknown,9,may,338.0,4,-1,0,unknown,no
54.0,admin.,married,primary,no,976.0,yes,no,unknown,3,jun,137.0,3,-1,0,unknown,no
36.0,entrepreneur,married,tertiary,no,2700.0,no,no,cellular,4,feb,99.0,3,-1,0,unknown,no
45.0,self-employed,married,tertiary,no,-497.0,yes,yes,cellular,20,nov,260.0,1,-1,0,unknown,no
29.0,unemployed,single,secondary,no,2424.0,no,no,cellular,6,feb,93.0,1,-1,0,unknown,no
49.0,management,divorced,tertiary,no,-2049.0,yes,no,unknown,30,may,169.0,3,-1,0,unknown,no
52.0,services,married,secondary,no,2081.0,yes,no,unknown,29,may,150.0,1,-1,0,unknown,no
52.0,management,married,secondary,no,189.0,no,no,cellular,22,aug,90.0,2,-1,0,unknown,no
47.0,unemployed,divorced,secondary,no,0.0,no,yes,cellular,30,jan,127.0,2,233,8,other,no
33.0,services,divorced,secondary,no,327.0,yes,no,unknown,7,may,109.0,1,-1,0,unknown,no
30.0,technician,single,secondary,no,426.0,yes,no,,17,nov,127.0,4,111,6,failure,no
52.0,self-employed,divorced,secondary,no,1291.0,yes,no,cellular,19,nov,559.0,1,169,2,failure,no
54.0,management,divorced,tertiary,no,3473.0,yes,no,cellular,12,aug,306.0,2,-1,0,unknown,no
59.0,retired,married,secondary,no,434.0,yes,no,unknown,12,may,63.0,3,-1,0,,no
35.0,management,married,tertiary,no,105.0,yes,no,cellular,6,may,36.0,1,365,3,failure,no
29.0,blue-collar,married,secondary,no,975.0,yes,no,unknown,27,may,265.0,2,-1,0,unknown,no
33.0,technician,single,secondary,no,-479.0,no,no,cellular,7,aug,235.0,1,-1,0,unknown,no
32.0,technician,married,primary,no,62.0,yes,yes,unknown,13,may,120.0,1,-1,0,unknown,no
50.0,blue-collar,married,primary,no,0.0,no,no,unknown,9,jun,199.0,4,-1,0,unknown,no
54.0,entrepreneur,married,secondary,no,0.0,no,no,unknown,9,jun,96.0,1,-1,0,unknown,no
49.0,,single,secondary,no,1202.0,yes,no,unknown,18,jun,122.0,1,-1,0,unknown,no
39.0,admin.,single,secondary,no,2854.0,yes,no,unknown,2,jun,64.0,1,-1,0,unknown,no
34.0,management,single,tertiary,no,9.0,no,no,cellular,11,jul,439.0,2,-1,0,unknown,no
31.0,self-employed,single,secondary,no,203.0,no,yes,cellular,19,nov,177.0,1,-1,0,unknown,no
46.0,technician,divorced,tertiary,no,0.0,yes,no,,11,aug,249.0,5,-1,0,unknown,no
59.0,retired,married,secondary,no,2467.0,no,no,cellular,20,nov,972.0,2,-1,0,unknown,no
32.0,technician,married,tertiary,no,3850.0,yes,no,cellular,20,apr,63.0,4,-1,0,unknown,no
39.0,admin.,married,secondary,no,47.0,yes,no,cellular,16,aug,143.0,2,371,6,failure,no
54.0,blue-collar,married,primary,no,1895.0,yes,no,cellular,17,apr,345.0,1,-1,0,unknown,no
33.0,technician,divorced,secondary,no,522.0,no,yes,cellular,7,jul,559.0,4,-1,0,unknown,no
59.0,blue-collar,married,secondary,yes,-918.0,yes,no,unknown,16,jun,253.0,2,-1,0,unknown,no
28.0,blue-collar,single,secondary,no,-193.0,no,no,cellular,18,jul,580.0,7,-1,0,unknown,no
48.0,blue-collar,married,secondary,no,48.0,yes,yes,unknown,29,may,144.0,1,-1,0,unknown,no
,management,married,tertiary,no,0.0,yes,yes,cellular,17,jul,301.0,1,-1,0,unknown,no
41.0,technician,married,secondary,no,201.0,no,yes,cellular,14,jul,53.0,8,-1,0,unknown,no
33.0,,single,secondary,no,598.0,yes,no,unknown,28,may,189.0,1,-1,0,unknown,no
37.0,management,married,primary,no,1506.0,no,no,cellular,2,nov,101.0,3,80,3,success,no
30.0,admin.,married,tertiary,no,26.0,yes,no,cellular,16,apr,62.0,1,323,1,failure,no
36.0,management,married,tertiary,no,1582.0,no,no,telephone,3,feb,26.0,2,197,1,failure,no
53.0,blue-collar,divorced,primary,no,559.0,no,no,telephone,9,feb,16.0,5,-1,0,unknown,no
26.0,admin.,single,secondary,yes,0.0,yes,no,cellular,16,jul,157.0,2,-1,0,unknown,no
59.0,retired,married,primary,no,-411.0,no,no,cellular,29,jan,225.0,1,-1,0,unknown,no
44.0,blue-collar,single,secondary,no,36.0,yes,no,unknown,8,may,712.0,1,-1,0,unknown,no
55.0,unemployed,married,secondary,no,512.0,no,no,cellular,28,jan,70.0,1,-1,0,unknown,no
26.0,blue-collar,single,secondary,no,786.0,yes,yes,unknown,14,may,103.0,5,-1,0,unknown,no
41.0,blue-collar,married,primary,no,3658.0,yes,no,cellular,9,apr,268.0,1,330,1,failure,no
28.0,management,single,tertiary,no,-227.0,yes,no,unknown,4,jun,298.0,2,-1,0,unknown,no
40.0,management,married,tertiary,no,423.0,yes,no,cellular,30,jul,134.0,24,-1,0,unknown,no
47.0,unemployed,divorced,secondary,no,947.0,no,no,cellular,5,feb,124.0,2,-1,0,unknown,no
39.0,services,married,primary,no,324.0,yes,no,cellular,8,may,340.0,2,312,4,failure,no
38.0,blue-collar,married,secondary,no,0.0,yes,no,unknown,9,jun,254.0,1,-1,0,unknown,no
37.0,services,married,secondary,no,1694.0,yes,yes,cellular,29,jan,404.0,2,251,6,failure,no
36.0,blue-collar,married,secondary,no,2894.0,yes,no,cellular,17,jul,747.0,1,-1,0,unknown,no
53.0,management,married,secondary,no,2693.0,no,no,cellular,21,nov,140.0,1,-1,0,unknown,no
47.0,,married,secondary,no,644.0,no,no,telephone,28,jan,54.0,3,160,13,failure,no
28.0,management,single,tertiary,no,185.0,no,no,cellular,30,jan,651.0,2,-1,0,unknown,no
32.0,student,single,unknown,no,1583.0,yes,no,unknown,20,may,57.0,1,-1,0,unknown,no
25.0,management,single,tertiary,no,2399.0,yes,no,unknown,3,jun,193.0,2,-1,0,unknown,no
39.0,admin.,married,tertiary,no,1322.0,yes,no,cellular,24,sep,157.0,3,486,1,other,no
60.0,retired,married,secondary,no,194.0,no,yes,cellular,30,jul,61.0,5,-1,0,unknown,no
39.0,admin.,married,secondary,no,1221.0,no,no,unknown,12,jun,97.0,1,-1,0,unknown,no
,admin.,single,secondary,no,-302.0,yes,yes,,27,may,235.0,5,-1,0,unknown,no
45.0,admin.,married,secondary,no,256.0,no,no,cellular,21,nov,135.0,2,-1,0,unknown,no
36.0,technician,single,secondary,yes,0.0,no,yes,cellular,26,aug,109.0,14,-1,0,unknown,no
44.0,services,married,secondary,no,1335.0,yes,no,cellular,30,jul,94.0,5,-1,0,unknown,no
33.0,unemployed,single,secondary,no,682.0,no,no,cellular,5,feb,251.0,1,-1,0,unknown,no
31.0,management,married,tertiary,no,0.0,no,no,cellular,26,aug,76.0,2,-1,0,unknown,no
38.0,admin.,divorced,secondary,no,3834.0,yes,no,cellular,13,apr,363.0,2,327,1,failure,no
50.0,self-employed,married,secondary,no,5312.0,no,no,cellular,23,jul,106.0,3,-1,0,unknown,no
40.0,management,divorced,unknown,no,4095.0,yes,no,cellular,20,apr,281.0,1,-1,0,unknown,no
33.0,technician,married,secondary,no,0.0,no,no,cellular,13,aug,78.0,2,-1,0,unknown,no
42.0,admin.,married,secondary,no,-1386.0,yes,yes,cellular,15,jul,56.0,4,-1,0,unknown,no
42.0,management,single,tertiary,no,525.0,no,no,cellular,13,aug,127.0,2,-1,0,unknown,no
33.0,blue-collar,married,secondary,yes,2.0,no,no,unknown,23,may,74.0,4,-1,0,unknown,no
40.0,technician,married,unknown,no,0.0,no,yes,cellular,7,jul,161.0,1,-1,0,unknown,no
52.0,blue-collar,married,secondary,no,1500.0,no,yes,unknown,20,jun,109.0,3,-1,0,unknown,no
49.0,technician,married,secondary,no,378.0,no,no,unknown,9,jun,189.0,2,-1,0,unknown,no
30.0,management,single,tertiary,no,552.0,yes,no,cellular,5,aug,648.0,2,-1,0,unknown,no
26.0,blue-collar,single,secondary,no,-84.0,yes,yes,cellular,29,jul,63.0,5,-1,0,unknown,no
40.0,management,married,secondary,no,-240.0,no,yes,unknown,28,may,160.0,3,-1,0,unknown,no
30.0,blue-collar,married,secondary,no,501.0,yes,yes,unknown,27,may,514.0,1,-1,0,,no
55.0,unemployed,married,tertiary,no,5345.0,no,no,unknown,6,may,278.0,1,-1,0,unknown,no
48.0,self-employed,married,secondary,no,1559.0,no,no,cellular,24,dec,520.0,3,133,3,failure,no
28.0,technician,single,tertiary,no,0.0,yes,no,cellular,15,apr,217.0,2,-1,0,unknown,no
54.0,admin.,married,secondary,no,0.0,yes,yes,cellular,23,jul,117.0,1,-1,0,unknown,no
36.0,management,married,secondary,no,1989.0,no,no,unknown,17,jun,344.0,2,-1,0,unknown,no
34.0,admin.,single,secondary,no,598.0,yes,no,cellular,17,apr,365.0,1,324,1,failure,no
39.0,housemaid,married,tertiary,no,94.0,no,no,cellular,6,aug,181.0,2,-1,0,unknown,no
66.0,retired,married,secondary,no,3473.0,no,no,cellular,14,apr,441.0,2,-1,0,unknown,no
42.0,blue-collar,married,secondary,no,349.0,yes,no,cellular,7,apr,226.0,2,-1,0,unknown,no
55.0,retired,married,primary,no,3876.0,no,no,cellular,21,nov,54.0,1,-1,0,unknown,no
85.0,retired,married,unknown,no,1934.0,no,no,telephone,12,jan,140.0,1,-1,0,unknown,no
63.0,housemaid,married,secondary,no,2.0,no,no,cellular,4,feb,45.0,2,93,1,success,no
37.0,admin.,single,secondary,no,9.0,yes,no,cellular,14,may,165.0,1,-1,0,unknown,no
24.0,,single,secondary,no,11.0,yes,no,unknown,27,jun,114.0,4,-1,0,unknown,no
34.0,technician,single,secondary,no,60.0,no,no,cellular,7,aug,274.0,2,-1,0,unknown,no
28.0,management,single,tertiary,no,882.0,no,yes,cellular,8,jul,107.0,2,-1,0,unknown,no
58.0,retired,divorced,tertiary,no,499.0,yes,yes,cellular,29,jan,181.0,1,-1,0,unknown,no
49.0,housemaid,divorced,primary,no,198.0,yes,no,unknown,13,may,205.0,3,-1,0,unknown,no
31.0,blue-collar,single,secondary,no,2093.0,no,no,cellular,7,jul,103.0,1,-1,0,unknown,no
56.0,retired,married,secondary,no,74.0,yes,no,unknown,26,may,152.0,2,-1,0,unknown,no
43.0,services,married,secondary,no,1220.0,no,no,cellular,28,jul,307.0,2,-1,0,unknown,no
32.0,blue-collar,single,secondary,no,1342.0,yes,no,unknown,23,may,109.0,2,-1,0,unknown,no
55.0,blue-collar,married,unknown,no,6134.0,no,no,cellular,6,aug,127.0,2,-1,0,unknown,no
55.0,housemaid,married,primary,no,3680.0,no,no,unknown,16,jun,131.0,1,-1,0,unknown,no
31.0,blue-collar,married,primary,no,605.0,yes,no,unknown,15,may,334.0,10,-1,0,unknown,no
49.0,management,married,secondary,no,104.0,yes,no,unknown,8,may,285.0,1,-1,0,unknown,no
41.0,admin.,married,secondary,no,683.0,no,yes,cellular,20,nov,77.0,1,-1,0,unknown,no
56.0,retired,divorced,primary,no,48.0,yes,no,cellular,14,may,132.0,2,-1,0,unknown,no
50.0,blue-collar,divorced,primary,no,15.0,yes,no,cellular,12,may,173.0,2,350,7,failure,no
37.0,technician,single,secondary,no,6714.0,yes,no,unknown,23,may,90.0,1,-1,0,unknown,no
35.0,blue-collar,married,primary,no,,yes,no,cellular,6,may,97.0,2,-1,0,unknown,no
52.0,housemaid,married,secondary,no,234.0,no,no,cellular,20,nov,208.0,1,-1,0,unknown,no
33.0,technician,married,tertiary,no,599.0,yes,no,cellular,29,aug,461.0,2,-1,0,unknown,no
42.0,management,married,tertiary,no,9916.0,yes,no,cellular,21,nov,306.0,1,-1,0,unknown,no
33.0,admin.,single,secondary,no,3160.0,no,no,unknown,18,jun,719.0,13,-1,0,unknown,no
35.0,admin.,single,secondary,no,0.0,yes,no,cellular,8,may,376.0,3,-1,0,unknown,no
28.0,student,single,tertiary,no,2306.0,no,no,cellular,29,oct,140.0,2,-1,0,unknown,no
41.0,admin.,divorced,secondary,no,2550.0,yes,no,cellular,15,may,894.0,2,347,2,failure,no
44.0,blue-collar,married,secondary,no,701.0,no,yes,unknown,3,jul,269.0,2,-1,0,unknown,no
26.0,technician,single,secondary,no,3244.0,no,no,cellular,2,feb,141.0,1,5,1,failure,no
40.0,management,single,tertiary,no,402.0,yes,no,unknown,30,may,243.0,3,-1,0,unknown,no
37.0,management,married,tertiary,no,6014.0,yes,no,cellular,15,jul,163.0,6,-1,0,unknown,no
33.0,blue-collar,married,secondary,no,-81.0,yes,no,cellular,29,jan,339.0,2,-1,0,unknown,no
36.0,admin.,married,secondary,no,898.0,no,no,cellular,15,jul,118.0,5,-1,0,unknown,no
28.0,unemployed,married,secondary,no,863.0,yes,yes,unknown,27,may,355.0,1,-1,0,unknown,no
37.0,self-employed,single,primary,no,235.0,yes,no,cellular,17,apr,191.0,4,323,9,failure,no
32.0,technician,single,secondary,no,12.0,no,no,cellular,7,aug,173.0,2,-1,0,unknown,no
49.0,blue-collar,married,secondary,no,298.0,yes,no,cellular,30,apr,264.0,2,86,3,failure,no
36.0,blue-collar,married,secondary,no,3463.0,yes,no,telephone,21,nov,29.0,4,-1,0,unknown,no
39.0,housemaid,married,primary,no,13338.0,no,no,cellular,11,aug,103.0,4,-1,0,unknown,no
34.0,blue-collar,married,unknown,no,391.0,yes,yes,unknown,23,may,34.0,2,-1,0,unknown,no
32.0,technician,single,tertiary,no,569.0,no,yes,cellular,29,jan,348.0,1,-1,0,unknown,no
26.0,services,married,secondary,no,54.0,yes,no,unknown,13,may,116.0,1,-1,0,unknown,no
46.0,admin.,divorced,secondary,no,875.0,yes,yes,cellular,11,may,269.0,3,353,2,failure,no
78.0,retired,divorced,secondary,no,631.0,no,no,telephone,11,aug,95.0,1,-1,0,unknown,no
47.0,admin.,married,secondary,no,3434.0,yes,yes,telephone,9,jul,337.0,1,-1,0,unknown,no
,retired,married,secondary,no,1610.0,no,no,cellular,12,aug,71.0,1,-1,0,unknown,no
25.0,student,single,tertiary,no,505.0,yes,no,cellular,6,may,37.0,1,-1,0,unknown,no
50.0,management,married,tertiary,no,11528.0,yes,no,unknown,30,may,,1,-1,0,unknown,no
36.0,management,divorced,tertiary,no,102.0,yes,no,cellular,14,apr,114.0,1,-1,0,unknown,no
42.0,unemployed,married,primary,yes,-581.0,yes,no,cellular,13,may,224.0,1,370,2,failure,no
54.0,management,married,tertiary,no,0.0,yes,no,cellular,24,jul,140.0,2,-1,0,unknown,no
43.0,retired,married,primary,no,7298.0,no,no,unknown,11,jun,36.0,2,-1,0,unknown,no
29.0,blue-collar,married,secondary,no,0.0,no,no,cellular,10,jul,45.0,1,-1,0,unknown,no
36.0,management,married,tertiary,no,909.0,yes,yes,cellular,25,jul,250.0,3,-1,0,unknown,no
59.0,blue-collar,married,,no,337.0,no,no,unknown,18,jun,100.0,4,-1,0,unknown,no
47.0,admin.,married,secondary,no,829.0,yes,yes,cellular,18,nov,48.0,1,188,1,failure,no
36.0,technician,single,secondary,no,301.0,yes,yes,cellular,29,jul,367.0,1,-1,0,unknown,no
56.0,technician,married,secondary,no,147.0,no,no,cellular,12,apr,203.0,1,-1,0,unknown,no
55.0,retired,divorced,secondary,no,282.0,yes,no,unknown,5,jun,99.0,2,-1,0,unknown,no
38.0,technician,divorced,secondary,no,1294.0,yes,no,unknown,29,may,565.0,1,-1,0,unknown,no
39.0,blue-collar,divorced,secondary,no,0.0,yes,no,cellular,11,may,275.0,2,307,1,other,no
35.0,management,single,tertiary,no,995.0,no,no,cellular,5,feb,39.0,1,-1,0,unknown,no
54.0,blue-collar,married,primary,no,532.0,no,no,telephone,31,jul,73.0,2,-1,0,unknown,no
32.0,services,single,tertiary,no,785.0,no,no,cellular,3,jun,273.0,1,-1,0,unknown,no
30.0,technician,divorced,secondary,no,3028.0,yes,no,cellular,28,aug,65.0,5,-1,0,unknown,no
51.0,blue-collar,married,secondary,no,1022.0,yes,no,cellular,8,may,311.0,3,-1,0,unknown,no
39.0,management,married,primary,no,0.0,no,no,unknown,11,jun,308.0,7,-1,0,unknown,no
46.0,technician,married,secondary,no,792.0,no,no,unknown,5,jun,170.0,2,-1,0,unknown,no
33.0,admin.,single,tertiary,no,490.0,yes,no,cellular,7,may,31.0,1,363,2,,no
34.0,,married,tertiary,no,417.0,yes,no,cellular,18,nov,138.0,1,-1,0,unknown,no
33.0,management,married,tertiary,no,2071.0,no,no,cellular,8,aug,106.0,2,-1,0,unknown,no
55.0,blue-collar,single,primary,no,1187.0,yes,no,unknown,2,jun,193.0,2,-1,0,unknown,no
49.0,services,married,secondary,no,280.0,yes,no,telephone,14,jul,162.0,3,-1,0,unknown,no
37.0,unemployed,married,tertiary,no,1236.0,no,no,cellular,29,jul,300.0,2,-1,0,unknown,no
29.0,technician,single,tertiary,no,910.0,yes,no,cellular,11,may,,1,-1,0,unknown,no
28.0,management,single,secondary,no,-994.0,yes,yes,cellular,18,jul,174.0,2,-1,0,unknown,no
21.0,unemployed,single,secondary,no,1333.0,no,no,cellular,2,feb,120.0,1,-1,0,unknown,no
44.0,services,married,secondary,no,850.0,no,yes,cellular,16,jul,220.0,5,-1,0,unknown,no
30.0,management,single,tertiary,no,3773.0,yes,no,unknown,27,may,99.0,1,-1,0,unknown,no
46.0,management,married,tertiary,no,460.0,no,no,cellular,28,jan,56.0,1,-1,0,unknown,no
33.0,entrepreneur,married,secondary,no,3140.0,yes,yes,cellular,21,nov,7.0,5,-1,0,unknown,no
40.0,blue-collar,married,secondary,no,1028.0,yes,yes,cellular,17,apr,319.0,1,-1,0,unknown,no
42.0,management,single,tertiary,no,4264.0,yes,no,unknown,28,may,882.0,1,-1,0,unknown,no
44.0,management,divorced,tertiary,no,3932.0,yes,no,unknown,8,may,40.0,2,-1,0,unknown,no
32.0,admin.,married,secondary,no,-1.0,no,no,cellular,8,jul,228.0,2,-1,0,unknown,no
34.0,blue-collar,married,secondary,no,1682.0,yes,yes,cellular,28,jul,123.0,3,-1,0,unknown,no
55.0,entrepreneur,married,secondary,no,814.0,no,yes,cellular,28,jul,69.0,12,-1,0,unknown,no
35.0,services,married,secondary,no,819.0,yes,no,telephone,14,jul,102.0,14,-1,0,unknown,no
47.0,admin.,married,secondary,no,1265.0,no,no,cellular,7,aug,137.0,2,-1,0,unknown,no
29.0,admin.,single,tertiary,no,514.0,no,no,cellular,2,feb,270.0,1,-1,0,unknown,no
47.0,services,married,secondary,no,1764.0,no,yes,cellular,26,aug,119.0,6,-1,0,unknown,no
39.0,,married,primary,no,275.0,yes,no,unknown,16,jun,189.0,2,-1,0,unknown,no
40.0,blue-collar,married,primary,no,592.0,yes,no,cellular,18,may,80.0,3,350,2,failure,no
42.0,admin.,single,secondary,no,1143.0,yes,yes,telephone,17,nov,106.0,1,-1,0,unknown,no
31.0,management,married,tertiary,no,546.0,no,no,cellular,7,aug,147.0,2,-1,0,unknown,no
31.0,management,married,tertiary,no,1164.0,yes,yes,cellular,18,jul,238.0,3,-1,0,unknown,no
82.0,housemaid,divorced,primary,no,,no,no,cellular,28,jan,86.0,3,93,1,failure,no
44.0,management,divorced,tertiary,no,0.0,no,no,unknown,6,jun,373.0,1,-1,0,unknown,no
32.0,services,single,secondary,no,659.0,yes,no,cellular,20,apr,12.0,6,-1,0,unknown,no
40.0,technician,married,secondary,no,192.0,yes,yes,cellular,15,may,16.0,8,351,5,failure,no
26.0,admin.,single,secondary,no,-12.0,yes,no,unknown,4,jun,98.0,1,-1,0,unknown,no
,admin.,single,secondary,no,186.0,yes,no,cellular,13,may,390.0,1,-1,0,unknown,no
45.0,blue-collar,married,secondary,no,2246.0,yes,yes,cellular,21,nov,197.0,2,99,2,other,no
32.0,management,single,tertiary,no,124.0,no,no,cellular,4,feb,87.0,2,-1,0,unknown,no
56.0,admin.,married,secondary,no,2087.0,yes,no,unknown,12,may,146.0,1,-1,0,unknown,no
58.0,blue-collar,married,secondary,no,1298.0,yes,no,unknown,29,may,516.0,4,-1,0,unknown,no
28.0,management,single,unknown,yes,101.0,yes,no,unknown,9,may,224.0,3,-1,0,unknown,no
43.0,management,married,tertiary,no,46.0,no,no,cellular,27,aug,63.0,8,-1,0,unknown,no
34.0,entrepreneur,divorced,tertiary,no,262.0,no,no,cellular,20,nov,371.0,1,-1,0,unknown,no
40.0,services,married,secondary,no,0.0,yes,no,cellular,21,nov,43.0,1,185,2,failure,no
31.0,self-employed,single,tertiary,no,17924.0,yes,no,cellular,21,nov,608.0,3,-1,0,unknown,no
28.0,admin.,married,tertiary,no,167.0,yes,yes,cellular,18,feb,126.0,2,-1,0,unknown,no
45.0,admin.,married,secondary,no,967.0,no,no,unknown,9,jun,63.0,1,-1,0,unknown,no
33.0,blue-collar,married,secondary,no,0.0,yes,no,telephone,14,jul,305.0,3,-1,0,unknown,no
42.0,admin.,married,primary,no,1547.0,yes,yes,unknown,27,may,272.0,3,-1,0,unknown,no
32.0,blue-collar,married,primary,no,388.0,yes,no,cellular,15,apr,171.0,2,-1,0,unknown,no
41.0,self-employed,married,secondary,no,1.0,no,no,cellular,19,aug,55.0,4,-1,0,unknown,no
32.0,admin.,married,secondary,no,0.0,no,no,cellular,25,jul,209.0,1,-1,0,unknown,no
37.0,unemployed,married,secondary,no,80.0,no,no,cellular,3,feb,248.0,2,-1,0,unknown,no
57.0,admin.,married,secondary,no,4168.0,yes,yes,unknown,16,may,47.0,1,-1,0,unknown,no
56.0,management,married,tertiary,no,0.0,no,no,cellular,19,nov,844.0,2,-1,0,unknown,no
37.0,admin.,single,secondary,no,781.0,no,no,cellular,20,aug,75.0,1,-1,0,unknown,no
34.0,admin.,married,secondary,no,804.0,yes,no,cellular,23,jul,256.0,9,-1,0,unknown,no
46.0,blue-collar,married,tertiary,no,993.0,yes,no,unknown,16,jun,78.0,1,-1,0,unknown,no
40.0,blue-collar,married,primary,no,34.0,yes,no,cellular,6,may,350.0,2,344,1,failure,no
32.0,technician,single,tertiary,no,0.0,no,no,cellular,20,aug,72.0,4,-1,0,unknown,no
28.0,admin.,single,secondary,no,520.0,yes,no,cellular,15,jun,29.0,1,-1,0,unknown,no
46.0,self-employed,married,secondary,no,567.0,no,no,cellular,18,jul,142.0,10,-1,0,unknown,no
44.0,management,married,tertiary,no,7177.0,no,no,unknown,19,jun,89.0,2,-1,0,unknown,no
55.0,management,divorced,primary,no,3629.0,yes,no,unknown,30,may,87.0,1,-1,0,unknown,no
75.0,retired,divorced,secondary,no,2199.0,no,no,telephone,13,nov,137.0,1,-1,0,unknown,no
41.0,management,married,tertiary,no,223.0,yes,no,unknown,16,may,124.0,1,-1,0,unknown,no
30.0,blue-collar,single,primary,no,185.0,no,no,unknown,26,jun,11.0,1,-1,0,unknown,no
33.0,entrepreneur,married,secondary,no,5809.0,yes,no,cellular,22,aug,219.0,4,-1,0,unknown,no
43.0,unemployed,married,secondary,no,210.0,yes,no,unknown,12,may,88.0,5,-1,0,unknown,no
49.0,self-employed,married,secondary,no,-199.0,yes,yes,cellular,29,jan,385.0,1,-1,0,unknown,no
32.0,blue-collar,married,secondary,no,897.0,yes,no,cellular,7,apr,293.0,3,322,2,failure,no
26.0,blue-collar,divorced,secondary,no,0.0,yes,no,unknown,19,may,48.0,3,-1,0,unknown,no
55.0,blue-collar,divorced,secondary,no,7378.0,no,no,unknown,14,may,316.0,3,-1,0,unknown,no
46.0,management,single,tertiary,no,593.0,yes,no,cellular,29,jan,190.0,3,-1,0,unknown,no
31.0,management,married,tertiary,no,1224.0,yes,yes,cellular,20,nov,75.0,2,119,2,success,no
34.0,management,married,tertiary,no,3031.0,no,no,cellular,14,aug,94.0,6,-1,0,unknown,no
37.0,blue-collar,married,primary,no,708.0,yes,no,telephone,2,feb,51.0,1,-1,0,unknown,no
29.0,technician,single,tertiary,no,542.0,yes,no,unknown,9,may,338.0,3,-1,0,,no
24.0,admin.,single,tertiary,no,1141.0,yes,no,unknown,23,may,230.0,1,-1,0,unknown,no
46.0,admin.,married,secondary,no,-42.0,no,yes,telephone,28,jul,181.0,12,-1,0,unknown,no
41.0,management,married,tertiary,no,-556.0,yes,yes,unknown,26,may,127.0,3,-1,0,unknown,no
52.0,services,married,unknown,no,482.0,yes,yes,cellular,28,jul,83.0,7,-1,0,unknown,no
27.0,services,single,tertiary,no,1501.0,yes,no,cellular,24,jul,187.0,1,-1,0,unknown,no
44.0,management,married,tertiary,no,1850.0,yes,no,cellular,6,may,274.0,1,-1,0,unknown,no
39.0,technician,married,secondary,no,2266.0,no,no,cellular,22,may,86.0,1,93,4,success,no
52.0,housemaid,married,primary,no,3283.0,no,no,unknown,11,jun,553.0,1,-1,0,unknown,no
77.0,retired,single,primary,no,300.0,no,no,cellular,9,sep,511.0,1,-1,0,unknown,no
35.0,technician,married,secondary,no,1.0,yes,yes,unknown,21,may,85.0,1,-1,0,unknown,no
49.0,management,divorced,tertiary,no,178.0,no,no,cellular,6,aug,174.0,2,-1,0,unknown,no
37.0,housemaid,married,secondary,no,187.0,no,no,unknown,12,jun,165.0,1,-1,0,unknown,no
46.0,management,married,tertiary,no,229.0,yes,no,unknown,5,may,197.0,1,-1,0,unknown,no
43.0,entrepreneur,single,tertiary,no,42.0,no,no,cellular,7,jul,285.0,1,-1,0,unknown,no
35.0,blue-collar,married,primary,no,-367.0,yes,no,cellular,11,may,77.0,1,350,1,failure,no
29.0,admin.,single,tertiary,no,8.0,no,yes,cellular,2,mar,107.0,1,-1,0,unknown,no
52.0,housemaid,married,primary,no,256.0,no,no,cellular,6,aug,137.0,1,-1,0,unknown,no
55.0,management,married,secondary,no,2410.0,yes,no,cellular,17,nov,135.0,1,-1,0,unknown,no
33.0,technician,married,tertiary,no,2976.0,yes,no,cellular,9,nov,465.0,2,95,12,other,no
40.0,blue-collar,divorced,secondary,no,-426.0,no,yes,unknown,26,may,245.0,1,-1,0,unknown,no
39.0,blue-collar,married,secondary,no,39.0,yes,no,unknown,18,jun,34.0,6,-1,0,unknown,no
61.0,blue-collar,divorced,primary,no,1428.0,yes,no,unknown,5,may,82.0,2,-1,0,unknown,no
63.0,retired,married,secondary,no,2030.0,no,no,cellular,6,apr,61.0,6,-1,0,unknown,no
44.0,management,married,tertiary,no,-1636.0,yes,yes,cellular,11,may,257.0,1,-1,0,unknown,no
52.0,services,married,secondary,no,108.0,yes,no,unknown,15,may,543.0,12,-1,0,unknown,no
58.0,unemployed,single,tertiary,no,2094.0,no,no,cellular,1,jun,161.0,2,-1,0,,no
38.0,admin.,married,secondary,no,47.0,yes,yes,cellular,31,jul,50.0,11,-1,0,unknown,no
51.0,housemaid,married,primary,no,618.0,yes,yes,cellular,4,feb,69.0,1,-1,0,unknown,no
29.0,self-employed,single,tertiary,no,162.0,no,yes,cellular,25,jul,324.0,1,-1,0,unknown,no
42.0,management,married,tertiary,no,-671.0,no,no,cellular,28,aug,80.0,2,-1,0,unknown,no
56.0,blue-collar,married,primary,no,136.0,no,no,cellular,4,aug,270.0,1,-1,0,unknown,no
55.0,technician,married,secondary,no,6958.0,yes,yes,unknown,13,may,178.0,2,-1,0,unknown,no
43.0,blue-collar,married,primary,no,953.0,yes,no,unknown,19,may,135.0,1,-1,0,unknown,no
27.0,blue-collar,married,secondary,no,821.0,yes,yes,unknown,16,sep,23.0,1,778,41,other,no
54.0,services,married,secondary,no,131.0,no,no,cellular,14,aug,252.0,2,-1,0,unknown,no
25.0,management,single,secondary,no,1272.0,yes,no,cellular,24,jul,342.0,2,-1,0,unknown,no
,blue-collar,married,primary,no,,yes,yes,unknown,13,may,851.0,4,-1,0,unknown,no
46.0,admin.,divorced,secondary,no,3201.0,yes,no,telephone,13,may,157.0,3,-1,0,unknown,no
26.0,services,single,secondary,no,1114.0,no,no,cellular,9,feb,44.0,2,-1,0,unknown,no
30.0,admin.,married,tertiary,no,4168.0,no,no,cellular,3,jun,198.0,1,-1,0,unknown,no
39.0,technician,married,secondary,no,0.0,yes,no,unknown,5,may,203.0,1,-1,0,unknown,no
58.0,admin.,married,unknown,no,0.0,yes,no,cellular,17,nov,219.0,1,186,2,failure,no
49.0,blue-collar,married,secondary,no,3309.0,yes,no,cellular,15,may,349.0,2,-1,0,unknown,no
49.0,services,married,secondary,no,1377.0,yes,no,unknown,7,may,1101.0,1,-1,0,unknown,no
43.0,housemaid,married,secondary,no,150.0,no,no,telephone,28,jul,290.0,7,-1,0,unknown,no
60.0,management,married,tertiary,no,553.0,yes,no,cellular,2,feb,343.0,1,210,3,success,no
57.0,technician,married,secondary,no,458.0,no,yes,cellular,15,jul,177.0,3,-1,0,unknown,no
38.0,technician,married,secondary,no,565.0,no,no,cellular,20,aug,93.0,2,-1,0,unknown,no
56.0,technician,married,secondary,no,0.0,yes,yes,cellular,29,apr,152.0,1,223,3,other,no
45.0,self-employed,married,secondary,no,2278.0,no,no,unknown,17,nov,1735.0,2,-1,0,unknown,no
45.0,management,married,tertiary,no,210.0,yes,no,cellular,21,jul,623.0,1,-1,0,unknown,no
44.0,blue-collar,married,unknown,no,15578.0,yes,no,unknown,29,may,401.0,1,-1,0,unknown,no
40.0,blue-collar,married,primary,no,236.0,yes,no,unknown,20,may,167.0,2,-1,0,unknown,no
38.0,management,single,tertiary,no,1704.0,no,no,cellular,1,sep,222.0,1,-1,0,unknown,no
55.0,admin.,divorced,secondary,no,1693.0,no,no,cellular,10,aug,247.0,1,102,3,success,no
40.0,technician,married,secondary,no,372.0,yes,no,cellular,21,nov,365.0,1,100,2,failure,no
35.0,blue-collar,single,primary,no,1147.0,yes,yes,telephone,7,may,29.0,1,-1,0,unknown,no
32.0,blue-collar,married,secondary,no,3166.0,yes,no,cellular,20,nov,418.0,3,-1,0,unknown,no
31.0,self-employed,married,primary,no,1074.0,yes,no,unknown,23,may,1438.0,2,-1,0,unknown,no
49.0,blue-collar,divorced,secondary,no,23.0,no,no,cellular,17,nov,221.0,2,-1,0,unknown,no
55.0,retired,married,secondary,no,1431.0,no,yes,cellular,28,jan,107.0,1,-1,0,unknown,no
51.0,blue-collar,married,secondary,no,814.0,yes,no,cellular,14,may,17.0,8,-1,0,unknown,no
30.0,unemployed,married,secondary,no,142.0,yes,no,unknown,20,may,350.0,4,-1,0,unknown,no
37.0,admin.,single,secondary,no,810.0,yes,no,cellular,8,apr,376.0,1,295,1,failure,no
36.0,management,married,tertiary,no,1604.0,yes,no,unknown,11,jun,47.0,3,-1,0,unknown,no
51.0,management,divorced,tertiary,no,0.0,yes,no,cellular,28,jul,534.0,4,-1,0,unknown,no
29.0,admin.,single,secondary,no,488.0,yes,no,cellular,4,jun,105.0,1,-1,0,unknown,no
32.0,student,single,unknown,no,4110.0,no,no,cellular,6,feb,119.0,8,-1,0,unknown,no
36.0,services,married,secondary,no,1746.0,yes,no,cellular,7,apr,15.0,1,316,1,failure,no
32.0,blue-collar,married,secondary,no,-208.0,yes,yes,unknown,9,may,325.0,1,-1,0,unknown,no
56.0,retired,married,primary,no,152.0,yes,yes,cellular,30,jul,65.0,7,-1,0,unknown,no
46.0,services,married,secondary,no,0.0,no,no,cellular,18,aug,74.0,4,-1,0,unknown,no
39.0,admin.,divorced,secondary,no,399.0,yes,yes,cellular,14,aug,133.0,2,-1,0,unknown,no
57.0,retired,married,primary,no,318.0,no,no,cellular,22,aug,371.0,4,-1,0,unknown,no
53.0,management,married,tertiary,no,9072.0,no,no,cellular,18,nov,117.0,2,-1,0,unknown,no
33.0,technician,married,secondary,no,3071.0,yes,yes,cellular,21,jul,323.0,1,-1,0,unknown,no
43.0,blue-collar,divorced,primary,no,177.0,no,no,cellular,3,feb,124.0,1,-1,0,unknown,no
40.0,management,married,tertiary,no,10786.0,no,no,unknown,20,jun,111.0,3,-1,0,unknown,no
44.0,admin.,married,secondary,yes,0.0,no,yes,unknown,30,jun,76.0,3,-1,0,unknown,no
59.0,admin.,married,primary,no,879.0,yes,no,cellular,30,jan,,5,259,7,failure,no
59.0,retired,married,secondary,no,1887.0,no,no,cellular,28,aug,88.0,8,-1,0,unknown,no
28.0,services,single,secondary,no,3331.0,yes,no,unknown,28,may,229.0,2,-1,0,unknown,no
26.0,management,single,tertiary,no,3.0,yes,no,cellular,23,jul,106.0,1,-1,0,unknown,no
59.0,management,single,tertiary,no,7668.0,no,no,cellular,5,aug,124.0,1,-1,0,unknown,no
78.0,retired,divorced,primary,no,55.0,no,no,telephone,5,nov,143.0,3,90,1,other,no
33.0,services,married,primary,no,0.0,yes,no,cellular,7,may,227.0,2,-1,0,unknown,no
38.0,blue-collar,divorced,secondary,no,2998.0,yes,no,unknown,11,jun,91.0,1,-1,0,unknown,no
35.0,self-employed,married,secondary,no,524.0,yes,no,cellular,21,nov,484.0,4,-1,0,unknown,no
30.0,technician,single,tertiary,no,106.0,yes,no,cellular,13,may,119.0,3,-1,0,unknown,no
31.0,services,single,secondary,no,85.0,no,no,cellular,16,jul,151.0,1,-1,0,unknown,no
35.0,technician,married,secondary,no,249.0,no,no,cellular,21,aug,205.0,8,-1,0,unknown,no
45.0,management,married,tertiary,no,10.0,no,no,cellular,26,aug,133.0,7,-1,0,unknown,no
40.0,admin.,married,secondary,no,523.0,yes,yes,unknown,8,may,598.0,3,-1,0,unknown,no
50.0,services,married,secondary,no,1321.0,no,no,unknown,17,jun,271.0,2,-1,0,unknown,no
29.0,admin.,single,secondary,no,-194.0,yes,no,cellular,7,may,127.0,1,-1,0,unknown,no
41.0,unemployed,single,tertiary,no,4517.0,yes,no,cellular,20,nov,137.0,1,-1,0,unknown,no
44.0,technician,married,tertiary,no,964.0,no,no,cellular,29,jul,158.0,2,-1,0,unknown,no
29.0,unknown,single,secondary,no,923.0,no,no,cellular,26,may,333.0,1,-1,0,unknown,no
49.0,technician,divorced,secondary,no,2677.0,yes,yes,cellular,31,jul,67.0,3,-1,0,unknown,no
30.0,admin.,single,secondary,no,873.0,no,no,cellular,7,oct,301.0,1,216,2,failure,no
37.0,blue-collar,married,unknown,no,-1050.0,yes,no,unknown,2,jun,548.0,2,-1,0,unknown,no
52.0,admin.,divorced,secondary,no,361.0,no,yes,cellular,20,nov,147.0,1,-1,0,unknown,no
30.0,management,single,tertiary,no,1466.0,no,no,cellular,12,aug,111.0,4,-1,0,unknown,no
40.0,admin.,single,secondary,no,782.0,yes,no,cellular,21,dec,94.0,5,202,17,failure,no
33.0,blue-collar,married,secondary,no,3576.0,yes,no,cellular,2,apr,124.0,1,308,2,other,no
,self-employed,single,secondary,no,3.0,yes,no,unknown,5,may,301.0,1,-1,0,unknown,no
33.0,blue-collar,married,secondary,no,-112.0,yes,no,unknown,28,may,132.0,1,-1,0,unknown,no
35.0,unemployed,married,secondary,no,759.0,no,no,cellular,19,nov,556.0,3,-1,0,unknown,no
54.0,management,married,tertiary,no,195.0,no,yes,cellular,4,feb,47.0,1,265,6,other,no
32.0,services,married,secondary,no,15.0,yes,no,cellular,15,may,391.0,1,-1,0,unknown,no
32.0,technician,married,tertiary,no,-1053.0,yes,no,cellular,21,jul,357.0,3,-1,0,unknown,no
44.0,,married,secondary,no,488.0,no,yes,cellular,29,jan,138.0,2,183,11,failure,no
53.0,technician,married,secondary,no,287.0,no,no,telephone,6,feb,13.0,5,-1,0,unknown,no
53.0,admin.,married,secondary,no,578.0,no,no,cellular,29,aug,59.0,2,-1,0,unknown,no
40.0,management,single,tertiary,no,1509.0,no,no,cellular,12,may,333.0,1,58,3,failure,no
29.0,admin.,single,secondary,no,3794.0,no,no,cellular,30,apr,249.0,1,-1,0,unknown,no
36.0,housemaid,married,primary,no,4324.0,yes,no,cellular,14,jul,565.0,4,-1,0,unknown,no
40.0,blue-collar,divorced,secondary,no,793.0,yes,no,,15,may,109.0,1,-1,0,unknown,no
58.0,services,married,primary,no,943.0,yes,no,unknown,3,jun,243.0,3,-1,0,unknown,no
34.0,management,married,tertiary,no,0.0,yes,yes,cellular,10,jul,129.0,1,-1,0,unknown,no
60.0,blue-collar,married,secondary,no,,yes,no,telephone,9,jul,196.0,1,-1,0,unknown,no
23.0,student,single,unknown,no,565.0,no,no,cellular,28,may,162.0,7,-1,0,unknown,no
59.0,unknown,married,unknown,no,1541.0,no,no,cellular,5,aug,790.0,1,-1,0,unknown,no
42.0,technician,married,tertiary,no,1079.0,no,no,cellular,31,jul,61.0,2,-1,0,unknown,no
50.0,management,married,tertiary,no,0.0,no,no,cellular,10,aug,232.0,3,130,3,other,no
31.0,management,single,secondary,no,1310.0,yes,no,cellular,18,may,12.0,2,-1,0,unknown,no
31.0,management,single,tertiary,no,98.0,no,no,cellular,11,aug,69.0,2,-1,0,unknown,no
28.0,admin.,married,secondary,no,5.0,yes,no,cellular,18,jul,121.0,1,-1,0,unknown,no
56.0,admin.,married,primary,no,0.0,yes,no,cellular,3,apr,353.0,2,227,4,failure,no
23.0,student,single,secondary,no,9216.0,no,no,cellular,5,jun,471.0,2,-1,0,unknown,no
30.0,entrepreneur,married,secondary,no,2551.0,yes,no,unknown,5,jun,142.0,2,-1,0,unknown,no
54.0,technician,married,secondary,no,0.0,no,no,telephone,14,aug,159.0,2,106,6,success,no
35.0,blue-collar,married,secondary,no,154.0,yes,no,unknown,23,may,211.0,4,-1,0,unknown,no
29.0,admin.,married,secondary,no,-150.0,yes,no,unknown,6,may,328.0,1,-1,0,unknown,no
48.0,management,married,primary,no,427.0,no,no,cellular,17,nov,62.0,1,-1,0,unknown,no
43.0,admin.,single,tertiary,no,664.0,yes,no,cellular,17,apr,119.0,1,-1,0,,no
40.0,management,single,tertiary,no,0.0,no,no,cellular,26,aug,58.0,7,-1,0,unknown,no
38.0,entrepreneur,married,secondary,no,680.0,yes,no,unknown,19,may,144.0,2,-1,0,unknown,no
30.0,admin.,married,secondary,no,4.0,no,no,unknown,20,jun,7.0,2,-1,0,unknown,no
60.0,blue-collar,married,secondary,no,196.0,no,no,unknown,20,jun,583.0,3,-1,0,unknown,no
31.0,entrepreneur,divorced,secondary,no,290.0,yes,no,cellular,13,apr,230.0,1,-1,0,unknown,no
28.0,student,single,tertiary,no,221.0,yes,no,cellular,15,may,176.0,1,-1,0,unknown,no
31.0,technician,married,secondary,no,180.0,no,no,cellular,26,may,222.0,1,70,2,success,no
48.0,services,single,primary,no,-139.0,no,no,cellular,13,may,75.0,2,-1,0,unknown,no
36.0,blue-collar,single,primary,no,79.0,no,no,unknown,20,jun,9.0,3,-1,0,unknown,no
41.0,management,divorced,tertiary,no,236.0,no,no,cellular,3,feb,159.0,2,-1,0,unknown,no
35.0,management,single,tertiary,no,1120.0,no,no,unknown,21,sep,4.0,1,771,2,success,no
51.0,management,divorced,tertiary,no,-2282.0,yes,yes,cellular,14,jul,301.0,167,-1,0,unknown,no
35.0,blue-collar,married,secondary,no,2200.0,yes,no,cellular,17,apr,14.0,1,-1,0,unknown,no
51.0,management,single,unknown,no,-461.0,yes,no,unknown,28,may,33.0,2,-1,0,unknown,no
56.0,blue-collar,married,secondary,no,385.0,no,no,cellular,20,aug,210.0,3,-1,0,unknown,no
59.0,retired,married,secondary,no,2291.0,no,yes,cellular,14,jul,127.0,3,-1,0,unknown,no
27.0,services,married,secondary,no,54.0,yes,no,cellular,18,may,97.0,1,370,1,failure,no
48.0,services,married,secondary,no,2850.0,yes,no,cellular,6,aug,107.0,3,-1,0,unknown,no
24.0,admin.,single,secondary,no,1235.0,yes,yes,unknown,30,may,76.0,3,-1,0,unknown,no
56.0,admin.,married,secondary,no,360.0,yes,yes,cellular,24,jul,98.0,2,-1,0,unknown,no
34.0,management,married,tertiary,no,1352.0,no,no,cellular,8,aug,265.0,2,-1,0,unknown,no
35.0,technician,married,secondary,no,905.0,no,yes,cellular,21,aug,114.0,2,-1,0,unknown,no
57.0,retired,married,tertiary,no,138.0,no,no,unknown,26,may,157.0,5,-1,0,unknown,no
30.0,blue-collar,single,secondary,no,0.0,yes,no,cellular,14,jul,768.0,2,-1,0,unknown,no
40.0,admin.,divorced,secondary,no,221.0,yes,no,unknown,13,may,154.0,2,-1,0,unknown,no
48.0,blue-collar,married,primary,no,-254.0,no,yes,cellular,29,aug,134.0,4,-1,0,unknown,no
35.0,management,married,tertiary,no,1510.0,yes,no,unknown,9,may,61.0,1,-1,0,unknown,no
46.0,services,married,secondary,no,1757.0,yes,no,unknown,14,may,380.0,4,-1,0,unknown,no
30.0,blue-collar,married,primary,no,0.0,yes,no,cellular,6,may,239.0,2,-1,0,unknown,no
37.0,services,single,secondary,no,934.0,yes,no,unknown,16,may,242.0,3,-1,0,unknown,no
30.0,unemployed,married,tertiary,no,0.0,yes,no,cellular,18,nov,756.0,1,-1,0,unknown,no
46.0,management,married,tertiary,no,1217.0,yes,no,unknown,15,may,236.0,1,-1,0,unknown,no
43.0,blue-collar,divorced,primary,no,-57.0,yes,no,unknown,16,may,221.0,2,-1,0,unknown,no
40.0,blue-collar,single,secondary,no,82.0,yes,no,cellular,13,may,135.0,6,370,5,failure,no
34.0,unemployed,married,secondary,no,438.0,yes,yes,cellular,9,apr,272.0,1,323,1,failure,no
43.0,admin.,divorced,secondary,no,729.0,yes,no,unknown,30,may,668.0,2,-1,0,unknown,no
31.0,services,married,secondary,no,0.0,yes,no,cellular,29,jan,224.0,2,-1,0,unknown,no
37.0,blue-collar,married,secondary,no,374.0,yes,no,unknown,7,may,944.0,3,-1,0,unknown,no
49.0,self-employed,single,tertiary,no,-341.0,no,yes,cellular,18,nov,920.0,2,-1,0,unknown,no
38.0,blue-collar,married,secondary,no,-367.0,yes,yes,cellular,12,may,354.0,1,-1,0,unknown,no
27.0,admin.,single,secondary,no,592.0,yes,yes,cellular,5,feb,466.0,3,-1,0,unknown,no
35.0,management,divorced,tertiary,no,457.0,yes,no,cellular,5,feb,114.0,3,-1,0,unknown,no
47.0,unemployed,single,secondary,no,4819.0,no,no,cellular,18,nov,144.0,1,-1,0,unknown,no
56.0,blue-collar,married,primary,no,-85.0,yes,yes,unknown,26,may,118.0,1,-1,0,unknown,no
26.0,self-employed,single,secondary,no,467.0,yes,yes,unknown,4,jun,90.0,2,-1,0,unknown,no
29.0,admin.,single,secondary,no,-309.0,yes,yes,unknown,4,jun,215.0,1,-1,0,unknown,no
53.0,blue-collar,married,secondary,no,21522.0,no,no,unknown,24,jun,146.0,4,-1,0,unknown,no
38.0,blue-collar,married,primary,no,467.0,yes,no,unknown,16,may,379.0,1,-1,0,unknown,no
33.0,blue-collar,married,tertiary,no,870.0,no,yes,,8,jul,545.0,3,-1,0,unknown,no
30.0,blue-collar,single,secondary,no,-93.0,yes,no,unknown,27,may,149.0,2,-1,0,unknown,no
36.0,admin.,married,secondary,no,75.0,yes,no,unknown,4,jul,52.0,4,-1,0,unknown,no
37.0,blue-collar,single,secondary,no,292.0,no,no,unknown,8,sep,9.0,1,-1,0,unknown,no
60.0,blue-collar,married,secondary,no,0.0,no,yes,unknown,5,jun,124.0,1,-1,0,unknown,no
48.0,management,married,tertiary,no,263.0,yes,no,unknown,5,may,350.0,2,-1,0,unknown,no
32.0,management,married,tertiary,no,134.0,no,yes,cellular,29,aug,162.0,2,-1,0,unknown,no
31.0,self-employed,single,tertiary,no,91.0,no,no,unknown,23,may,206.0,1,-1,0,unknown,no
54.0,management,married,tertiary,no,0.0,no,yes,cellular,19,nov,307.0,3,-1,0,unknown,no
31.0,self-employed,married,tertiary,no,229.0,no,no,cellular,29,jan,184.0,1,-1,0,unknown,no
31.0,blue-collar,married,secondary,no,892.0,yes,no,cellular,29,jul,25.0,22,-1,0,unknown,no
29.0,services,single,secondary,no,,yes,no,cellular,5,may,19.0,2,-1,0,unknown,no
23.0,blue-collar,married,primary,no,-213.0,no,no,unknown,13,may,165.0,2,-1,0,unknown,no
51.0,management,married,tertiary,no,-321.0,no,no,cellular,6,feb,470.0,2,9,2,other,no
32.0,blue-collar,single,secondary,no,604.0,no,no,cellular,30,jan,410.0,2,196,2,other,no
48.0,management,married,primary,no,606.0,no,no,cellular,5,mar,77.0,6,-1,0,unknown,no
32.0,blue-collar,married,primary,no,1518.0,yes,no,telephone,6,feb,35.0,3,-1,0,unknown,no
44.0,housemaid,married,secondary,no,192.0,no,no,unknown,11,jun,232.0,2,-1,0,unknown,no
35.0,,married,,no,0.0,yes,yes,cellular,25,jul,86.0,4,-1,0,unknown,no
46.0,technician,married,secondary,yes,289.0,no,no,unknown,7,may,51.0,3,-1,0,unknown,no
31.0,admin.,married,secondary,no,535.0,no,no,unknown,9,may,249.0,3,-1,0,unknown,no
31.0,blue-collar,single,secondary,no,33.0,yes,no,unknown,15,may,214.0,4,-1,0,unknown,no
36.0,blue-collar,married,primary,no,243.0,yes,yes,unknown,30,may,118.0,2,-1,0,unknown,no
35.0,services,married,tertiary,no,0.0,yes,no,unknown,2,jun,312.0,2,-1,0,unknown,no
35.0,services,married,secondary,no,1279.0,yes,no,unknown,16,jun,114.0,5,-1,0,unknown,no
36.0,technician,married,tertiary,no,1327.0,no,no,cellular,29,oct,174.0,2,-1,0,unknown,no
52.0,blue-collar,married,tertiary,no,297.0,yes,no,cellular,18,nov,62.0,2,195,1,failure,no
27.0,technician,single,secondary,no,740.0,yes,no,cellular,5,may,294.0,1,-1,0,unknown,no
47.0,services,married,secondary,no,278.0,yes,no,cellular,7,may,51.0,1,366,1,other,no
43.0,unemployed,married,secondary,no,553.0,no,no,telephone,4,feb,125.0,1,-1,0,unknown,no
41.0,entrepreneur,married,primary,no,406.0,no,no,unknown,6,jun,272.0,1,-1,0,unknown,no
18.0,student,single,secondary,no,5.0,no,no,cellular,24,aug,143.0,2,-1,0,unknown,no
45.0,blue-collar,married,secondary,no,2071.0,no,yes,telephone,22,jul,1148.0,2,-1,0,unknown,no
41.0,technician,married,secondary,no,0.0,no,no,cellular,28,jan,411.0,2,156,8,other,no
34.0,technician,married,tertiary,no,932.0,yes,no,cellular,4,jun,218.0,1,-1,0,unknown,no
46.0,services,married,secondary,no,-119.0,yes,no,cellular,22,jul,151.0,3,-1,0,unknown,no
38.0,technician,married,secondary,no,381.0,yes,no,unknown,29,may,126.0,2,-1,0,unknown,no
23.0,services,married,secondary,no,1309.0,yes,no,unknown,3,jun,349.0,2,-1,0,unknown,no
73.0,,married,primary,no,542.0,no,no,telephone,29,apr,107.0,5,-1,0,unknown,no
41.0,technician,married,unknown,no,30.0,yes,no,cellular,10,jul,151.0,1,-1,0,unknown,no
43.0,management,single,tertiary,no,0.0,no,no,cellular,11,aug,155.0,2,-1,0,unknown,no
51.0,management,married,tertiary,no,-15.0,no,no,cellular,25,jul,212.0,2,-1,0,unknown,no
45.0,services,married,unknown,no,318.0,no,no,cellular,16,jul,63.0,2,-1,0,unknown,no
47.0,housemaid,divorced,primary,no,1405.0,no,no,unknown,12,jun,127.0,1,-1,0,unknown,no
35.0,blue-collar,married,tertiary,no,5271.0,yes,no,cellular,14,apr,119.0,2,-1,0,unknown,no
38.0,admin.,divorced,secondary,no,-51.0,no,yes,cellular,30,jan,102.0,1,-1,0,unknown,no
31.0,management,married,tertiary,no,3914.0,no,yes,cellular,29,jan,266.0,1,-1,0,unknown,no
49.0,entrepreneur,married,tertiary,no,4976.0,yes,no,cellular,21,nov,105.0,1,-1,0,unknown,no
29.0,blue-collar,single,secondary,no,16.0,no,no,unknown,12,may,197.0,3,-1,0,unknown,no
39.0,admin.,married,secondary,no,1595.0,yes,no,unknown,5,jun,102.0,2,-1,0,unknown,no
41.0,entrepreneur,married,tertiary,no,306.0,yes,no,unknown,20,jun,102.0,3,-1,0,unknown,no
34.0,blue-collar,single,secondary,no,215.0,no,no,cellular,5,jun,329.0,1,94,3,success,no
39.0,management,single,tertiary,no,0.0,yes,no,cellular,12,may,561.0,4,369,3,failure,no
78.0,retired,divorced,unknown,no,2628.0,no,no,telephone,14,apr,129.0,2,-1,0,unknown,no
33.0,management,married,tertiary,no,1778.0,no,no,cellular,26,may,134.0,1,103,1,success,no
59.0,retired,married,primary,no,1423.0,yes,no,unknown,15,may,584.0,2,-1,0,unknown,no
52.0,management,married,tertiary,no,659.0,no,no,cellular,23,jul,517.0,4,-1,0,unknown,no
35.0,entrepreneur,married,tertiary,no,-31.0,yes,no,cellular,21,nov,171.0,2,-1,0,unknown,no
43.0,admin.,married,secondary,yes,-204.0,yes,no,unknown,26,may,163.0,2,-1,0,unknown,no
43.0,technician,single,secondary,no,1462.0,no,no,unknown,9,jun,75.0,2,-1,0,unknown,no
36.0,blue-collar,married,secondary,no,723.0,yes,no,cellular,31,jul,101.0,2,-1,0,unknown,no
36.0,admin.,single,tertiary,no,3954.0,yes,no,unknown,21,may,,1,-1,0,unknown,no
45.0,unemployed,single,secondary,no,33.0,no,no,cellular,5,feb,437.0,1,-1,0,unknown,no
47.0,management,married,primary,no,4151.0,yes,no,unknown,14,may,114.0,1,-1,0,unknown,no
38.0,admin.,divorced,secondary,yes,0.0,no,yes,cellular,21,jul,126.0,3,-1,0,unknown,no
45.0,entrepreneur,married,tertiary,no,219.0,yes,yes,cellular,28,jul,118.0,4,-1,0,unknown,no
33.0,technician,married,tertiary,no,2728.0,no,no,cellular,5,aug,295.0,2,-1,0,unknown,no
38.0,management,divorced,tertiary,no,76.0,no,no,cellular,30,jan,220.0,3,-1,0,unknown,no
36.0,technician,married,tertiary,no,4388.0,no,no,cellular,8,aug,52.0,3,-1,0,unknown,no
38.0,blue-collar,married,secondary,no,-210.0,yes,no,unknown,8,may,21.0,1,-1,0,unknown,no
34.0,self-employed,married,tertiary,no,2427.0,no,no,telephone,11,aug,90.0,3,70,3,failure,no
32.0,admin.,single,secondary,no,45.0,yes,yes,cellular,14,may,908.0,3,344,7,other,no
49.0,technician,married,secondary,yes,-74.0,yes,no,cellular,19,nov,114.0,1,-1,0,unknown,no
37.0,management,single,tertiary,no,2173.0,no,no,cellular,21,nov,158.0,3,114,1,failure,no
47.0,technician,divorced,tertiary,no,8422.0,no,no,cellular,8,aug,200.0,4,-1,0,unknown,no
28.0,self-employed,married,tertiary,no,120.0,yes,yes,unknown,8,may,,3,-1,0,unknown,no
29.0,admin.,divorced,secondary,no,1320.0,yes,yes,unknown,8,may,489.0,1,-1,0,unknown,no
30.0,services,single,secondary,no,245.0,no,yes,cellular,8,jul,187.0,2,-1,0,unknown,no
34.0,admin.,divorced,primary,no,9569.0,yes,no,unknown,9,may,43.0,2,-1,0,unknown,no
39.0,technician,single,unknown,no,0.0,yes,no,unknown,7,may,130.0,1,-1,0,unknown,no
26.0,blue-collar,married,secondary,no,2770.0,yes,no,unknown,8,may,141.0,1,-1,0,unknown,no
38.0,technician,divorced,secondary,no,1221.0,yes,yes,cellular,18,aug,73.0,7,-1,0,unknown,no
47.0,admin.,married,secondary,no,298.0,yes,no,cellular,11,may,183.0,1,-1,0,unknown,no
61.0,management,married,secondary,no,967.0,no,no,cellular,20,aug,180.0,1,-1,0,unknown,no
35.0,technician,married,secondary,no,0.0,no,no,cellular,14,jul,125.0,2,-1,0,unknown,no
34.0,admin.,married,secondary,no,0.0,yes,no,cellular,9,feb,30.0,4,-1,0,unknown,no
34.0,entrepreneur,married,secondary,no,1368.0,yes,no,cellular,18,nov,252.0,2,-1,0,unknown,no
56.0,,single,secondary,no,751.0,yes,no,cellular,15,may,43.0,8,177,5,failure,no
47.0,services,married,secondary,no,2597.0,yes,no,unknown,16,may,323.0,1,-1,0,unknown,no
36.0,unemployed,married,secondary,no,-35.0,no,no,cellular,30,jan,339.0,3,-1,0,unknown,no
43.0,technician,married,secondary,no,629.0,no,no,cellular,5,aug,196.0,1,-1,0,unknown,no
51.0,admin.,married,primary,no,1330.0,yes,no,unknown,15,may,415.0,8,-1,0,unknown,no
40.0,technician,single,secondary,no,277.0,yes,no,unknown,14,may,274.0,2,-1,0,unknown,no
38.0,services,married,tertiary,no,1018.0,no,no,unknown,16,jun,325.0,3,-1,0,unknown,no
34.0,management,married,tertiary,no,11.0,yes,no,cellular,17,jul,654.0,1,-1,0,unknown,no
47.0,self-employed,married,tertiary,no,0.0,no,no,telephone,21,nov,28.0,101,-1,0,unknown,no
57.0,entrepreneur,married,secondary,no,905.0,no,no,cellular,7,aug,121.0,1,-1,0,unknown,no
35.0,technician,married,secondary,no,15474.0,no,no,cellular,21,nov,89.0,1,92,2,other,no
45.0,management,married,tertiary,no,54.0,yes,no,telephone,13,may,107.0,3,-1,0,unknown,no
55.0,unemployed,married,secondary,no,-246.0,no,yes,cellular,8,jul,305.0,2,-1,0,unknown,no
54.0,management,married,secondary,no,0.0,no,no,cellular,19,nov,106.0,1,-1,0,unknown,no
39.0,services,married,primary,no,1951.0,yes,no,unknown,23,may,208.0,2,-1,0,unknown,no
58.0,services,married,primary,no,65.0,no,no,unknown,27,jun,162.0,1,-1,0,unknown,no
31.0,admin.,married,secondary,no,368.0,yes,no,cellular,5,may,414.0,5,361,3,other,no
35.0,blue-collar,married,primary,no,51.0,yes,no,unknown,28,may,593.0,2,-1,0,unknown,no
45.0,technician,married,secondary,no,3492.0,yes,yes,unknown,20,jun,,4,-1,0,unknown,no
44.0,admin.,divorced,secondary,no,21.0,yes,no,cellular,13,apr,681.0,3,-1,0,unknown,no
57.0,blue-collar,married,primary,no,8403.0,no,no,unknown,20,jun,11.0,11,-1,0,,no
41.0,technician,married,secondary,no,978.0,no,no,cellular,29,jul,55.0,2,-1,0,unknown,no
42.0,blue-collar,married,secondary,no,165.0,yes,no,unknown,23,may,333.0,2,-1,0,unknown,no
49.0,technician,single,unknown,no,350.0,no,no,cellular,28,jan,91.0,3,-1,0,unknown,no
52.0,self-employed,divorced,secondary,no,385.0,no,yes,cellular,26,aug,96.0,4,-1,0,unknown,no
57.0,blue-collar,married,secondary,no,2058.0,yes,no,telephone,18,may,23.0,2,-1,0,unknown,no
29.0,management,single,tertiary,no,-11.0,yes,no,cellular,14,may,164.0,2,-1,0,unknown,no
34.0,blue-collar,single,primary,no,505.0,yes,no,unknown,13,may,351.0,1,-1,0,unknown,no
36.0,management,married,tertiary,no,-547.0,yes,no,cellular,30,apr,267.0,1,259,2,failure,no
39.0,management,married,tertiary,no,562.0,no,no,cellular,13,sep,303.0,2,-1,0,unknown,no
53.0,blue-collar,divorced,primary,no,4222.0,no,no,unknown,9,jun,112.0,1,-1,0,unknown,no
40.0,services,married,secondary,no,105.0,yes,no,cellular,9,jul,161.0,1,-1,0,unknown,no
38.0,services,single,secondary,no,0.0,yes,no,unknown,27,may,166.0,2,-1,0,unknown,no
34.0,admin.,single,secondary,no,66.0,yes,no,unknown,26,may,237.0,1,-1,0,unknown,no
40.0,services,married,secondary,no,0.0,yes,yes,cellular,2,feb,226.0,2,-1,0,unknown,no
39.0,management,married,secondary,no,13578.0,yes,no,cellular,21,nov,185.0,2,-1,0,unknown,no
51.0,technician,single,tertiary,no,11222.0,yes,no,cellular,21,nov,126.0,2,171,7,failure,no
33.0,admin.,married,secondary,no,1737.0,no,no,cellular,30,apr,524.0,2,-1,0,unknown,no
59.0,management,divorced,tertiary,no,59.0,yes,no,unknown,5,may,273.0,1,-1,0,unknown,no
30.0,technician,single,secondary,no,,no,no,cellular,11,aug,194.0,2,-1,0,unknown,no
61.0,technician,married,primary,no,2282.0,no,no,cellular,25,nov,1092.0,1,-1,0,unknown,no
24.0,admin.,married,secondary,no,299.0,yes,no,cellular,6,may,209.0,1,321,1,failure,no
36.0,management,married,tertiary,no,396.0,no,no,cellular,13,aug,67.0,5,-1,0,unknown,no
34.0,,single,tertiary,no,184.0,yes,no,cellular,30,jul,87.0,3,-1,0,unknown,no
47.0,blue-collar,married,primary,no,475.0,yes,yes,cellular,29,jan,99.0,2,251,7,other,no
40.0,technician,married,secondary,no,-496.0,no,no,telephone,28,jul,22.0,2,-1,0,unknown,no
46.0,technician,divorced,secondary,no,117.0,no,no,cellular,29,aug,94.0,2,-1,0,unknown,no
32.0,management,married,tertiary,no,713.0,yes,no,cellular,11,aug,76.0,7,-1,0,unknown,no
39.0,management,married,tertiary,no,45.0,no,no,,28,aug,148.0,4,-1,0,unknown,no
35.0,management,single,tertiary,no,1496.0,yes,no,cellular,22,aug,73.0,4,-1,0,unknown,no
37.0,services,single,primary,no,0.0,no,yes,cellular,6,feb,155.0,6,245,5,other,no
45.0,technician,married,unknown,no,886.0,yes,no,cellular,13,oct,75.0,2,42,1,failure,no
38.0,blue-collar,married,primary,no,4592.0,yes,no,cellular,12,may,360.0,1,-1,0,unknown,no
52.0,technician,married,secondary,no,-38.0,no,no,unknown,6,jun,613.0,1,-1,0,unknown,no
28.0,blue-collar,single,primary,no,431.0,yes,no,cellular,13,may,68.0,2,363,2,failure,no
35.0,management,single,tertiary,no,-292.0,yes,no,cellular,18,may,166.0,2,272,6,failure,no
45.0,technician,married,secondary,no,2571.0,no,no,unknown,18,jun,146.0,2,-1,0,unknown,no
33.0,management,single,tertiary,no,191.0,no,yes,cellular,3,feb,678.0,4,209,1,failure,no
42.0,technician,divorced,secondary,no,1689.0,yes,no,cellular,31,jul,50.0,2,-1,0,unknown,no
23.0,student,single,secondary,no,8494.0,no,no,,25,aug,158.0,2,-1,0,unknown,no
49.0,entrepreneur,divorced,secondary,no,159.0,yes,no,unknown,13,may,95.0,3,-1,0,unknown,no
52.0,technician,married,tertiary,no,7.0,no,yes,unknown,5,may,175.0,1,-1,0,unknown,no
27.0,management,single,secondary,no,35.0,no,no,cellular,4,jul,255.0,1,-1,0,unknown,no
34.0,management,married,secondary,no,1007.0,yes,no,cellular,21,jul,240.0,2,-1,0,unknown,no
31.0,technician,married,secondary,no,106.0,yes,no,unknown,13,may,101.0,13,-1,0,unknown,no
45.0,admin.,married,secondary,no,0.0,yes,no,cellular,18,nov,108.0,5,-1,0,unknown,no
32.0,admin.,married,secondary,no,0.0,no,no,unknown,23,may,206.0,3,-1,0,unknown,no
51.0,blue-collar,married,primary,no,216.0,yes,no,cellular,17,apr,666.0,3,274,3,failure,no
56.0,management,married,tertiary,no,746.0,no,no,cellular,30,apr,193.0,1,-1,0,unknown,no
44.0,admin.,married,secondary,no,764.0,yes,no,cellular,3,sep,232.0,1,213,1,failure,no
41.0,blue-collar,married,secondary,no,193.0,yes,no,unknown,29,may,130.0,1,-1,0,unknown,no
54.0,self-employed,married,tertiary,no,368.0,no,no,telephone,31,jul,7.0,4,-1,0,,no
31.0,technician,single,secondary,no,205.0,yes,no,unknown,3,jun,342.0,2,-1,0,unknown,no
25.0,admin.,single,secondary,no,,yes,no,unknown,9,may,176.0,2,-1,0,unknown,no
50.0,technician,divorced,secondary,no,8016.0,no,no,cellular,17,jul,903.0,4,-1,0,unknown,no
41.0,entrepreneur,married,tertiary,no,221.0,yes,no,unknown,14,may,57.0,2,-1,0,unknown,no
33.0,unemployed,single,tertiary,no,157.0,yes,no,unknown,26,may,897.0,5,-1,0,unknown,no
49.0,blue-collar,married,primary,no,4830.0,yes,no,unknown,6,jun,350.0,1,-1,0,unknown,no
34.0,technician,single,tertiary,no,1039.0,no,no,cellular,11,aug,342.0,3,-1,0,unknown,no
60.0,retired,married,primary,no,71.0,no,no,cellular,10,jul,121.0,3,-1,0,unknown,no
45.0,admin.,married,secondary,no,1214.0,yes,no,cellular,2,feb,150.0,2,189,2,failure,no
40.0,self-employed,married,secondary,no,0.0,no,no,unknown,19,jun,61.0,1,-1,0,unknown,no
50.0,admin.,divorced,secondary,no,0.0,yes,no,unknown,20,jun,174.0,1,-1,0,unknown,no
27.0,management,single,secondary,no,116.0,yes,no,cellular,6,feb,138.0,2,-1,0,unknown,no
53.0,technician,married,secondary,no,100.0,no,no,cellular,13,aug,205.0,4,-1,0,unknown,no
31.0,services,single,secondary,no,91.0,yes,no,cellular,18,may,111.0,2,-1,0,unknown,no
24.0,blue-collar,single,secondary,no,-398.0,yes,no,cellular,18,may,14.0,3,355,4,other,no
68.0,retired,married,tertiary,no,2820.0,no,no,cellular,5,mar,158.0,1,92,3,success,no
27.0,services,single,secondary,no,223.0,yes,yes,cellular,13,may,297.0,2,-1,0,unknown,no
46.0,management,single,tertiary,no,2278.0,no,no,cellular,12,aug,218.0,5,-1,0,unknown,no
23.0,technician,single,secondary,no,-782.0,yes,yes,unknown,19,jun,197.0,10,-1,0,unknown,no
76.0,retired,married,unknown,no,8919.0,no,no,cellular,28,jan,231.0,1,-1,0,unknown,no
48.0,entrepreneur,married,secondary,no,104.0,yes,yes,cellular,18,nov,55.0,1,-1,0,unknown,no
60.0,management,married,tertiary,no,3387.0,no,no,cellular,14,aug,636.0,2,-1,0,,no
46.0,entrepreneur,married,secondary,no,0.0,no,yes,cellular,18,jul,115.0,1,-1,0,unknown,no
36.0,admin.,single,secondary,no,449.0,yes,no,unknown,20,jun,136.0,3,-1,0,unknown,no
30.0,technician,single,secondary,no,4787.0,yes,no,cellular,18,nov,266.0,1,167,2,failure,no
33.0,management,single,tertiary,no,1240.0,yes,no,cellular,4,feb,505.0,2,260,1,other,no
36.0,admin.,single,secondary,no,191.0,yes,no,cellular,25,jul,18.0,7,-1,0,unknown,no
44.0,blue-collar,married,,no,2185.0,yes,no,unknown,16,may,698.0,1,-1,0,unknown,no
36.0,admin.,single,secondary,no,0.0,yes,no,cellular,21,nov,139.0,2,-1,0,unknown,no
44.0,technician,married,,no,,no,no,cellular,5,aug,318.0,2,-1,0,unknown,no
70.0,retired,married,primary,no,3782.0,no,no,cellular,16,mar,618.0,1,-1,0,unknown,no
48.0,technician,divorced,tertiary,no,83.0,no,yes,cellular,19,aug,243.0,6,-1,0,unknown,no
52.0,management,married,tertiary,no,6.0,no,no,telephone,19,oct,57.0,1,-1,0,unknown,no
34.0,admin.,single,secondary,no,88.0,yes,no,unknown,27,may,169.0,2,-1,0,unknown,no
35.0,technician,married,secondary,no,294.0,yes,no,cellular,15,jun,238.0,6,98,5,success,no
54.0,entrepreneur,married,tertiary,no,84.0,no,no,cellular,29,jul,34.0,2,-1,0,unknown,no
47.0,technician,divorced,secondary,no,84.0,no,no,cellular,8,aug,49.0,2,-1,0,unknown,no
38.0,blue-collar,married,secondary,no,602.0,yes,no,unknown,30,may,161.0,12,-1,0,unknown,no
41.0,management,divorced,secondary,no,0.0,no,no,cellular,6,aug,438.0,2,-1,0,unknown,no
28.0,blue-collar,married,secondary,no,-470.0,yes,no,cellular,7,may,275.0,2,-1,0,unknown,no
58.0,services,married,,no,-37.0,no,yes,telephone,6,feb,150.0,2,205,6,failure,no
59.0,admin.,married,secondary,no,2145.0,no,no,telephone,17,nov,273.0,2,-1,0,unknown,no
32.0,management,married,tertiary,no,937.0,no,no,cellular,26,may,61.0,1,190,1,failure,no
55.0,blue-collar,married,secondary,no,2059.0,yes,no,cellular,11,may,149.0,1,259,4,failure,no
38.0,blue-collar,married,secondary,no,3598.0,no,no,unknown,6,jun,154.0,1,-1,0,unknown,no
40.0,blue-collar,married,primary,no,1206.0,no,yes,telephone,16,jul,201.0,5,-1,0,unknown,no
45.0,entrepreneur,divorced,tertiary,no,1273.0,yes,yes,cellular,20,nov,206.0,2,162,3,failure,no
42.0,entrepreneur,married,secondary,no,46.0,no,no,cellular,2,feb,1013.0,1,-1,0,unknown,no
53.0,self-employed,married,secondary,no,534.0,yes,no,cellular,29,jul,115.0,4,-1,0,unknown,no
32.0,technician,married,secondary,no,-300.0,no,no,cellular,28,aug,226.0,9,-1,0,unknown,no
55.0,housemaid,married,primary,no,4.0,no,no,cellular,21,nov,85.0,3,-1,0,unknown,no
54.0,services,married,unknown,no,386.0,no,yes,cellular,19,nov,74.0,1,152,1,success,no
46.0,blue-collar,married,secondary,no,-396.0,no,yes,cellular,4,aug,115.0,1,-1,0,unknown,no
39.0,management,married,tertiary,no,0.0,yes,no,cellular,11,may,112.0,1,-1,0,unknown,no
36.0,management,divorced,tertiary,no,14930.0,no,no,cellular,23,jul,190.0,1,-1,0,unknown,no
44.0,management,married,tertiary,no,-600.0,yes,no,cellular,18,aug,360.0,1,-1,0,unknown,no
28.0,student,single,tertiary,no,3733.0,yes,no,cellular,21,aug,419.0,5,91,7,success,no
36.0,admin.,married,secondary,no,465.0,yes,no,unknown,20,may,160.0,1,-1,0,unknown,no
43.0,technician,married,secondary,no,994.0,yes,yes,cellular,5,may,51.0,1,-1,0,unknown,no
25.0,blue-collar,married,secondary,no,758.0,yes,no,unknown,28,may,504.0,3,-1,0,unknown,no
31.0,management,married,tertiary,no,256.0,yes,no,cellular,7,jul,28.0,24,-1,0,unknown,no
60.0,retired,married,tertiary,no,3461.0,no,no,cellular,3,feb,128.0,2,-1,0,unknown,no
29.0,technician,divorced,secondary,no,124.0,no,no,unknown,27,may,125.0,1,-1,0,unknown,no
46.0,services,divorced,secondary,no,355.0,yes,no,cellular,8,may,122.0,2,338,8,other,no
31.0,management,married,tertiary,no,1514.0,no,no,cellular,12,aug,284.0,2,-1,0,unknown,no
31.0,management,married,tertiary,no,40.0,no,no,cellular,2,feb,118.0,2,-1,0,unknown,no
45.0,blue-collar,married,unknown,no,-320.0,yes,no,unknown,28,may,204.0,3,-1,0,unknown,no
60.0,retired,married,primary,no,566.0,no,yes,cellular,23,jul,423.0,1,-1,0,unknown,no
50.0,housemaid,married,secondary,no,388.0,no,no,cellular,8,jun,152.0,2,89,2,success,no
34.0,management,married,tertiary,no,577.0,yes,no,cellular,20,apr,243.0,2,153,1,failure,no
33.0,admin.,married,secondary,no,17.0,yes,no,cellular,13,may,74.0,1,351,1,failure,no
57.0,housemaid,married,primary,no,260.0,yes,no,unknown,16,may,38.0,3,-1,0,unknown,no
38.0,self-employed,divorced,secondary,no,0.0,yes,no,cellular,20,apr,84.0,1,-1,0,unknown,no
42.0,management,married,tertiary,no,1823.0,yes,no,unknown,13,may,31.0,1,-1,0,unknown,no
54.0,self-employed,married,primary,no,1463.0,no,no,unknown,20,jun,60.0,1,-1,0,unknown,no
46.0,services,divorced,unknown,no,3390.0,no,no,unknown,20,jun,152.0,3,-1,0,unknown,no
59.0,management,married,primary,no,2769.0,yes,no,cellular,19,nov,104.0,1,131,2,failure,no
38.0,self-employed,married,secondary,no,215.0,yes,no,cellular,20,nov,70.0,1,167,1,failure,no
49.0,technician,married,secondary,no,12531.0,no,no,cellular,13,aug,77.0,8,-1,0,unknown,no
49.0,technician,married,tertiary,no,80.0,no,no,cellular,17,jul,123.0,1,-1,0,unknown,no
30.0,technician,divorced,tertiary,no,317.0,yes,no,cellular,25,jul,67.0,5,-1,0,unknown,no
52.0,self-employed,single,primary,no,217.0,no,yes,cellular,15,jul,193.0,6,-1,0,unknown,no
38.0,admin.,married,secondary,no,4874.0,no,no,unknown,6,jun,1291.0,3,-1,0,unknown,no
44.0,admin.,single,secondary,no,275.0,yes,no,cellular,14,may,7.0,5,367,4,failure,no
39.0,management,married,primary,no,738.0,yes,yes,cellular,18,jul,215.0,3,-1,0,unknown,no
38.0,admin.,married,secondary,no,1839.0,no,no,unknown,23,may,63.0,2,-1,0,unknown,no
36.0,technician,divorced,secondary,no,,yes,no,cellular,18,nov,154.0,3,189,1,failure,no
32.0,services,married,secondary,no,207.0,yes,no,unknown,23,may,360.0,1,-1,0,unknown,no
57.0,admin.,divorced,secondary,no,-461.0,yes,yes,unknown,4,jun,145.0,8,-1,0,unknown,no
45.0,blue-collar,married,primary,no,789.0,no,yes,cellular,29,jan,79.0,1,-1,0,unknown,no
43.0,management,divorced,tertiary,no,1133.0,yes,no,cellular,5,may,131.0,1,-1,0,unknown,no
42.0,admin.,single,secondary,no,4253.0,yes,no,cellular,13,may,146.0,1,-1,0,unknown,no
58.0,retired,married,,no,255.0,no,no,unknown,28,may,,3,-1,0,unknown,no
53.0,unemployed,married,secondary,no,582.0,yes,no,unknown,8,may,96.0,2,-1,0,unknown,no
30.0,technician,married,secondary,no,743.0,no,no,cellular,29,jan,142.0,2,-1,0,unknown,no
40.0,blue-collar,married,primary,no,570.0,yes,no,unknown,12,may,109.0,3,-1,0,unknown,no
35.0,admin.,married,secondary,no,786.0,no,yes,cellular,25,jul,322.0,1,-1,0,unknown,no
34.0,services,married,secondary,no,295.0,yes,yes,cellular,4,jul,64.0,1,-1,0,unknown,no
35.0,management,married,tertiary,no,2583.0,no,no,cellular,19,nov,210.0,1,-1,0,unknown,no
28.0,blue-collar,single,secondary,no,1285.0,no,no,telephone,30,jan,199.0,2,2,17,other,no
39.0,technician,single,secondary,no,287.0,yes,no,cellular,14,jul,84.0,3,-1,0,unknown,no
51.0,admin.,married,primary,no,658.0,yes,no,unknown,14,may,369.0,1,-1,0,unknown,no
29.0,blue-collar,married,secondary,no,246.0,yes,no,cellular,28,jul,194.0,5,-1,0,unknown,no
44.0,entrepreneur,married,tertiary,no,3463.0,yes,yes,cellular,28,aug,210.0,3,-1,0,unknown,no
32.0,blue-collar,divorced,unknown,no,291.0,yes,yes,unknown,27,jun,120.0,6,-1,0,unknown,no
28.0,admin.,single,secondary,no,19.0,no,no,cellular,8,jul,78.0,4,-1,0,unknown,no
53.0,blue-collar,married,secondary,no,5700.0,yes,no,unknown,14,may,97.0,1,-1,0,unknown,no
81.0,retired,divorced,unknown,no,0.0,no,no,telephone,16,oct,128.0,1,-1,0,unknown,no
33.0,blue-collar,married,secondary,no,-346.0,yes,yes,unknown,23,may,29.0,3,-1,0,unknown,no
37.0,entrepreneur,married,tertiary,yes,-456.0,yes,yes,unknown,20,jun,42.0,7,-1,0,unknown,no
37.0,technician,married,secondary,no,5953.0,no,no,cellular,5,aug,1113.0,1,-1,0,unknown,no
35.0,technician,single,secondary,no,1693.0,yes,no,cellular,26,may,58.0,1,105,1,success,no
30.0,admin.,married,secondary,no,350.0,no,yes,cellular,9,jul,171.0,5,-1,0,unknown,no
43.0,blue-collar,married,primary,no,-181.0,yes,no,cellular,17,apr,351.0,1,337,3,failure,no
45.0,retired,divorced,secondary,no,1735.0,no,yes,unknown,17,jun,306.0,1,-1,0,unknown,no
34.0,blue-collar,married,secondary,no,157.0,yes,no,cellular,11,jul,254.0,2,-1,0,unknown,no
40.0,admin.,married,secondary,no,67.0,no,yes,cellular,19,nov,359.0,2,152,5,failure,no
60.0,admin.,married,primary,no,-444.0,no,yes,cellular,16,jul,227.0,1,-1,0,unknown,no
54.0,self-employed,married,primary,no,0.0,no,yes,telephone,9,jul,130.0,2,-1,0,unknown,no
39.0,blue-collar,married,secondary,no,171.0,yes,yes,cellular,8,may,153.0,1,353,1,failure,no
44.0,admin.,married,secondary,no,262.0,yes,no,cellular,9,jul,74.0,1,-1,0,unknown,no
32.0,technician,married,,no,0.0,yes,no,cellular,19,nov,231.0,4,-1,0,unknown,no
34.0,blue-collar,married,secondary,no,965.0,yes,no,cellular,20,apr,372.0,2,332,2,other,no
44.0,management,married,tertiary,no,0.0,no,no,unknown,13,may,27.0,1,-1,0,unknown,no
30.0,management,single,tertiary,no,6392.0,yes,no,cellular,5,may,335.0,1,-1,0,unknown,no
47.0,unknown,married,unknown,no,194.0,no,no,,4,aug,108.0,1,-1,0,unknown,no
74.0,retired,divorced,primary,no,2308.0,no,no,telephone,16,sep,251.0,2,535,2,success,no
27.0,admin.,married,secondary,no,941.0,yes,no,cellular,11,jul,124.0,1,-1,0,unknown,no
34.0,housemaid,divorced,primary,no,46.0,yes,no,telephone,11,jul,31.0,2,-1,0,unknown,no
52.0,housemaid,divorced,secondary,no,131.0,yes,yes,cellular,11,may,87.0,1,-1,0,unknown,no
32.0,services,married,secondary,no,1844.0,yes,yes,cellular,3,feb,158.0,4,201,6,failure,no
42.0,admin.,married,secondary,no,281.0,yes,no,unknown,15,may,118.0,1,-1,0,unknown,no
31.0,technician,single,secondary,no,109.0,yes,no,unknown,21,may,419.0,1,-1,0,unknown,no
31.0,technician,divorced,secondary,no,268.0,no,no,unknown,16,may,118.0,2,-1,0,unknown,no
31.0,admin.,married,secondary,no,298.0,yes,yes,unknown,26,may,518.0,1,-1,0,unknown,no
57.0,entrepreneur,married,secondary,yes,-525.0,no,yes,cellular,25,jul,337.0,1,-1,0,unknown,no
40.0,management,married,primary,no,738.0,yes,yes,cellular,2,apr,399.0,2,258,3,failure,no
23.0,blue-collar,married,secondary,no,94.0,yes,no,unknown,5,may,193.0,1,-1,0,unknown,no
43.0,management,divorced,unknown,no,not_available,no,no,cellular,1,sep,108.0,7,102,3,success,no
45.0,admin.,divorced,unknown,no,857.0,no,no,telephone,8,jul,49.0,7,-1,0,unknown,no
58.0,technician,divorced,secondary,no,-354.0,yes,yes,cellular,7,jul,98.0,1,-1,0,unknown,no
38.0,blue-collar,married,unknown,no,0.0,yes,no,cellular,2,apr,477.0,2,267,1,failure,no
48.0,admin.,married,secondary,no,112.0,no,no,cellular,18,aug,139.0,5,-1,0,unknown,no
47.0,technician,divorced,secondary,no,5735.0,no,no,unknown,19,jun,282.0,4,-1,0,unknown,no
49.0,technician,divorced,tertiary,no,1807.0,yes,no,cellular,2,jun,225.0,1,82,1,success,no
28.0,blue-collar,single,primary,no,-30.0,yes,no,cellular,31,jul,108.0,5,-1,0,unknown,no
31.0,student,single,secondary,no,216.0,no,no,cellular,3,jun,138.0,1,-1,0,unknown,no
38.0,technician,married,tertiary,no,127.0,yes,no,cellular,14,oct,113.0,1,50,2,success,no
43.0,blue-collar,married,secondary,no,1096.0,no,yes,unknown,30,may,180.0,1,-1,0,unknown,no
52.0,management,married,secondary,no,5193.0,no,no,cellular,23,apr,477.0,2,-1,0,unknown,no
43.0,admin.,single,secondary,no,6.0,no,no,unknown,16,may,244.0,1,-1,0,unknown,no
29.0,blue-collar,married,,no,339.0,yes,no,cellular,15,may,63.0,3,354,2,failure,no
45.0,services,married,secondary,no,0.0,no,no,cellular,11,jul,106.0,2,-1,0,unknown,no
127.0,blue-collar,married,primary,no,625.0,no,no,cellular,9,jul,133.0,1,-1,0,unknown,no
48.0,blue-collar,married,secondary,no,3776.0,no,no,telephone,4,may,254.0,4,-1,0,unknown,no
30.0,management,married,tertiary,no,1239.0,no,no,cellular,28,aug,125.0,5,-1,0,unknown,no
23.0,housemaid,single,primary,no,93.0,yes,no,cellular,18,may,70.0,3,-1,0,unknown,no
38.0,technician,divorced,tertiary,no,304.0,yes,no,cellular,20,apr,8.0,2,-1,0,unknown,no
52.0,blue-collar,married,primary,no,1409.0,yes,no,unknown,19,jun,224.0,1,-1,0,unknown,no
44.0,services,married,secondary,no,191.0,yes,yes,cellular,7,may,490.0,1,-1,0,unknown,no
34.0,blue-collar,single,secondary,no,79.0,no,yes,cellular,20,nov,104.0,1,-1,0,unknown,no
32.0,blue-collar,married,secondary,no,2263.0,no,no,cellular,7,may,113.0,2,-1,0,unknown,no
41.0,technician,married,secondary,no,10438.0,yes,no,telephone,15,jul,141.0,4,-1,0,unknown,no
31.0,admin.,single,secondary,no,81.0,yes,no,cellular,23,apr,215.0,2,165,11,other,no
40.0,management,married,tertiary,no,964.0,yes,no,telephone,13,may,95.0,3,-1,0,unknown,no
52.0,blue-collar,divorced,primary,no,0.0,no,no,cellular,20,nov,19.0,1,-1,0,unknown,no
32.0,services,married,secondary,no,3839.0,yes,no,cellular,18,nov,100.0,2,189,1,failure,no
26.0,admin.,single,secondary,no,586.0,yes,yes,unknown,12,may,215.0,1,-1,0,unknown,no
29.0,management,single,tertiary,no,600.0,yes,no,cellular,18,oct,170.0,5,-1,0,unknown,no
31.0,management,married,tertiary,no,1343.0,yes,yes,unknown,21,may,85.0,1,-1,0,unknown,no
48.0,blue-collar,married,unknown,no,113.0,no,no,cellular,11,aug,104.0,13,-1,0,unknown,no
27.0,blue-collar,single,secondary,no,240.0,yes,no,cellular,18,may,166.0,4,-1,0,unknown,no
30.0,blue-collar,married,secondary,no,194.0,yes,no,cellular,8,may,475.0,3,-1,0,unknown,no
28.0,blue-collar,married,primary,no,278.0,yes,yes,telephone,15,may,31.0,9,373,4,other,no
35.0,blue-collar,married,secondary,no,260.0,yes,no,telephone,13,may,155.0,6,-1,0,unknown,no
47.0,technician,divorced,secondary,no,1013.0,no,no,cellular,15,jun,54.0,3,-1,0,unknown,no
35.0,blue-collar,married,primary,no,0.0,yes,no,cellular,8,may,265.0,1,290,2,failure,no
31.0,technician,married,secondary,no,2363.0,yes,no,unknown,13,may,247.0,1,-1,0,unknown,no
53.0,blue-collar,married,secondary,no,913.0,yes,no,cellular,23,jul,730.0,1,-1,0,unknown,no
26.0,technician,single,tertiary,no,686.0,yes,no,unknown,30,may,98.0,2,-1,0,unknown,no
35.0,technician,married,secondary,no,149.0,yes,no,cellular,29,jan,99.0,1,245,2,failure,no
29.0,admin.,married,secondary,no,500.0,yes,no,cellular,8,may,8.0,8,-1,0,unknown,no
39.0,technician,married,tertiary,no,11766.0,yes,no,cellular,14,aug,313.0,4,102,5,failure,no
31.0,technician,single,secondary,no,137.0,no,no,cellular,27,aug,27.0,14,-1,0,unknown,no
48.0,management,single,tertiary,no,0.0,no,no,unknown,18,jun,96.0,3,-1,0,unknown,no
36.0,management,single,tertiary,no,335.0,no,no,unknown,10,oct,5.0,1,772,4,failure,no
27.0,admin.,married,secondary,no,16.0,yes,no,cellular,3,feb,54.0,3,-1,0,unknown,no
49.0,admin.,married,secondary,no,0.0,no,no,cellular,22,aug,115.0,2,-1,0,unknown,no
34.0,technician,single,tertiary,no,9851.0,yes,no,cellular,20,nov,128.0,5,-1,0,unknown,no
28.0,services,single,secondary,no,525.0,no,no,cellular,23,jul,81.0,1,-1,0,unknown,no
49.0,technician,married,secondary,no,788.0,no,no,unknown,17,jun,162.0,7,-1,0,unknown,no
35.0,blue-collar,married,tertiary,no,1016.0,yes,no,cellular,17,jul,294.0,2,-1,0,unknown,no
53.0,housemaid,divorced,secondary,no,292.0,no,no,unknown,12,jun,92.0,2,-1,0,unknown,no
58.0,retired,single,primary,no,999.0,no,no,,25,jul,,6,-1,0,unknown,no
37.0,blue-collar,married,secondary,no,2870.0,yes,no,unknown,6,jun,94.0,2,-1,0,unknown,no
27.0,admin.,single,tertiary,no,689.0,no,no,cellular,26,jan,98.0,1,307,1,failure,no
30.0,services,single,secondary,no,-100.0,yes,yes,cellular,15,may,292.0,1,-1,0,unknown,no
35.0,blue-collar,married,unknown,no,1084.0,yes,no,cellular,10,jul,1019.0,1,-1,0,unknown,no
32.0,management,single,tertiary,no,154.0,no,yes,cellular,21,aug,301.0,3,-1,0,unknown,no
53.0,blue-collar,married,secondary,no,1653.0,no,no,unknown,17,jun,88.0,2,-1,0,unknown,no
34.0,admin.,married,secondary,no,2378.0,yes,yes,telephone,10,jul,92.0,1,-1,0,unknown,no
38.0,management,single,tertiary,no,1515.0,yes,no,telephone,31,jul,42.0,5,-1,0,unknown,no
34.0,admin.,married,tertiary,no,1636.0,yes,yes,cellular,6,sep,136.0,1,521,2,failure,no
40.0,self-employed,married,secondary,no,1516.0,yes,yes,unknown,23,may,373.0,1,-1,0,unknown,no
48.0,services,married,secondary,no,127.0,no,no,cellular,8,jul,117.0,1,-1,0,unknown,no
30.0,management,single,tertiary,no,2876.0,no,no,cellular,6,aug,103.0,4,-1,0,unknown,no
31.0,management,married,tertiary,no,1384.0,yes,no,cellular,30,jan,203.0,2,2,3,other,no
37.0,technician,single,secondary,no,228.0,yes,no,cellular,20,aug,1740.0,2,-1,0,unknown,no
32.0,technician,single,tertiary,no,2481.0,no,no,cellular,18,aug,547.0,11,-1,0,unknown,no
40.0,,married,secondary,no,475.0,yes,no,unknown,5,may,332.0,2,-1,0,unknown,no
41.0,management,divorced,tertiary,no,1401.0,no,no,unknown,16,jun,110.0,4,-1,0,unknown,no
52.0,technician,married,unknown,no,425.0,yes,no,cellular,28,jan,219.0,2,254,3,failure,no
29.0,blue-collar,single,secondary,no,244.0,yes,no,cellular,15,may,19.0,2,-1,0,unknown,no
49.0,management,married,tertiary,yes,-6847.0,no,yes,cellular,21,jul,206.0,1,-1,0,unknown,no
43.0,management,married,tertiary,yes,0.0,no,no,cellular,27,aug,25.0,19,-1,0,unknown,no
42.0,management,married,tertiary,no,386.0,yes,no,unknown,7,may,168.0,1,-1,0,unknown,no
37.0,management,married,tertiary,no,332.0,yes,no,cellular,14,aug,190.0,2,84,7,failure,no
57.0,services,divorced,primary,no,1367.0,no,no,unknown,9,jun,144.0,3,-1,0,unknown,no
25.0,admin.,single,secondary,no,120.0,yes,no,unknown,3,jun,542.0,1,-1,0,unknown,no
30.0,technician,single,secondary,no,19.0,yes,no,cellular,18,aug,16.0,15,-1,0,unknown,no
31.0,admin.,married,secondary,no,3.0,yes,no,cellular,28,jul,37.0,12,-1,0,unknown,no
49.0,blue-collar,married,primary,yes,,yes,no,cellular,20,nov,182.0,2,-1,0,unknown,no
47.0,blue-collar,married,secondary,no,303.0,no,no,unknown,11,jun,261.0,1,-1,0,unknown,no
57.0,services,divorced,secondary,no,-752.0,yes,no,,28,may,102.0,1,-1,0,unknown,no
26.0,student,single,tertiary,no,97.0,no,no,cellular,27,aug,382.0,1,-1,0,unknown,no
40.0,retired,married,tertiary,no,794.0,no,no,unknown,9,may,138.0,1,-1,0,unknown,no
34.0,admin.,single,secondary,no,1880.0,yes,no,unknown,23,may,297.0,1,-1,0,unknown,no
41.0,blue-collar,married,unknown,no,732.0,yes,no,unknown,16,may,25.0,1,-1,0,unknown,no
53.0,management,married,tertiary,no,5261.0,no,yes,cellular,25,jul,1209.0,3,-1,0,unknown,no
26.0,admin.,single,secondary,no,712.0,yes,no,unknown,6,may,232.0,1,-1,0,unknown,no
28.0,student,single,secondary,no,28.0,no,no,cellular,29,jan,,2,-1,0,unknown,no
54.0,retired,married,primary,no,0.0,yes,no,cellular,11,jul,159.0,2,-1,0,unknown,no
42.0,technician,married,secondary,no,827.0,no,no,cellular,25,aug,153.0,3,-1,0,unknown,no
29.0,student,single,secondary,no,110.0,yes,no,unknown,7,may,169.0,3,-1,0,unknown,no
49.0,unemployed,married,tertiary,no,377.0,no,no,cellular,22,may,158.0,1,59,2,failure,no
32.0,services,married,secondary,no,-344.0,no,yes,cellular,4,feb,44.0,1,-1,0,unknown,no
29.0,admin.,single,tertiary,no,261.0,no,no,cellular,17,mar,136.0,19,-1,0,unknown,no
60.0,blue-collar,married,unknown,no,104.0,yes,no,unknown,5,may,22.0,1,-1,0,unknown,no
51.0,retired,married,primary,no,610.0,no,no,unknown,9,jun,86.0,2,-1,0,unknown,no
40.0,housemaid,divorced,secondary,no,4328.0,no,no,cellular,20,aug,133.0,2,-1,0,unknown,no
44.0,blue-collar,married,tertiary,no,1371.0,no,no,cellular,13,may,788.0,3,363,4,other,no
47.0,blue-collar,married,primary,no,193.0,yes,no,cellular,29,aug,171.0,2,-1,0,unknown,no
32.0,blue-collar,single,unknown,no,258.0,yes,no,cellular,18,may,291.0,2,-1,0,unknown,no
43.0,blue-collar,married,primary,no,56.0,no,no,cellular,12,may,365.0,2,-1,0,unknown,no
59.0,retired,married,secondary,no,136.0,no,no,cellular,6,aug,301.0,4,-1,0,unknown,no
24.0,blue-collar,married,secondary,no,1222.0,yes,no,cellular,20,apr,369.0,1,-1,0,unknown,no
26.0,admin.,single,tertiary,no,3672.0,yes,no,unknown,29,may,360.0,5,-1,0,unknown,no
37.0,blue-collar,single,unknown,no,2188.0,no,no,unknown,16,may,193.0,8,-1,0,unknown,no
27.0,management,single,secondary,no,924.0,yes,no,,3,feb,84.0,1,-1,0,unknown,no
32.0,technician,married,secondary,no,11431.0,no,no,cellular,12,aug,141.0,5,-1,0,unknown,no
44.0,blue-collar,married,primary,no,140.0,yes,no,unknown,15,may,7.0,9,-1,0,unknown,no
34.0,technician,divorced,secondary,no,27.0,yes,no,unknown,26,may,133.0,3,-1,0,unknown,no
39.0,management,married,tertiary,no,-468.0,yes,yes,cellular,8,aug,88.0,2,-1,0,unknown,no
30.0,services,single,secondary,no,438.0,yes,no,cellular,18,may,98.0,1,178,1,failure,no
44.0,admin.,divorced,secondary,no,-43.0,yes,yes,cellular,20,apr,206.0,1,-1,0,unknown,no
22.0,student,single,tertiary,no,1161.0,no,yes,cellular,16,jun,119.0,1,-1,0,unknown,no
28.0,services,single,secondary,no,458.0,no,no,cellular,4,feb,112.0,4,201,3,failure,no
41.0,blue-collar,married,primary,no,-441.0,yes,no,cellular,5,may,352.0,1,-1,0,unknown,no
30.0,technician,married,secondary,no,2278.0,no,yes,telephone,19,nov,47.0,1,-1,0,unknown,no
36.0,technician,single,secondary,no,,no,no,cellular,28,aug,8.0,13,-1,0,unknown,no
39.0,services,married,secondary,no,702.0,yes,no,cellular,8,apr,303.0,1,300,1,failure,no
38.0,technician,single,tertiary,no,69.0,yes,no,cellular,13,may,253.0,3,-1,0,unknown,no
31.0,services,married,secondary,no,182.0,no,no,cellular,20,aug,231.0,2,-1,0,unknown,no
29.0,management,married,tertiary,no,318.0,yes,no,,18,may,1434.0,2,356,4,failure,no
42.0,blue-collar,married,primary,no,-181.0,yes,no,unknown,15,may,297.0,3,-1,0,unknown,no
27.0,technician,single,secondary,no,261.0,yes,no,cellular,29,jan,236.0,2,247,2,failure,no
55.0,,married,secondary,no,244.0,yes,no,cellular,8,may,171.0,1,-1,0,unknown,no
28.0,technician,married,secondary,no,880.0,yes,no,unknown,26,may,188.0,1,-1,0,unknown,no
47.0,technician,married,secondary,no,2283.0,yes,no,cellular,21,nov,170.0,2,-1,0,unknown,no
49.0,technician,married,secondary,no,550.0,yes,no,unknown,5,jun,412.0,2,-1,0,unknown,no
38.0,entrepreneur,married,tertiary,no,7752.0,yes,no,cellular,15,jul,138.0,4,-1,0,unknown,no
53.0,technician,married,secondary,no,6.0,yes,no,unknown,5,may,517.0,1,-1,0,unknown,no
31.0,blue-collar,married,secondary,no,4471.0,yes,no,unknown,9,may,296.0,2,-1,0,unknown,no
57.0,housemaid,married,primary,no,1969.0,no,no,cellular,14,aug,286.0,3,-1,0,unknown,no
36.0,management,single,tertiary,no,219.0,no,no,cellular,3,feb,22.0,6,196,6,failure,no
38.0,management,married,tertiary,no,76.0,yes,no,cellular,20,apr,167.0,2,287,3,failure,no
30.0,admin.,single,secondary,no,60.0,no,no,cellular,29,jan,55.0,2,-1,0,unknown,no
36.0,management,single,tertiary,no,8.0,no,no,cellular,29,jul,858.0,7,-1,0,unknown,no
29.0,services,married,secondary,no,19.0,yes,no,cellular,29,jul,327.0,6,-1,0,unknown,no
32.0,admin.,married,secondary,no,20011.0,no,no,cellular,20,apr,234.0,1,-1,0,unknown,no
48.0,unemployed,married,primary,no,608.0,no,no,cellular,30,jul,362.0,2,-1,0,unknown,no
53.0,retired,married,primary,no,1068.0,no,no,cellular,28,jan,200.0,1,-1,0,unknown,no
35.0,technician,married,tertiary,no,-269.0,yes,yes,cellular,14,may,344.0,4,-1,0,unknown,no
48.0,management,married,tertiary,no,494.0,no,no,cellular,29,aug,81.0,8,-1,0,unknown,no
31.0,entrepreneur,single,secondary,no,159.0,yes,no,cellular,21,nov,66.0,1,182,1,failure,no
30.0,technician,single,secondary,no,-754.0,yes,yes,unknown,26,may,974.0,1,-1,0,unknown,no
28.0,admin.,married,secondary,no,157.0,yes,yes,cellular,28,jul,164.0,2,-1,0,unknown,no
42.0,management,married,tertiary,no,2110.0,no,yes,cellular,31,jul,106.0,2,-1,0,unknown,no
31.0,housemaid,married,primary,no,2603.0,yes,no,cellular,18,nov,224.0,1,-1,0,unknown,no
36.0,management,single,secondary,no,992.0,no,no,unknown,6,jun,351.0,1,-1,0,unknown,no
43.0,technician,single,secondary,no,593.0,yes,no,unknown,5,may,55.0,1,-1,0,unknown,no
28.0,student,married,tertiary,no,327.0,yes,no,cellular,15,may,104.0,3,-1,0,unknown,no
34.0,management,single,tertiary,no,6766.0,no,no,cellular,28,aug,210.0,5,-1,0,unknown,no
36.0,technician,married,secondary,no,432.0,yes,yes,unknown,4,aug,94.0,1,-1,0,unknown,no
28.0,admin.,single,secondary,no,25.0,yes,no,unknown,5,jun,109.0,2,-1,0,unknown,no
34.0,blue-collar,married,primary,no,5299.0,yes,no,unknown,26,jun,75.0,5,-1,0,unknown,no
53.0,admin.,single,secondary,no,291.0,no,no,unknown,23,jul,145.0,1,-1,0,unknown,no
52.0,self-employed,married,secondary,no,517.0,no,no,cellular,26,aug,77.0,4,-1,0,unknown,no
44.0,unemployed,married,primary,no,97.0,yes,no,unknown,5,jun,105.0,3,-1,0,unknown,no
58.0,self-employed,married,tertiary,no,1636.0,no,no,cellular,15,apr,187.0,1,-1,0,unknown,no
47.0,admin.,married,secondary,no,996.0,no,no,telephone,29,aug,247.0,2,-1,0,unknown,no
40.0,blue-collar,single,secondary,no,0.0,yes,no,unknown,27,may,59.0,4,-1,0,unknown,no
39.0,management,married,tertiary,no,710.0,yes,no,cellular,11,jul,211.0,2,-1,0,unknown,no
33.0,self-employed,single,tertiary,no,1049.0,no,no,cellular,4,may,126.0,4,-1,0,unknown,no
23.0,student,single,secondary,no,556.0,yes,no,cellular,15,may,170.0,2,-1,0,unknown,no
31.0,services,single,secondary,no,629.0,yes,no,unknown,21,may,369.0,2,-1,0,unknown,no
39.0,blue-collar,married,primary,no,,yes,no,unknown,16,may,208.0,3,-1,0,unknown,no
42.0,management,divorced,tertiary,no,0.0,no,no,unknown,19,may,131.0,2,-1,0,unknown,no
46.0,admin.,married,secondary,no,1264.0,no,no,telephone,28,jan,100.0,2,-1,0,unknown,no
22.0,student,single,secondary,no,64.0,no,no,cellular,4,jun,missing,1,-1,0,unknown,no
50.0,technician,married,secondary,no,2497.0,yes,no,cellular,21,nov,35.0,1,176,1,failure,no
50.0,technician,single,secondary,no,-97.0,yes,no,cellular,8,apr,425.0,1,306,2,failure,no
34.0,management,married,tertiary,no,161.0,yes,no,cellular,11,jul,378.0,1,-1,0,unknown,no
40.0,admin.,married,secondary,no,732.0,no,no,cellular,9,sep,71.0,1,139,4,success,no
39.0,blue-collar,married,secondary,no,94.0,yes,yes,cellular,19,nov,181.0,1,-1,0,unknown,no
51.0,blue-collar,married,tertiary,no,2404.0,yes,no,telephone,20,nov,30.0,1,-1,0,unknown,no
45.0,management,married,secondary,no,21.0,yes,no,unknown,3,jun,788.0,2,-1,0,unknown,no
34.0,technician,single,tertiary,no,2658.0,yes,no,cellular,31,mar,265.0,1,230,2,failure,no
30.0,self-employed,married,secondary,no,131.0,yes,no,unknown,8,may,306.0,1,-1,0,unknown,no
57.0,unemployed,married,primary,no,0.0,yes,no,cellular,20,nov,231.0,2,-1,0,unknown,no
42.0,blue-collar,married,secondary,no,351.0,yes,no,unknown,16,may,76.0,21,-1,0,unknown,no
51.0,technician,married,secondary,no,250000.0,no,yes,cellular,8,jul,187.0,2,-1,0,unknown,no
38.0,blue-collar,married,primary,no,2240.0,yes,no,cellular,19,nov,551.0,1,183,1,failure,no
60.0,self-employed,married,primary,no,46.0,yes,no,unknown,6,may,202.0,4,-1,0,unknown,no
38.0,blue-collar,married,primary,no,132.0,yes,no,cellular,14,may,797.0,2,-1,0,,no
37.0,retired,married,secondary,no,71.0,no,yes,cellular,8,may,254.0,1,-1,0,unknown,no
34.0,management,single,tertiary,no,0.0,yes,yes,cellular,26,may,197.0,2,98,1,other,no
39.0,housemaid,married,primary,no,267.0,no,no,unknown,9,jun,1151.0,5,-1,0,unknown,no
55.0,services,married,secondary,no,841.0,yes,no,cellular,15,may,140.0,9,372,4,failure,no
48.0,blue-collar,married,primary,no,51.0,no,yes,telephone,9,jul,76.0,1,-1,0,unknown,no
42.0,blue-collar,married,primary,no,7735.0,yes,no,cellular,13,apr,166.0,1,144,2,failure,no
29.0,housemaid,married,primary,no,417.0,no,no,cellular,23,jul,108.0,2,-1,0,unknown,no
33.0,blue-collar,single,secondary,no,-14.0,yes,no,cellular,14,may,223.0,2,-1,0,unknown,no
35.0,blue-collar,married,primary,no,2490.0,yes,no,cellular,18,may,170.0,1,180,3,failure,no
28.0,admin.,married,secondary,no,0.0,yes,no,cellular,7,may,47.0,1,-1,0,unknown,no
26.0,blue-collar,single,secondary,no,184.0,no,no,cellular,3,feb,110.0,2,6,1,other,no
40.0,services,single,secondary,no,19343.0,yes,no,cellular,21,nov,13.0,4,179,4,failure,no
42.0,admin.,married,secondary,no,947.0,no,no,cellular,30,jul,158.0,2,-1,0,unknown,no
49.0,blue-collar,married,secondary,no,90.0,yes,no,unknown,7,may,127.0,1,-1,0,unknown,no
32.0,admin.,single,secondary,no,10218.0,yes,no,cellular,19,nov,149.0,2,-1,0,unknown,no
33.0,technician,married,secondary,yes,72.0,yes,no,unknown,6,may,623.0,1,-1,0,unknown,no
30.0,technician,single,secondary,no,120.0,yes,no,cellular,18,may,74.0,1,-1,0,unknown,no
20.0,student,single,secondary,no,130.0,no,no,telephone,4,may,75.0,3,-1,0,unknown,no
51.0,blue-collar,married,unknown,no,41.0,yes,no,telephone,9,jul,16.0,43,-1,0,unknown,no
38.0,blue-collar,single,primary,no,0.0,yes,no,cellular,7,may,350.0,2,-1,0,unknown,no
53.0,technician,married,tertiary,no,673.0,yes,no,cellular,9,jul,182.0,1,-1,0,unknown,no
34.0,blue-collar,divorced,secondary,no,-131.0,yes,no,cellular,7,may,132.0,1,356,1,failure,no
30.0,blue-collar,married,primary,no,2607.0,yes,no,unknown,28,may,158.0,10,-1,0,unknown,no
36.0,unemployed,divorced,secondary,no,5.0,yes,no,cellular,8,jul,305.0,1,-1,0,unknown,no
36.0,management,married,tertiary,no,23.0,no,no,cellular,26,aug,133.0,11,-1,0,unknown,no
39.0,blue-collar,married,secondary,no,180.0,yes,no,cellular,16,apr,237.0,1,-1,0,unknown,no
33.0,technician,single,tertiary,no,68.0,no,no,cellular,14,aug,96.0,2,-1,0,unknown,no
42.0,management,married,tertiary,no,0.0,no,no,cellular,13,aug,325.0,2,-1,0,unknown,no
30.0,management,single,tertiary,no,565.0,yes,no,cellular,26,oct,104.0,1,-1,0,unknown,no
23.0,technician,single,secondary,no,598.0,no,no,cellular,30,apr,166.0,1,-1,0,unknown,no
37.0,,single,tertiary,no,1609.0,no,yes,unknown,20,jun,10.0,19,-1,0,unknown,no
77.0,retired,married,tertiary,no,1047.0,no,no,cellular,30,jun,108.0,5,-1,0,unknown,no
33.0,technician,married,tertiary,no,5641.0,no,no,cellular,18,aug,168.0,2,-1,0,unknown,no
33.0,blue-collar,single,primary,no,557.0,yes,no,cellular,17,apr,91.0,2,331,2,failure,no
40.0,blue-collar,single,secondary,no,1066.0,yes,no,unknown,21,may,171.0,1,-1,0,unknown,no
58.0,retired,married,secondary,no,35.0,no,no,cellular,29,jul,336.0,7,-1,0,unknown,no
29.0,management,single,tertiary,no,54.0,yes,yes,unknown,26,may,257.0,3,-1,0,unknown,no
43.0,management,single,tertiary,no,1806.0,yes,no,cellular,12,aug,161.0,2,-1,0,unknown,no
34.0,blue-collar,single,secondary,no,39.0,no,no,cellular,13,may,254.0,2,299,3,failure,no
38.0,admin.,divorced,secondary,no,0.0,yes,no,cellular,21,jul,93.0,1,-1,0,unknown,no
38.0,admin.,divorced,secondary,no,930.0,yes,no,cellular,5,may,46.0,1,-1,0,unknown,no
40.0,blue-collar,married,primary,no,0.0,no,no,cellular,24,jul,313.0,1,-1,0,unknown,no
59.0,management,married,tertiary,no,2764.0,no,no,cellular,18,feb,459.0,1,56,3,failure,no
44.0,admin.,single,secondary,no,4492.0,no,yes,cellular,31,jul,19.0,13,-1,0,unknown,no
60.0,retired,divorced,tertiary,no,2166.0,no,no,unknown,20,jun,8.0,9,-1,0,unknown,no
37.0,management,single,tertiary,no,0.0,no,no,cellular,20,oct,107.0,1,258,3,other,no
50.0,admin.,married,secondary,no,1575.0,no,no,cellular,17,nov,407.0,1,-1,0,unknown,no
50.0,management,divorced,tertiary,no,201.0,yes,no,cellular,24,jul,248.0,1,-1,0,unknown,no
35.0,admin.,married,tertiary,no,318.0,yes,yes,cellular,1,oct,142.0,1,-1,0,unknown,no
39.0,,single,tertiary,no,1682.0,yes,no,cellular,19,nov,147.0,1,170,1,failure,no
29.0,self-employed,married,tertiary,no,242.0,yes,no,cellular,18,jul,73.0,4,-1,0,unknown,no
34.0,management,divorced,secondary,no,291.0,no,no,cellular,7,aug,91.0,2,-1,0,unknown,no
31.0,technician,divorced,secondary,no,304.0,no,no,cellular,2,feb,133.0,2,-1,0,unknown,no
51.0,housemaid,married,primary,no,108.0,no,no,unknown,16,jun,278.0,2,-1,0,unknown,no
46.0,blue-collar,married,primary,no,1303.0,no,no,cellular,4,aug,174.0,1,-1,0,unknown,no
27.0,admin.,single,secondary,no,292.0,yes,no,cellular,12,may,53.0,9,362,8,other,no
61.0,retired,married,secondary,no,89.0,no,no,cellular,28,oct,154.0,1,181,2,failure,no
34.0,admin.,married,tertiary,no,788.0,yes,no,cellular,5,feb,269.0,1,-1,0,unknown,no
30.0,blue-collar,single,secondary,no,573.0,yes,no,unknown,12,may,116.0,2,-1,0,unknown,no
58.0,management,married,tertiary,no,1318.0,no,no,cellular,16,jul,184.0,1,179,5,failure,no
30.0,technician,single,secondary,no,151.0,no,no,cellular,3,feb,276.0,2,-1,0,unknown,no
50.0,blue-collar,married,primary,no,-37.0,yes,no,unknown,12,may,78.0,3,-1,0,unknown,no
30.0,blue-collar,single,secondary,no,522.0,no,no,,6,feb,197.0,3,-1,0,unknown,no
43.0,entrepreneur,married,primary,no,2315.0,yes,yes,cellular,14,may,42.0,1,-1,0,unknown,no
35.0,services,divorced,secondary,no,-718.0,yes,no,cellular,21,nov,47.0,1,-1,0,unknown,no
36.0,management,single,tertiary,no,4.0,yes,no,cellular,7,jul,529.0,1,61,3,success,no
46.0,entrepreneur,married,tertiary,no,-43.0,no,no,unknown,12,may,138.0,8,-1,0,unknown,no
46.0,admin.,single,secondary,no,596.0,yes,no,cellular,20,apr,138.0,3,-1,0,unknown,no
29.0,unemployed,single,secondary,no,670.0,yes,no,unknown,26,sep,6.0,1,-1,0,unknown,no
48.0,blue-collar,married,primary,no,430.0,no,no,cellular,14,may,340.0,3,371,8,failure,no
50.0,management,divorced,tertiary,no,60.0,no,no,cellular,19,aug,255.0,2,-1,0,unknown,no
53.0,admin.,divorced,secondary,no,0.0,yes,yes,cellular,30,apr,586.0,2,-1,0,unknown,no
38.0,entrepreneur,married,tertiary,no,678.0,no,yes,cellular,18,nov,82.0,2,152,1,failure,no
27.0,management,married,tertiary,no,159.0,yes,no,cellular,25,jul,295.0,2,-1,0,unknown,no
36.0,technician,married,secondary,no,1345.0,yes,no,cellular,18,nov,82.0,1,172,3,failure,no
48.0,services,married,primary,no,483.0,no,no,cellular,6,aug,119.0,2,-1,0,unknown,no
59.0,unknown,married,unknown,no,2443.0,no,no,unknown,20,jun,8.0,8,-1,0,unknown,no
21.0,student,single,tertiary,no,1258.0,no,no,cellular,7,jul,404.0,1,-1,0,unknown,no
56.0,retired,divorced,secondary,no,389.0,yes,no,unknown,18,jun,379.0,5,-1,0,unknown,no
57.0,admin.,divorced,secondary,no,0.0,no,no,cellular,9,sep,121.0,2,-1,0,unknown,no
41.0,blue-collar,married,secondary,no,2067.0,yes,no,unknown,20,jun,120.0,4,-1,0,unknown,no
36.0,management,married,tertiary,no,332.0,yes,no,cellular,22,may,566.0,7,-1,0,unknown,no
45.0,management,married,tertiary,no,80.0,no,yes,cellular,19,nov,157.0,1,-1,0,unknown,no
40.0,housemaid,married,secondary,no,84.0,yes,yes,unknown,12,jun,230.0,7,-1,0,unknown,no
30.0,admin.,single,secondary,no,2702.0,yes,no,cellular,24,jul,129.0,2,-1,0,unknown,no
75.0,retired,divorced,primary,no,37127.0,no,no,cellular,11,feb,505.0,1,-1,0,unknown,no
35.0,technician,single,tertiary,no,0.0,yes,no,telephone,28,aug,46.0,2,-1,0,unknown,no
58.0,admin.,married,secondary,no,1813.0,yes,no,telephone,17,jul,15.0,1,-1,0,unknown,no
29.0,technician,single,secondary,no,1612.0,yes,no,unknown,26,may,375.0,2,-1,0,unknown,no
54.0,technician,single,secondary,no,198.0,yes,yes,cellular,17,nov,120.0,1,171,2,failure,no
28.0,blue-collar,single,secondary,no,1106.0,yes,no,cellular,17,apr,73.0,2,-1,0,unknown,no
,student,single,unknown,no,2321.0,no,no,cellular,15,apr,699.0,2,381,2,failure,no
56.0,admin.,married,secondary,no,,no,yes,cellular,19,nov,111.0,1,-1,0,unknown,no
50.0,management,married,tertiary,no,101.0,yes,no,unknown,15,may,,1,-1,0,unknown,no
37.0,technician,single,secondary,no,-59.0,yes,no,cellular,22,jul,70.0,1,-1,0,unknown,no
49.0,services,married,secondary,no,486.0,yes,yes,unknown,30,may,43.0,2,-1,0,unknown,no
54.0,retired,married,primary,no,136.0,yes,no,cellular,3,apr,,1,332,2,failure,no
40.0,management,married,tertiary,no,193.0,no,no,cellular,18,aug,105.0,6,-1,0,unknown,no
,technician,married,secondary,no,5083.0,no,no,cellular,27,oct,161.0,1,96,2,other,no
48.0,management,married,unknown,no,0.0,yes,no,cellular,8,may,612.0,1,344,1,other,no
43.0,management,married,tertiary,no,8.0,no,no,cellular,11,aug,95.0,4,-1,0,unknown,no
35.0,blue-collar,single,primary,no,21.0,yes,no,unknown,27,may,129.0,1,-1,0,unknown,no
55.0,technician,married,secondary,no,570.0,no,no,cellular,27,aug,94.0,6,-1,0,unknown,no
33.0,management,married,tertiary,no,644.0,yes,yes,cellular,3,feb,124.0,2,271,2,failure,no
41.0,technician,single,tertiary,no,1104.0,no,no,unknown,9,jun,352.0,1,-1,0,unknown,no
57.0,blue-collar,married,secondary,no,6004.0,yes,no,cellular,12,aug,157.0,6,-1,0,unknown,no
50.0,self-employed,married,tertiary,no,1503.0,no,no,cellular,27,aug,128.0,12,-1,0,unknown,no
63.0,technician,married,secondary,no,896.0,yes,no,cellular,28,jan,115.0,3,91,4,other,no
33.0,technician,single,secondary,no,177.0,yes,no,unknown,23,may,293.0,1,-1,0,unknown,no
47.0,blue-collar,married,secondary,no,665.0,no,no,cellular,18,aug,885.0,3,-1,0,unknown,no
36.0,services,married,secondary,no,380.0,yes,no,unknown,20,may,26.0,1,-1,0,unknown,no
23.0,student,single,secondary,no,151.0,yes,no,unknown,9,may,97.0,1,-1,0,unknown,no
33.0,technician,single,tertiary,no,179.0,yes,no,cellular,18,nov,432.0,2,181,4,other,no
36.0,management,married,tertiary,no,4.0,no,yes,cellular,29,jul,261.0,6,-1,0,unknown,no
47.0,blue-collar,married,secondary,no,116.0,yes,no,unknown,8,may,376.0,2,-1,0,unknown,no
39.0,management,married,tertiary,no,0.0,no,no,cellular,28,aug,93.0,25,-1,0,unknown,no
44.0,blue-collar,divorced,,no,-57.0,yes,no,cellular,7,may,234.0,1,356,2,failure,no
60.0,retired,married,primary,no,894.0,yes,no,unknown,15,may,,7,-1,0,unknown,no
42.0,management,married,tertiary,no,478.0,no,yes,cellular,8,jul,165.0,1,-1,0,unknown,no
32.0,technician,single,secondary,no,10.0,no,no,cellular,19,aug,190.0,2,-1,0,unknown,no
33.0,admin.,married,secondary,no,30.0,yes,no,telephone,5,may,125.0,2,-1,0,unknown,no
37.0,management,married,tertiary,no,578.0,yes,no,cellular,8,aug,401.0,4,-1,0,unknown,no
33.0,management,single,tertiary,no,2360.0,yes,no,cellular,20,nov,268.0,1,-1,0,unknown,no
59.0,retired,married,primary,no,-47.0,yes,no,cellular,27,aug,84.0,4,-1,0,unknown,no
42.0,technician,married,tertiary,no,-805.0,no,no,cellular,8,aug,103.0,6,-1,0,unknown,no
59.0,management,married,tertiary,yes,782.0,no,yes,cellular,13,aug,127.0,2,-1,0,unknown,no
31.0,technician,single,secondary,no,1282.0,no,no,cellular,12,may,144.0,1,460,2,failure,no
50.0,self-employed,single,secondary,no,766.0,yes,no,cellular,7,may,253.0,2,304,4,failure,no
29.0,blue-collar,single,secondary,no,348.0,yes,no,unknown,9,may,185.0,2,-1,0,unknown,no
36.0,entrepreneur,single,secondary,no,296.0,no,no,cellular,18,nov,67.0,2,111,2,failure,no
33.0,services,married,primary,no,908.0,yes,yes,cellular,14,jul,184.0,2,-1,0,unknown,no
38.0,admin.,divorced,,no,0.0,no,no,unknown,5,jun,56.0,1,-1,0,unknown,no
33.0,management,single,tertiary,no,5276.0,no,no,cellular,4,nov,572.0,1,-1,0,unknown,no
36.0,entrepreneur,single,tertiary,no,658.0,yes,no,unknown,16,jun,61.0,3,-1,0,unknown,no
36.0,management,single,tertiary,no,1089.0,yes,no,unknown,30,may,126.0,1,-1,0,unknown,no
44.0,admin.,married,secondary,no,1042.0,yes,no,cellular,18,may,136.0,1,-1,0,unknown,no
29.0,blue-collar,married,primary,no,544.0,no,yes,cellular,21,jul,121.0,4,-1,0,unknown,no
44.0,blue-collar,married,primary,no,134.0,yes,no,cellular,7,may,378.0,1,-1,0,unknown,no
55.0,management,married,tertiary,no,73.0,yes,no,unknown,5,may,142.0,2,-1,0,unknown,no
38.0,blue-collar,single,secondary,no,,yes,no,cellular,17,apr,291.0,4,331,1,failure,no
39.0,management,divorced,tertiary,no,30.0,no,yes,cellular,3,feb,265.0,4,-1,0,unknown,no
45.0,blue-collar,married,primary,no,-66.0,yes,no,unknown,6,may,263.0,2,-1,0,unknown,no
36.0,management,single,tertiary,no,1373.0,yes,no,unknown,20,may,144.0,2,-1,0,unknown,no
36.0,management,married,tertiary,no,8564.0,yes,no,unknown,23,may,125.0,1,-1,0,unknown,no
59.0,retired,divorced,primary,no,81.0,yes,no,unknown,5,may,107.0,1,-1,0,unknown,no
41.0,admin.,married,tertiary,no,5426.0,yes,no,unknown,14,may,149.0,2,-1,0,,no
29.0,self-employed,single,tertiary,no,16.0,yes,no,unknown,6,may,43.0,1,-1,0,unknown,no
50.0,management,single,tertiary,no,297.0,yes,no,unknown,5,may,119.0,1,-1,0,unknown,no
51.0,blue-collar,divorced,secondary,no,734.0,yes,yes,cellular,5,may,17.0,1,-1,0,unknown,no
29.0,management,single,tertiary,no,1514.0,yes,no,telephone,5,may,363.0,1,333,7,other,no
40.0,technician,single,secondary,no,153.0,no,no,cellular,7,aug,125.0,2,-1,0,unknown,no
36.0,student,married,primary,no,3503.0,no,no,unknown,6,jun,31.0,1,-1,0,unknown,no
49.0,technician,married,secondary,no,-849.0,yes,yes,unknown,27,may,197.0,1,-1,0,unknown,no
45.0,technician,married,secondary,no,1441.0,yes,no,cellular,18,nov,93.0,1,113,2,other,no
40.0,management,married,tertiary,no,2487.0,no,no,cellular,30,apr,126.0,1,-1,0,unknown,no
31.0,management,married,tertiary,no,927.0,no,no,cellular,18,aug,100.0,4,-1,0,unknown,no
32.0,entrepreneur,married,tertiary,no,598.0,no,no,cellular,18,aug,135.0,6,-1,0,unknown,no
44.0,admin.,married,secondary,no,345.0,yes,no,telephone,16,jul,208.0,8,-1,0,unknown,no
27.0,blue-collar,married,secondary,no,197.0,no,no,,23,jul,222.0,1,-1,0,unknown,no
25.0,admin.,single,tertiary,no,220.0,no,no,cellular,26,may,68.0,1,-1,0,unknown,no
56.0,services,married,secondary,no,9.0,no,yes,cellular,20,aug,285.0,2,-1,0,unknown,no
59.0,retired,married,secondary,no,5678.0,yes,no,unknown,14,may,238.0,2,-1,0,unknown,no
31.0,management,single,tertiary,no,0.0,no,no,cellular,25,aug,9.0,12,-1,0,unknown,no
49.0,admin.,divorced,secondary,no,169.0,yes,no,,30,may,447.0,1,-1,0,unknown,no
50.0,blue-collar,divorced,primary,no,,no,no,cellular,5,feb,701.0,1,-1,0,unknown,no
42.0,unknown,single,unknown,yes,61.0,no,no,unknown,20,jun,,1,-1,0,,no
37.0,management,married,tertiary,no,7100.0,no,no,cellular,20,nov,757.0,2,-1,0,unknown,no
36.0,blue-collar,single,secondary,no,219.0,yes,yes,cellular,11,may,270.0,2,347,1,failure,no
53.0,blue-collar,married,secondary,no,-76.0,no,no,cellular,29,jan,173.0,1,164,4,other,no
51.0,blue-collar,married,unknown,no,1432.0,no,no,cellular,9,jul,388.0,1,-1,0,unknown,no
42.0,blue-collar,married,secondary,no,879.0,yes,no,cellular,18,nov,140.0,1,-1,0,unknown,no
47.0,housemaid,married,primary,no,0.0,yes,no,telephone,24,jul,193.0,1,-1,0,unknown,no
40.0,self-employed,married,tertiary,no,1498.0,no,no,cellular,4,feb,62.0,1,-1,0,unknown,no
25.0,blue-collar,single,secondary,no,543.0,yes,no,cellular,15,may,302.0,1,-1,0,unknown,no
36.0,blue-collar,married,secondary,no,1797.0,yes,yes,cellular,17,nov,166.0,1,181,2,failure,no
80.0,retired,married,primary,no,2994.0,no,no,cellular,6,aug,320.0,1,-1,0,unknown,no
60.0,self-employed,married,secondary,no,1690.0,no,no,cellular,28,aug,64.0,11,-1,0,unknown,no
51.0,management,married,secondary,no,1573.0,no,no,cellular,28,aug,72.0,18,-1,0,unknown,no
59.0,housemaid,married,tertiary,no,0.0,no,yes,cellular,29,jul,376.0,2,-1,0,unknown,no
80.0,retired,married,secondary,no,173.0,no,no,cellular,2,aug,87.0,3,-1,0,unknown,no
47.0,admin.,married,unknown,no,989.0,no,no,unknown,19,jun,116.0,1,-1,0,unknown,no
36.0,services,married,secondary,no,335.0,yes,no,unknown,9,may,339.0,2,-1,0,unknown,no
31.0,blue-collar,single,unknown,yes,17.0,yes,no,cellular,6,may,72.0,1,-1,0,unknown,no
33.0,technician,married,secondary,no,-74.0,yes,no,cellular,25,jul,198.0,4,-1,0,unknown,no
45.0,services,married,unknown,no,8319.0,no,no,cellular,15,jun,75.0,2,-1,0,unknown,no
,blue-collar,single,secondary,no,15341.0,no,no,cellular,20,apr,335.0,1,334,3,failure,no
51.0,technician,married,secondary,no,52.0,no,no,cellular,13,aug,114.0,2,-1,0,unknown,no
51.0,unemployed,divorced,secondary,no,-56.0,yes,no,cellular,19,nov,544.0,3,-1,0,unknown,no
48.0,blue-collar,married,primary,no,1670.0,no,no,unknown,17,jun,145.0,1,-1,0,unknown,no
34.0,technician,single,tertiary,no,370.0,no,no,cellular,11,aug,116.0,2,-1,0,unknown,no
28.0,management,single,tertiary,no,466.0,yes,no,cellular,23,jul,170.0,2,-1,0,unknown,no
33.0,technician,single,secondary,no,2583.0,no,no,cellular,25,may,241.0,1,108,1,failure,no
36.0,services,married,secondary,no,1177.0,yes,yes,cellular,3,feb,50.0,5,-1,0,unknown,no
40.0,self-employed,married,secondary,no,311.0,yes,no,unknown,20,may,723.0,2,-1,0,unknown,no
34.0,entrepreneur,married,tertiary,no,842.0,yes,no,cellular,6,may,141.0,2,-1,0,unknown,no
31.0,technician,single,tertiary,no,2744.0,yes,no,cellular,8,aug,309.0,2,-1,0,unknown,no
49.0,technician,married,tertiary,no,503.0,no,no,unknown,1,jul,297.0,2,-1,0,unknown,no
35.0,management,single,tertiary,no,62.0,yes,no,cellular,5,may,214.0,4,15,3,success,no
38.0,management,single,tertiary,no,4841.0,no,no,cellular,22,may,580.0,3,-1,0,unknown,no
32.0,technician,married,secondary,no,253.0,yes,no,cellular,21,nov,76.0,1,170,3,failure,no
33.0,blue-collar,married,secondary,no,842.0,no,no,cellular,29,aug,111.0,4,-1,0,unknown,no
39.0,admin.,married,unknown,no,378.0,no,no,unknown,20,jun,17.0,5,-1,0,unknown,no
30.0,services,married,secondary,no,637.0,yes,no,cellular,15,may,69.0,5,-1,0,unknown,no
53.0,admin.,divorced,secondary,no,-372.0,yes,no,unknown,26,may,104.0,1,-1,0,unknown,no
24.0,technician,single,secondary,no,135.0,yes,yes,cellular,18,may,250.0,1,-1,0,unknown,no
52.0,entrepreneur,divorced,secondary,no,7.0,no,no,cellular,24,jul,150.0,5,-1,0,unknown,no
27.0,management,single,tertiary,no,446.0,no,no,cellular,23,jun,205.0,3,-1,0,unknown,no
36.0,admin.,single,secondary,no,1328.0,no,no,cellular,30,jul,69.0,9,-1,0,unknown,no
29.0,admin.,married,secondary,no,252.0,yes,no,cellular,15,may,1223.0,3,371,1,failure,no
47.0,blue-collar,married,secondary,no,125.0,no,no,cellular,8,jul,210.0,2,-1,0,unknown,no
43.0,blue-collar,married,secondary,no,1324.0,yes,no,telephone,12,may,179.0,5,-1,0,unknown,no
48.0,management,divorced,tertiary,no,-244.0,yes,no,unknown,5,may,253.0,1,-1,0,unknown,no
57.0,entrepreneur,married,unknown,no,657.0,no,no,unknown,12,jun,344.0,1,-1,0,unknown,no
25.0,management,single,tertiary,no,2140.0,no,no,cellular,1,oct,81.0,1,-1,0,unknown,no
43.0,services,divorced,secondary,no,5571.0,no,no,unknown,9,jun,149.0,1,-1,0,unknown,no
50.0,technician,married,secondary,no,103.0,yes,no,unknown,12,may,79.0,6,-1,0,unknown,no
54.0,technician,divorced,tertiary,no,2133.0,no,no,cellular,18,nov,176.0,1,-1,0,unknown,no
,services,married,secondary,no,8876.0,no,no,cellular,19,nov,636.0,1,-1,0,unknown,no
41.0,housemaid,divorced,primary,no,22.0,yes,no,cellular,18,nov,238.0,3,126,4,other,no
35.0,admin.,married,secondary,no,3854.0,yes,no,cellular,5,may,131.0,1,-1,0,unknown,no
33.0,management,married,tertiary,no,32.0,no,no,cellular,29,aug,27.0,7,-1,0,unknown,no
51.0,technician,married,secondary,no,337.0,yes,no,cellular,20,aug,687.0,4,-1,0,unknown,no
29.0,blue-collar,single,secondary,no,228.0,no,no,cellular,5,feb,355.0,1,-1,0,unknown,no
34.0,blue-collar,divorced,secondary,no,1125.0,yes,yes,cellular,19,nov,141.0,2,-1,0,unknown,no
51.0,management,married,tertiary,no,1612.0,yes,no,cellular,18,nov,61.0,2,131,1,failure,no
58.0,housemaid,married,primary,no,1310.0,yes,yes,cellular,22,jul,1226.0,2,-1,0,unknown,no
50.0,services,divorced,secondary,yes,-210.0,no,yes,cellular,21,aug,153.0,7,-1,0,unknown,no
38.0,housemaid,married,secondary,no,0.0,yes,no,cellular,23,jul,157.0,1,-1,0,unknown,no
57.0,entrepreneur,married,unknown,no,975.0,yes,yes,cellular,22,jul,236.0,4,-1,0,unknown,no
49.0,services,married,tertiary,no,306.0,yes,no,cellular,18,aug,285.0,7,-1,0,unknown,no
42.0,blue-collar,married,primary,no,170.0,yes,no,unknown,19,may,51.0,41,-1,0,unknown,no
33.0,technician,single,tertiary,no,154.0,no,no,cellular,18,mar,159.0,2,-1,0,unknown,no
34.0,self-employed,married,tertiary,no,1972.0,yes,no,cellular,23,jul,61.0,2,-1,0,unknown,no
36.0,admin.,single,tertiary,no,994.0,no,no,cellular,13,aug,185.0,2,105,3,success,no
60.0,retired,divorced,tertiary,no,380.0,no,no,cellular,21,jul,219.0,1,-1,0,unknown,no
37.0,services,single,secondary,no,54.0,yes,no,cellular,10,jul,118.0,1,-1,0,unknown,no
41.0,blue-collar,married,primary,no,512.0,yes,no,unknown,6,may,233.0,2,-1,0,unknown,no
36.0,management,single,tertiary,no,1027.0,yes,no,cellular,4,jun,151.0,1,-1,0,unknown,no
56.0,unemployed,divorced,primary,no,1770.0,no,no,cellular,5,feb,916.0,3,-1,0,unknown,no
34.0,management,married,tertiary,no,13.0,yes,no,cellular,30,jul,99.0,3,-1,0,unknown,no
33.0,unemployed,married,secondary,no,438.0,yes,yes,unknown,21,may,129.0,1,-1,0,unknown,no
29.0,blue-collar,married,secondary,no,162.0,yes,no,cellular,15,jul,126.0,3,-1,0,unknown,no
43.0,management,married,tertiary,no,-183.0,no,no,cellular,24,jul,65.0,1,-1,0,unknown,no
29.0,management,single,unknown,no,698.0,no,no,cellular,8,feb,186.0,1,-1,0,unknown,no
36.0,admin.,married,secondary,no,165.0,yes,no,unknown,23,may,456.0,4,-1,0,unknown,no
33.0,technician,single,secondary,no,3499.0,yes,no,cellular,11,may,143.0,3,356,1,other,no
39.0,management,married,tertiary,no,378.0,yes,yes,unknown,5,may,127.0,2,-1,0,unknown,no
26.0,technician,single,secondary,no,855.0,yes,no,unknown,28,may,87.0,2,-1,0,unknown,no
41.0,technician,single,secondary,no,32.0,yes,no,cellular,7,may,162.0,1,-1,0,unknown,no
36.0,unemployed,divorced,primary,no,0.0,no,no,telephone,4,jul,304.0,3,-1,0,unknown,no
31.0,management,single,tertiary,no,0.0,no,no,cellular,25,aug,191.0,5,-1,0,unknown,no
34.0,blue-collar,married,secondary,no,2994.0,yes,no,cellular,15,may,358.0,1,176,1,failure,no
28.0,blue-collar,married,secondary,no,1238.0,yes,no,unknown,14,may,246.0,1,-1,0,unknown,no
47.0,services,married,secondary,no,1717.0,no,no,cellular,20,aug,216.0,9,-1,0,unknown,no
41.0,admin.,single,secondary,no,224.0,yes,no,cellular,12,may,22.0,8,-1,0,unknown,no
39.0,technician,single,secondary,no,1048.0,yes,yes,cellular,8,apr,201.0,2,-1,0,unknown,no
53.0,admin.,divorced,secondary,no,592.0,yes,no,unknown,13,may,151.0,1,-1,0,unknown,no
45.0,self-employed,married,secondary,no,396.0,no,no,cellular,28,aug,238.0,1,-1,0,unknown,no
30.0,services,single,secondary,no,268.0,no,no,unknown,24,jul,86.0,1,-1,0,unknown,no
39.0,services,married,secondary,no,0.0,yes,no,cellular,8,may,503.0,1,-1,0,unknown,no
30.0,self-employed,single,secondary,no,5223.0,no,no,cellular,14,oct,404.0,2,-1,0,unknown,no
32.0,admin.,divorced,secondary,no,1611.0,yes,yes,unknown,13,may,93.0,1,-1,0,unknown,no
66.0,retired,married,secondary,no,780.0,no,no,cellular,12,feb,388.0,4,-1,0,unknown,no
26.0,blue-collar,married,primary,no,399.0,yes,no,cellular,22,jul,1288.0,2,-1,0,unknown,no
30.0,services,single,secondary,no,1649.0,yes,no,unknown,23,may,206.0,1,-1,0,unknown,no
42.0,services,single,unknown,no,974.0,no,no,cellular,30,jul,73.0,2,-1,0,unknown,no
44.0,management,married,tertiary,no,22.0,yes,no,cellular,6,aug,265.0,2,-1,0,unknown,no
38.0,services,married,secondary,no,507.0,yes,no,cellular,17,apr,55.0,1,344,1,failure,no
31.0,technician,divorced,secondary,no,10787.0,yes,no,unknown,4,jun,135.0,2,-1,0,unknown,no
34.0,technician,married,secondary,no,-259.0,yes,no,unknown,27,may,124.0,2,-1,0,unknown,no
42.0,blue-collar,married,secondary,no,414.0,yes,no,cellular,17,apr,400.0,3,-1,0,unknown,no
34.0,admin.,divorced,secondary,no,67.0,yes,no,unknown,6,may,90.0,1,-1,0,unknown,no
31.0,blue-collar,single,tertiary,no,328.0,yes,no,cellular,14,may,414.0,1,175,1,failure,no
30.0,technician,married,secondary,no,4.0,yes,no,cellular,8,may,17.0,5,-1,0,unknown,no
31.0,management,single,tertiary,no,471.0,no,no,cellular,29,aug,153.0,2,-1,0,unknown,no
47.0,blue-collar,married,primary,no,3038.0,yes,no,cellular,14,jul,151.0,2,-1,0,unknown,no
52.0,blue-collar,married,secondary,no,2276.0,no,no,unknown,20,jun,83.0,3,-1,0,unknown,no
31.0,blue-collar,married,primary,no,-848.0,yes,no,unknown,23,may,559.0,3,-1,0,unknown,no
51.0,admin.,married,secondary,no,2662.0,no,no,telephone,28,jan,148.0,2,-1,0,unknown,no
48.0,services,married,secondary,no,2597.0,yes,no,cellular,6,may,182.0,2,355,1,failure,no
47.0,blue-collar,married,primary,no,550.0,yes,no,unknown,7,may,113.0,1,-1,0,unknown,no
55.0,retired,married,tertiary,no,357.0,yes,no,cellular,30,apr,878.0,1,-1,0,unknown,no
58.0,,married,primary,no,1153.0,yes,yes,telephone,12,may,206.0,6,337,6,failure,no
74.0,retired,married,tertiary,no,4912.0,no,no,telephone,21,oct,129.0,3,-1,0,unknown,no
30.0,technician,single,secondary,no,194.0,no,yes,cellular,27,aug,60.0,3,-1,0,unknown,no
40.0,management,married,tertiary,yes,0.0,no,no,cellular,28,jul,165.0,5,-1,0,unknown,no
50.0,blue-collar,married,primary,no,565.0,yes,yes,cellular,28,aug,36.0,3,-1,0,unknown,no
36.0,management,divorced,tertiary,no,649.0,no,no,cellular,16,jul,,2,91,1,failure,no
26.0,admin.,divorced,secondary,no,-45.0,yes,no,unknown,4,jun,357.0,2,-1,0,unknown,no
30.0,admin.,married,secondary,no,1310.0,no,no,telephone,27,oct,3284.0,1,-1,0,unknown,no
34.0,blue-collar,married,secondary,no,2308.0,yes,no,unknown,7,may,1062.0,1,-1,0,unknown,no
53.0,unemployed,single,secondary,no,4.0,no,no,cellular,30,jul,259.0,3,-1,0,unknown,no
42.0,blue-collar,married,secondary,no,1297.0,yes,no,cellular,3,apr,697.0,2,-1,0,unknown,no
33.0,management,married,tertiary,no,1808.0,yes,no,unknown,4,jun,99.0,4,-1,0,unknown,no
35.0,unemployed,married,secondary,no,2080.0,yes,no,telephone,14,apr,,3,-1,0,unknown,no
33.0,services,married,secondary,no,5034.0,yes,no,unknown,8,may,207.0,3,-1,0,unknown,no
41.0,admin.,divorced,secondary,no,322.0,yes,no,unknown,6,may,87.0,4,-1,0,unknown,no
40.0,blue-collar,married,secondary,no,679.0,yes,no,cellular,17,apr,642.0,2,304,1,failure,no
32.0,management,single,tertiary,no,1742.0,no,no,unknown,5,jun,231.0,2,-1,0,unknown,no
54.0,management,married,tertiary,no,154.0,no,no,unknown,9,may,155.0,3,-1,0,unknown,no
31.0,unemployed,single,tertiary,no,140.0,yes,no,telephone,7,may,11.0,2,-1,0,unknown,no
35.0,services,married,secondary,no,377.0,no,yes,cellular,31,jul,30.0,13,-1,0,unknown,no
47.0,services,single,secondary,no,3644.0,no,no,unknown,9,jun,83.0,2,-1,0,unknown,no
48.0,blue-collar,married,primary,yes,-50.0,yes,no,cellular,14,may,212.0,6,-1,0,unknown,no
50.0,management,married,tertiary,no,453.0,no,yes,unknown,4,jul,608.0,1,-1,0,unknown,no
33.0,blue-collar,single,secondary,no,45.0,no,no,unknown,20,jun,13.0,12,-1,0,unknown,no
40.0,blue-collar,married,primary,no,,yes,no,unknown,6,may,119.0,1,-1,0,unknown,no
60.0,retired,married,secondary,no,2060.0,no,no,cellular,29,jun,135.0,4,95,4,failure,no
68.0,retired,married,secondary,no,1316.0,no,no,telephone,4,mar,92.0,5,-1,0,unknown,no
54.0,blue-collar,married,unknown,no,-361.0,yes,no,unknown,26,may,227.0,1,-1,0,unknown,no
30.0,management,single,tertiary,no,349.0,no,no,,12,aug,180.0,3,-1,0,unknown,no
42.0,blue-collar,single,primary,no,-68.0,yes,yes,unknown,26,may,167.0,1,-1,0,unknown,no
57.0,retired,married,unknown,no,-157.0,no,no,cellular,28,aug,31.0,9,-1,0,unknown,no
28.0,management,single,tertiary,no,320.0,yes,no,cellular,30,apr,239.0,1,-1,0,unknown,no
55.0,management,married,tertiary,no,86.0,no,no,telephone,16,jun,64.0,1,-1,0,unknown,no
42.0,blue-collar,married,secondary,no,681.0,yes,no,cellular,18,nov,203.0,1,-1,0,unknown,no
49.0,housemaid,married,primary,no,0.0,yes,no,cellular,25,jul,42.0,3,-1,0,unknown,no
41.0,management,divorced,tertiary,no,4567.0,yes,yes,cellular,16,jul,106.0,1,-1,0,unknown,no
31.0,technician,single,secondary,no,40.0,no,no,cellular,7,aug,123.0,2,-1,0,unknown,no
33.0,blue-collar,single,secondary,no,706.0,yes,no,cellular,7,apr,329.0,1,322,1,failure,no
,admin.,married,secondary,no,420.0,yes,no,unknown,30,may,41.0,3,-1,0,unknown,no
34.0,technician,single,tertiary,no,0.0,yes,no,cellular,17,apr,158.0,2,-1,0,unknown,no
38.0,entrepreneur,married,secondary,no,65.0,no,no,cellular,5,feb,173.0,1,-1,0,unknown,no
46.0,blue-collar,married,secondary,no,-27.0,yes,no,cellular,11,may,254.0,1,-1,0,unknown,no
49.0,services,single,primary,no,114.0,yes,no,unknown,7,may,99.0,2,-1,0,unknown,no
44.0,technician,single,tertiary,no,678.0,no,no,cellular,3,feb,111.0,1,124,2,other,no
57.0,technician,divorced,secondary,no,3105.0,yes,no,unknown,14,may,173.0,11,-1,0,unknown,no
44.0,housemaid,married,secondary,no,281.0,yes,no,unknown,8,may,604.0,1,-1,0,unknown,no
42.0,self-employed,married,tertiary,no,1932.0,yes,no,unknown,16,may,192.0,32,-1,0,unknown,no
37.0,management,divorced,tertiary,no,481.0,yes,no,cellular,19,aug,97.0,6,-1,0,unknown,no
42.0,blue-collar,single,primary,no,156.0,yes,no,telephone,15,may,7.0,4,371,5,failure,no
33.0,blue-collar,married,secondary,no,0.0,yes,yes,cellular,31,jul,16.0,43,-1,0,unknown,no
31.0,blue-collar,married,secondary,no,557.0,yes,yes,unknown,27,may,185.0,1,-1,0,unknown,no
34.0,admin.,married,secondary,no,1467.0,yes,no,cellular,17,apr,113.0,1,332,2,failure,no
26.0,blue-collar,single,secondary,no,428.0,no,yes,cellular,7,jul,575.0,1,-1,0,unknown,no
42.0,technician,married,secondary,no,994.0,yes,no,cellular,25,may,365.0,5,-1,0,unknown,no
41.0,technician,single,secondary,no,769.0,no,yes,cellular,20,nov,222.0,4,98,4,other,no
35.0,technician,married,tertiary,no,108.0,yes,no,cellular,31,jul,65.0,3,-1,0,unknown,no
26.0,student,single,unknown,no,19.0,no,no,telephone,30,apr,268.0,1,-1,0,unknown,no
42.0,management,married,tertiary,no,199.0,yes,no,cellular,9,jul,497.0,1,-1,0,unknown,no
36.0,blue-collar,married,primary,no,448.0,yes,no,unknown,5,may,286.0,1,-1,0,unknown,no
60.0,admin.,single,secondary,no,473.0,no,no,cellular,5,feb,175.0,2,8,1,other,no
51.0,entrepreneur,married,primary,no,726.0,yes,yes,cellular,15,apr,87.0,2,-1,0,unknown,no
32.0,management,single,tertiary,no,0.0,no,no,cellular,22,aug,148.0,2,-1,0,unknown,no
46.0,blue-collar,married,,no,536.0,yes,no,unknown,15,may,164.0,2,-1,0,unknown,no
31.0,blue-collar,single,secondary,no,2194.0,no,no,cellular,13,may,275.0,2,357,1,other,no
42.0,housemaid,divorced,secondary,no,1406.0,yes,no,cellular,22,jul,178.0,1,-1,0,unknown,no
45.0,technician,married,secondary,no,44.0,yes,no,unknown,5,may,95.0,4,-1,0,unknown,no
31.0,management,divorced,tertiary,no,-6.0,no,yes,cellular,22,aug,119.0,6,-1,0,unknown,no
41.0,technician,divorced,secondary,no,1631.0,yes,no,cellular,12,aug,173.0,2,-1,0,unknown,no
28.0,blue-collar,single,secondary,no,4054.0,yes,no,cellular,11,may,133.0,2,-1,0,unknown,no
41.0,technician,divorced,secondary,no,75.0,no,no,cellular,20,aug,351.0,2,-1,0,unknown,no
36.0,student,single,unknown,no,172.0,no,no,unknown,12,jun,81.0,1,-1,0,unknown,no
41.0,blue-collar,married,secondary,no,356.0,yes,no,cellular,14,may,90.0,5,-1,0,unknown,no
40.0,blue-collar,married,secondary,no,1508.0,no,no,cellular,3,nov,177.0,2,85,3,failure,no
40.0,services,divorced,secondary,no,49.0,no,yes,cellular,18,jul,191.0,1,-1,0,unknown,no
58.0,blue-collar,married,secondary,no,544.0,no,no,unknown,17,jun,97.0,1,-1,0,unknown,no
32.0,management,married,tertiary,no,-383.0,yes,no,unknown,27,may,241.0,1,-1,0,unknown,no
30.0,technician,married,tertiary,no,606.0,yes,no,cellular,30,apr,551.0,1,-1,0,unknown,no
43.0,management,divorced,tertiary,no,-410.0,no,yes,cellular,9,jul,189.0,1,-1,0,unknown,no
33.0,technician,single,tertiary,no,469.0,no,no,cellular,26,aug,158.0,9,-1,0,unknown,no
30.0,management,single,tertiary,no,2.0,no,no,cellular,23,mar,269.0,1,-1,0,unknown,no
37.0,services,divorced,secondary,no,241.0,yes,no,cellular,14,may,189.0,1,371,1,failure,no
40.0,technician,divorced,secondary,no,0.0,no,no,cellular,29,aug,299.0,3,-1,0,unknown,no
39.0,services,single,secondary,no,322.0,yes,no,cellular,11,may,35.0,1,350,1,failure,no
39.0,management,divorced,tertiary,no,2193.0,yes,yes,unknown,2,jun,550.0,3,-1,0,unknown,no
26.0,entrepreneur,married,tertiary,yes,144.0,no,yes,cellular,25,jul,730.0,1,-1,0,unknown,no
35.0,services,married,secondary,no,0.0,yes,no,cellular,24,jul,810.0,1,-1,0,unknown,no
59.0,management,married,unknown,no,3428.0,yes,yes,cellular,19,nov,103.0,1,-1,0,unknown,no
31.0,entrepreneur,married,secondary,no,10.0,yes,yes,cellular,29,jan,161.0,3,188,9,failure,no
36.0,management,single,tertiary,no,1841.0,yes,no,cellular,25,aug,141.0,4,-1,0,unknown,no
26.0,technician,single,secondary,no,84.0,yes,no,cellular,29,jul,70.0,3,-1,0,unknown,no
36.0,housemaid,married,primary,no,622.0,no,no,unknown,20,jun,55.0,5,-1,0,unknown,no
59.0,technician,married,primary,no,309.0,no,yes,cellular,29,jul,25.0,5,-1,0,unknown,no
42.0,services,married,secondary,no,154.0,yes,no,telephone,14,may,346.0,5,372,1,,no
35.0,blue-collar,married,secondary,no,1949.0,yes,no,unknown,2,jun,200.0,3,-1,0,unknown,no
59.0,blue-collar,married,secondary,no,2605.0,no,no,cellular,30,jan,85.0,2,-1,0,unknown,no
44.0,technician,married,secondary,no,5163.0,no,no,cellular,11,aug,48.0,2,-1,0,unknown,no
34.0,management,married,tertiary,no,557.0,yes,no,cellular,16,jul,513.0,1,-1,0,unknown,no
36.0,technician,divorced,tertiary,no,119.0,no,no,cellular,23,jul,127.0,8,-1,0,unknown,no
43.0,management,married,tertiary,no,0.0,yes,no,cellular,5,feb,280.0,2,-1,0,unknown,no
45.0,unknown,married,unknown,no,356.0,no,no,cellular,11,aug,212.0,2,-1,0,unknown,no
29.0,technician,single,secondary,no,1395.0,yes,no,unknown,26,may,61.0,1,-1,0,unknown,no
29.0,services,single,secondary,no,20.0,yes,no,unknown,15,may,431.0,1,-1,0,unknown,no
40.0,technician,married,tertiary,no,84.0,no,no,cellular,28,aug,715.0,8,-1,0,unknown,no
31.0,blue-collar,single,secondary,no,609.0,yes,no,cellular,14,apr,1126.0,1,335,1,failure,no
29.0,technician,single,secondary,no,1856.0,yes,yes,cellular,18,may,134.0,1,-1,0,unknown,no
37.0,services,single,secondary,no,608.0,no,no,cellular,14,may,380.0,3,-1,0,unknown,no
35.0,admin.,single,secondary,no,0.0,no,yes,cellular,7,jul,480.0,1,-1,0,unknown,no
35.0,entrepreneur,married,tertiary,no,1859.0,yes,no,cellular,14,jul,227.0,2,-1,0,unknown,no
39.0,services,divorced,secondary,no,282.0,yes,no,cellular,17,jul,243.0,1,-1,0,unknown,no
28.0,student,single,secondary,no,154.0,yes,no,unknown,20,may,21.0,9,-1,0,unknown,no
31.0,services,single,secondary,no,222.0,yes,no,cellular,13,may,168.0,2,-1,0,unknown,no
34.0,housemaid,married,tertiary,no,897.0,no,no,cellular,12,aug,197.0,4,-1,0,unknown,no
31.0,entrepreneur,single,secondary,no,131.0,yes,no,cellular,21,jul,157.0,1,-1,0,unknown,no
51.0,blue-collar,married,primary,no,0.0,no,no,unknown,8,may,384.0,1,-1,0,unknown,no
53.0,management,married,tertiary,no,37.0,no,no,cellular,28,aug,51.0,9,-1,0,unknown,no
34.0,admin.,single,secondary,no,1704.0,yes,no,unknown,15,may,218.0,2,-1,0,unknown,no
42.0,technician,married,secondary,no,314.0,no,no,cellular,27,aug,11.0,22,-1,0,unknown,no
33.0,technician,married,secondary,no,399.0,yes,no,cellular,7,may,143.0,1,-1,0,unknown,no
29.0,self-employed,single,tertiary,no,300.0,no,no,cellular,3,feb,125.0,1,-1,0,unknown,no
25.0,services,single,secondary,no,382.0,yes,no,unknown,13,may,392.0,1,-1,0,unknown,no
42.0,services,married,secondary,no,1301.0,yes,no,cellular,21,jul,510.0,6,-1,0,unknown,no
46.0,unemployed,divorced,secondary,no,0.0,no,no,cellular,30,jul,638.0,3,-1,0,unknown,no
52.0,technician,married,secondary,no,930.0,yes,no,unknown,2,jun,94.0,16,-1,0,unknown,no
60.0,management,divorced,primary,no,21.0,no,yes,telephone,14,jul,113.0,3,-1,0,unknown,no
25.0,services,single,secondary,no,111.0,no,yes,cellular,7,jul,316.0,1,-1,0,unknown,no
55.0,technician,single,secondary,no,1199.0,no,yes,telephone,4,may,159.0,10,-1,0,unknown,no
37.0,unemployed,divorced,tertiary,no,1085.0,no,no,cellular,25,aug,146.0,4,-1,0,unknown,no
49.0,,married,primary,no,230.0,no,yes,unknown,30,jun,176.0,1,-1,0,unknown,no
42.0,entrepreneur,married,primary,no,558.0,yes,no,cellular,6,may,186.0,2,-1,0,unknown,no
32.0,technician,single,tertiary,no,127.0,yes,no,cellular,27,aug,20.0,17,-1,0,unknown,no
43.0,technician,married,primary,no,4844.0,yes,no,cellular,19,nov,434.0,1,-1,0,unknown,no
26.0,student,single,unknown,no,826.0,no,no,cellular,29,jan,177.0,1,-1,0,unknown,no
41.0,technician,single,secondary,no,30.0,no,no,unknown,23,may,1003.0,1,-1,0,unknown,no
30.0,management,single,tertiary,no,2708.0,no,no,cellular,19,nov,479.0,1,-1,0,unknown,no
42.0,services,married,secondary,no,,yes,yes,cellular,13,may,225.0,2,365,7,failure,no
34.0,blue-collar,married,secondary,no,577.0,no,no,unknown,14,may,337.0,1,-1,0,unknown,no
20.0,student,single,tertiary,no,2764.0,yes,no,unknown,29,may,139.0,2,-1,0,unknown,no
45.0,unknown,married,unknown,no,2834.0,no,no,cellular,4,aug,112.0,1,-1,0,unknown,no
58.0,retired,married,secondary,no,-324.0,yes,no,cellular,7,may,229.0,2,-1,0,unknown,no
51.0,management,married,tertiary,no,4.0,yes,no,cellular,21,nov,58.0,2,-1,0,unknown,no
55.0,management,married,unknown,no,559.0,no,no,cellular,28,jan,271.0,2,-1,0,unknown,no
31.0,technician,single,secondary,no,271.0,yes,no,cellular,5,may,269.0,1,-1,0,unknown,no
42.0,housemaid,single,primary,no,5774.0,yes,no,unknown,15,may,54.0,2,-1,0,unknown,no
48.0,blue-collar,married,primary,no,816.0,yes,no,cellular,31,jul,114.0,7,-1,0,unknown,no
62.0,retired,married,secondary,no,3.0,no,no,cellular,4,aug,151.0,1,-1,0,unknown,no
40.0,admin.,divorced,secondary,no,274.0,yes,yes,cellular,25,jul,53.0,4,-1,0,unknown,no
37.0,management,married,,no,11265.0,no,no,unknown,18,jun,417.0,1,-1,0,unknown,no
39.0,housemaid,divorced,secondary,no,70.0,no,no,cellular,4,jun,346.0,2,128,8,success,no
34.0,blue-collar,married,secondary,no,405.0,yes,no,unknown,21,may,103.0,1,-1,0,unknown,no
52.0,technician,married,secondary,no,22755.0,yes,no,unknown,29,may,70.0,2,-1,0,unknown,no
35.0,admin.,married,secondary,no,557.0,yes,no,cellular,17,jun,54.0,4,-1,0,unknown,no
56.0,admin.,married,secondary,no,1554.0,yes,yes,cellular,6,feb,15.0,6,190,27,other,no
37.0,blue-collar,married,primary,no,89.0,no,yes,telephone,8,jul,336.0,4,-1,0,unknown,no
35.0,blue-collar,married,secondary,no,444.0,yes,no,cellular,15,apr,244.0,3,-1,0,unknown,no
31.0,,single,tertiary,no,4951.0,no,no,cellular,28,jun,150.0,3,-1,0,unknown,no
42.0,admin.,single,secondary,no,30.0,yes,no,cellular,4,feb,98.0,1,266,3,failure,no
27.0,services,married,secondary,no,1.0,no,no,cellular,29,jan,528.0,3,-1,0,unknown,no
33.0,technician,single,secondary,no,0.0,no,no,unknown,3,jul,1106.0,2,-1,0,unknown,no
31.0,management,single,tertiary,no,0.0,yes,no,cellular,30,apr,97.0,2,87,2,other,no
53.0,blue-collar,married,secondary,no,1093.0,yes,yes,unknown,16,jun,244.0,3,-1,0,unknown,no
56.0,technician,divorced,secondary,no,1561.0,no,no,cellular,13,aug,75.0,1,-1,0,unknown,no
80.0,retired,married,primary,no,1861.0,no,no,telephone,14,apr,12650.0,2,-1,0,unknown,no
63.0,housemaid,married,primary,no,333.0,no,no,telephone,1,oct,321.0,1,-1,0,unknown,no
37.0,entrepreneur,married,tertiary,no,342.0,yes,no,unknown,6,jun,212.0,1,-1,0,unknown,no
43.0,admin.,married,secondary,no,388.0,yes,no,cellular,19,nov,111.0,2,-1,0,unknown,no
62.0,retired,married,primary,no,1515.0,yes,no,cellular,19,oct,131.0,1,187,2,failure,no
25.0,admin.,single,secondary,no,654.0,no,no,cellular,8,apr,216.0,1,-1,0,unknown,no
51.0,services,married,secondary,no,-467.0,no,no,unknown,9,jun,216.0,5,-1,0,unknown,no
39.0,blue-collar,married,primary,no,398.0,yes,no,cellular,12,may,256.0,1,-1,0,unknown,no
47.0,technician,married,secondary,no,0.0,no,no,unknown,11,nov,74.0,1,-1,0,unknown,no
39.0,blue-collar,married,primary,no,12848.0,yes,no,unknown,5,jun,337.0,2,-1,0,unknown,no
32.0,technician,single,secondary,no,5205.0,no,no,cellular,20,nov,352.0,1,-1,0,unknown,no
30.0,management,married,tertiary,no,-181.0,yes,no,cellular,19,nov,621.0,2,-1,0,unknown,no
34.0,management,married,tertiary,no,250.0,no,no,cellular,9,dec,787.0,1,188,8,other,no
41.0,admin.,divorced,secondary,no,110.0,yes,yes,cellular,5,feb,76.0,2,-1,0,unknown,no
44.0,management,married,tertiary,no,445.0,no,yes,telephone,6,feb,135.0,2,9,7,other,no
43.0,management,married,,no,175.0,yes,no,cellular,17,apr,129.0,4,337,1,other,no
30.0,technician,single,secondary,no,458.0,no,no,cellular,20,nov,51.0,7,-1,0,unknown,no
46.0,management,married,secondary,no,5127.0,no,no,cellular,6,aug,472.0,1,-1,0,unknown,no
36.0,blue-collar,married,secondary,no,928.0,no,no,cellular,17,apr,224.0,3,-1,0,unknown,no
56.0,admin.,married,secondary,no,105.0,no,no,telephone,15,jul,80.0,2,-1,0,unknown,no
44.0,self-employed,single,tertiary,no,18558.0,yes,no,cellular,20,nov,51.0,1,190,4,other,no
37.0,technician,single,secondary,yes,375.0,no,no,unknown,9,jun,223.0,2,-1,0,unknown,no
36.0,management,divorced,tertiary,no,133.0,yes,no,unknown,9,may,117.0,1,-1,0,unknown,no
24.0,management,married,secondary,no,2278.0,yes,no,unknown,27,may,77.0,4,-1,0,unknown,no
49.0,technician,single,unknown,no,443.0,no,no,unknown,20,jun,25.0,11,-1,0,unknown,no
69.0,services,married,unknown,no,23592.0,no,no,cellular,3,jul,837.0,3,-1,0,unknown,no
47.0,housemaid,divorced,primary,no,61.0,no,no,cellular,29,jul,69.0,5,-1,0,unknown,no
29.0,services,single,secondary,no,192.0,no,no,cellular,30,jan,327.0,4,-1,0,unknown,no
31.0,technician,single,secondary,no,628.0,yes,no,unknown,12,may,1083.0,2,-1,0,unknown,no
42.0,management,married,secondary,no,372.0,yes,no,telephone,31,jul,130.0,8,-1,0,unknown,no
30.0,management,single,tertiary,no,222.0,no,yes,cellular,4,feb,111.0,1,204,2,other,no
26.0,admin.,married,secondary,no,2469.0,no,no,cellular,16,jul,136.0,8,-1,0,unknown,no
37.0,unemployed,married,secondary,no,459.0,no,no,cellular,20,nov,109.0,4,-1,0,unknown,no
28.0,blue-collar,married,primary,no,254.0,yes,no,cellular,20,apr,149.0,2,-1,0,unknown,no
36.0,management,divorced,tertiary,no,563.0,no,no,unknown,20,jun,10.0,4,-1,0,unknown,no
46.0,blue-collar,married,primary,no,-29.0,yes,no,unknown,12,may,322.0,1,-1,0,unknown,no
58.0,blue-collar,married,primary,no,494.0,no,no,cellular,14,aug,171.0,10,-1,0,unknown,no
46.0,blue-collar,married,secondary,no,781.0,no,no,unknown,13,may,152.0,1,-1,0,unknown,no
47.0,management,married,primary,no,2793.0,yes,no,telephone,25,jul,102.0,4,-1,0,unknown,no
50.0,services,married,secondary,no,1134.0,no,no,unknown,18,jun,53.0,2,-1,0,unknown,no
47.0,technician,married,tertiary,no,4568.0,no,no,unknown,9,jun,100.0,1,-1,0,unknown,no
26.0,student,single,secondary,no,0.0,yes,no,unknown,5,may,610.0,2,-1,0,unknown,no
42.0,technician,married,tertiary,no,1189.0,no,no,unknown,5,jun,323.0,3,-1,0,unknown,no
34.0,technician,single,secondary,no,692.0,yes,no,unknown,20,may,254.0,1,-1,0,unknown,no
46.0,management,married,tertiary,no,716.0,yes,yes,cellular,8,may,557.0,1,172,1,failure,no
51.0,admin.,divorced,secondary,no,520.0,no,yes,cellular,10,jul,157.0,1,-1,0,unknown,no
52.0,unemployed,married,tertiary,no,2133.0,no,yes,cellular,18,jul,90.0,1,-1,0,unknown,no
38.0,technician,single,secondary,no,0.0,no,no,cellular,22,aug,305.0,2,-1,0,unknown,no
44.0,management,married,tertiary,no,70.0,no,no,cellular,20,aug,165.0,3,-1,0,unknown,no
52.0,admin.,single,unknown,no,872.0,yes,no,telephone,18,may,82.0,6,335,1,other,no
32.0,management,married,tertiary,no,2458.0,yes,no,cellular,4,may,77.0,2,-1,0,unknown,no
35.0,self-employed,single,tertiary,no,-30.0,no,no,cellular,4,feb,218.0,2,-1,0,unknown,no
36.0,blue-collar,married,primary,no,409.0,yes,no,unknown,11,jun,81.0,3,-1,0,unknown,no
37.0,self-employed,divorced,tertiary,no,60.0,no,yes,unknown,4,jul,426.0,3,-1,0,unknown,no
26.0,management,divorced,tertiary,no,667.0,no,no,telephone,19,jun,177.0,2,-1,0,unknown,no
32.0,admin.,single,secondary,no,620.0,no,no,cellular,17,apr,211.0,2,343,3,failure,no
46.0,admin.,divorced,secondary,no,-60.0,no,no,cellular,17,nov,117.0,1,-1,0,unknown,no
50.0,entrepreneur,married,primary,no,237.0,yes,yes,unknown,30,may,184.0,4,-1,0,unknown,no
43.0,management,married,secondary,no,,yes,no,unknown,28,may,54.0,1,-1,0,unknown,no
55.0,unemployed,married,primary,no,1221.0,no,yes,cellular,8,jul,108.0,1,-1,0,unknown,no
35.0,blue-collar,married,secondary,no,0.0,yes,yes,cellular,8,apr,519.0,1,-1,0,unknown,no
,technician,married,secondary,no,999.0,yes,no,unknown,16,may,656.0,2,-1,0,unknown,no
48.0,technician,married,unknown,no,67.0,yes,no,unknown,14,may,328.0,4,-1,0,unknown,no
31.0,,married,secondary,yes,-463.0,yes,no,unknown,28,may,210.0,1,-1,0,unknown,no
46.0,blue-collar,married,primary,no,7934.0,yes,no,unknown,19,may,123.0,1,-1,0,unknown,no
50.0,entrepreneur,divorced,tertiary,no,816.0,no,no,cellular,19,nov,630.0,1,-1,0,unknown,no
53.0,technician,married,tertiary,no,2557.0,no,no,cellular,29,jul,95.0,4,182,7,success,no
36.0,entrepreneur,married,secondary,no,546.0,no,no,cellular,9,feb,297.0,3,-1,0,unknown,no
50.0,entrepreneur,married,secondary,no,78.0,no,no,telephone,4,jun,143.0,1,-1,0,unknown,no
40.0,management,married,tertiary,no,24450.0,no,no,cellular,25,aug,73.0,2,-1,0,unknown,no
39.0,admin.,divorced,secondary,no,765.0,no,no,unknown,9,jun,155.0,3,-1,0,unknown,no
38.0,management,single,tertiary,no,91.0,yes,no,unknown,19,may,492.0,9,-1,0,unknown,no
32.0,technician,single,tertiary,no,703.0,yes,no,cellular,3,feb,489.0,2,271,2,success,no
31.0,technician,married,secondary,no,589.0,yes,yes,unknown,21,may,151.0,1,-1,0,unknown,no
41.0,admin.,married,secondary,no,0.0,no,no,unknown,20,jun,89.0,1,-1,0,unknown,no
41.0,self-employed,single,tertiary,no,1755.0,no,no,unknown,11,jun,152.0,10,-1,0,unknown,no
58.0,retired,married,primary,no,269.0,yes,no,unknown,16,may,38.0,2,-1,0,unknown,no
36.0,technician,married,secondary,no,432.0,yes,no,cellular,11,may,61.0,3,255,2,failure,no
54.0,self-employed,divorced,primary,no,4382.0,yes,no,telephone,18,may,193.0,4,-1,0,unknown,no
32.0,services,married,secondary,no,109.0,yes,no,unknown,2,jun,364.0,13,-1,0,unknown,no
54.0,retired,divorced,primary,no,52.0,no,no,unknown,19,jun,184.0,3,-1,0,unknown,no
46.0,blue-collar,married,secondary,no,922.0,no,yes,cellular,14,jul,151.0,2,-1,0,unknown,no
31.0,blue-collar,married,secondary,no,1779.0,yes,no,unknown,5,jun,85.0,2,-1,0,unknown,no
34.0,technician,divorced,secondary,no,8.0,yes,no,cellular,6,may,569.0,2,-1,0,unknown,no
46.0,blue-collar,married,primary,no,-271.0,yes,no,cellular,25,jul,65.0,2,-1,0,unknown,no
45.0,admin.,married,secondary,no,0.0,no,no,cellular,19,aug,145.0,10,-1,0,unknown,no
30.0,management,married,tertiary,no,14.0,no,no,cellular,24,jul,,2,-1,0,unknown,no
38.0,admin.,married,secondary,no,215.0,yes,yes,unknown,6,jun,173.0,2,-1,0,unknown,no
31.0,student,single,tertiary,no,307.0,no,no,cellular,20,nov,597.0,2,-1,0,unknown,no
30.0,entrepreneur,single,secondary,no,265.0,yes,yes,unknown,3,jun,67.0,10,-1,0,unknown,no
43.0,admin.,married,secondary,no,323.0,yes,yes,cellular,12,may,43.0,3,369,2,failure,no
26.0,management,single,tertiary,no,800.0,yes,no,cellular,30,jan,405.0,2,-1,0,unknown,no
32.0,technician,single,tertiary,no,392.0,yes,no,cellular,21,nov,148.0,2,-1,0,unknown,no
33.0,services,single,secondary,no,406.0,yes,no,cellular,5,feb,61.0,1,275,1,failure,no
40.0,blue-collar,married,primary,no,104.0,yes,no,unknown,26,may,470.0,2,-1,0,unknown,no
47.0,housemaid,divorced,secondary,no,1453.0,no,no,unknown,12,jun,303.0,1,-1,0,unknown,no
34.0,blue-collar,single,tertiary,no,1168.0,no,no,cellular,6,feb,163.0,2,-1,0,unknown,no
,blue-collar,married,primary,no,766.0,yes,no,unknown,3,jun,350.0,3,-1,0,unknown,no
49.0,blue-collar,married,tertiary,no,1784.0,no,no,unknown,12,jun,753.0,1,-1,0,unknown,no
41.0,blue-collar,divorced,secondary,no,3.0,yes,no,cellular,31,jul,228.0,4,-1,0,unknown,no
45.0,technician,married,secondary,no,1412.0,yes,no,cellular,11,may,764.0,4,-1,0,unknown,no
45.0,,married,secondary,no,-312.0,yes,no,cellular,16,jul,268.0,1,-1,0,unknown,no
54.0,housemaid,married,primary,no,167.0,yes,no,cellular,22,jul,106.0,2,-1,0,unknown,no
34.0,services,single,secondary,no,1239.0,yes,no,unknown,23,may,164.0,1,-1,0,unknown,no
44.0,blue-collar,married,secondary,no,776.0,yes,no,unknown,29,may,306.0,1,-1,0,unknown,no
56.0,admin.,single,secondary,no,-13.0,no,no,unknown,16,jun,52.0,3,-1,0,unknown,no
60.0,admin.,divorced,secondary,no,4519.0,no,no,cellular,2,feb,152.0,1,-1,0,unknown,no
56.0,retired,married,tertiary,no,5769.0,no,no,unknown,20,jun,15.0,3,-1,0,unknown,no
60.0,retired,married,primary,no,414.0,no,no,unknown,8,may,395.0,1,-1,0,unknown,no
57.0,entrepreneur,married,tertiary,no,958.0,no,no,unknown,6,jun,250.0,2,-1,0,unknown,no
29.0,blue-collar,single,secondary,no,922.0,yes,no,cellular,18,may,72.0,1,-1,0,unknown,no
39.0,management,married,secondary,no,1585.0,yes,no,cellular,30,jan,82.0,2,-1,0,unknown,no
33.0,blue-collar,single,primary,no,910.0,yes,no,cellular,20,apr,42.0,1,-1,0,unknown,no
61.0,retired,married,primary,no,3738.0,no,no,telephone,6,feb,188.0,1,-1,0,unknown,no
58.0,management,single,tertiary,no,1387.0,yes,no,telephone,3,feb,140.0,6,6,6,other,no
27.0,blue-collar,single,secondary,yes,-3.0,yes,no,unknown,19,may,265.0,5,-1,0,unknown,no
37.0,services,married,secondary,no,144.0,yes,no,cellular,20,apr,724.0,2,-1,0,unknown,no
34.0,technician,single,secondary,yes,103.0,yes,yes,cellular,24,jul,147.0,1,-1,0,unknown,no
35.0,admin.,married,secondary,no,0.0,yes,no,cellular,20,apr,18.0,5,-1,0,unknown,no
35.0,management,married,tertiary,no,-547.0,yes,no,cellular,14,aug,101.0,2,-1,0,unknown,no
49.0,management,divorced,tertiary,no,9326.0,yes,no,unknown,3,jun,166.0,1,-1,0,unknown,no
34.0,services,divorced,secondary,no,1281.0,no,no,cellular,5,feb,237.0,1,-1,0,unknown,no
34.0,blue-collar,married,primary,no,267.0,yes,no,unknown,7,may,362.0,1,-1,0,unknown,no
48.0,management,married,tertiary,yes,0.0,no,yes,cellular,9,feb,18.0,8,-1,0,unknown,no
55.0,admin.,married,secondary,no,512.0,no,no,cellular,18,aug,115.0,4,-1,0,unknown,no
47.0,admin.,single,secondary,no,3531.0,yes,no,cellular,7,jul,49.0,6,-1,0,,no
52.0,management,married,tertiary,no,,no,no,telephone,31,jul,30.0,7,-1,0,unknown,no
30.0,management,single,tertiary,no,222.0,yes,no,cellular,12,aug,112.0,4,-1,0,unknown,no
54.0,retired,divorced,primary,no,22.0,no,no,unknown,20,jun,23.0,4,-1,0,unknown,no
40.0,management,divorced,tertiary,no,37.0,yes,no,unknown,16,may,412.0,1,-1,0,unknown,no
43.0,technician,married,tertiary,no,591.0,yes,no,cellular,8,aug,889.0,2,-1,0,unknown,no
53.0,management,married,tertiary,no,12.0,no,no,cellular,27,aug,345.0,10,-1,0,unknown,no
25.0,admin.,single,secondary,no,131.0,yes,yes,unknown,9,may,237.0,1,-1,0,unknown,no
51.0,,divorced,secondary,no,228.0,yes,no,unknown,6,may,136.0,1,-1,0,unknown,no
45.0,blue-collar,married,primary,no,1794.0,yes,no,unknown,14,may,174.0,2,-1,0,unknown,no
42.0,management,married,secondary,yes,-34.0,no,no,cellular,5,feb,176.0,1,-1,0,unknown,no
35.0,technician,married,tertiary,no,416.0,no,no,cellular,11,aug,591.0,4,-1,0,unknown,no
37.0,management,divorced,tertiary,no,1170.0,yes,yes,cellular,18,may,106.0,1,-1,0,unknown,no
43.0,blue-collar,married,primary,no,0.0,yes,no,unknown,12,may,3.0,1,-1,0,unknown,no
42.0,services,divorced,secondary,no,466.0,no,no,cellular,28,jan,48.0,1,-1,0,unknown,no
58.0,technician,married,secondary,no,1463.0,yes,no,cellular,12,aug,110.0,3,-1,0,unknown,no
43.0,technician,divorced,secondary,no,6835.0,no,no,cellular,19,nov,187.0,1,152,2,failure,no
29.0,technician,single,secondary,yes,-397.0,yes,no,unknown,28,may,114.0,1,-1,0,unknown,no
39.0,blue-collar,married,secondary,no,5222.0,yes,no,unknown,28,may,102.0,1,-1,0,unknown,no
59.0,retired,married,primary,no,0.0,yes,no,cellular,28,jul,20.0,4,-1,0,unknown,no
36.0,services,married,secondary,no,526.0,yes,no,cellular,17,apr,333.0,2,324,1,other,no
44.0,management,divorced,tertiary,no,2422.0,yes,no,cellular,16,apr,399.0,2,269,2,failure,no
34.0,admin.,married,secondary,no,430.0,yes,no,cellular,21,jul,82.0,4,-1,0,unknown,no
49.0,management,married,tertiary,no,20.0,yes,no,cellular,4,feb,117.0,1,-1,0,unknown,no
26.0,technician,single,secondary,no,-211.0,yes,no,unknown,23,may,164.0,3,-1,0,unknown,no
51.0,housemaid,married,primary,no,1337.0,no,no,telephone,30,jul,74.0,6,-1,0,unknown,no
37.0,entrepreneur,married,tertiary,no,4798.0,yes,no,unknown,20,may,156.0,2,-1,0,unknown,no
33.0,admin.,married,secondary,no,1077.0,yes,no,cellular,18,may,432.0,3,374,3,other,no
36.0,services,single,secondary,no,9713.0,yes,no,unknown,27,may,72.0,3,-1,0,unknown,no
34.0,technician,married,tertiary,no,5547.0,yes,no,cellular,19,aug,73.0,6,-1,0,unknown,no
45.0,blue-collar,married,primary,no,2433.0,no,no,cellular,6,aug,133.0,2,-1,0,unknown,no
38.0,,married,secondary,no,105.0,no,no,cellular,30,jul,244.0,2,-1,0,unknown,no
40.0,technician,divorced,secondary,no,275.0,no,no,cellular,13,aug,409.0,4,-1,0,unknown,no
54.0,management,married,primary,no,366.0,yes,no,unknown,15,may,589.0,1,-1,0,unknown,no
34.0,services,married,secondary,no,-315.0,yes,no,unknown,8,may,56.0,2,-1,0,unknown,no
51.0,management,single,tertiary,yes,-55.0,yes,no,cellular,11,may,281.0,2,266,6,failure,no
46.0,technician,married,secondary,no,0.0,no,no,cellular,28,aug,63.0,2,-1,0,unknown,no
52.0,services,married,secondary,no,2993.0,no,no,cellular,11,mar,96.0,6,-1,0,unknown,no
38.0,services,single,primary,no,3715.0,yes,no,telephone,13,may,41.0,2,327,17,failure,no
26.0,management,single,tertiary,no,-8.0,no,no,cellular,13,aug,402.0,2,-1,0,unknown,no
39.0,admin.,married,secondary,no,1577.0,yes,no,unknown,4,jun,282.0,15,-1,0,unknown,no
,management,married,tertiary,no,588.0,no,no,cellular,13,aug,327.0,1,-1,0,unknown,no
44.0,self-employed,married,primary,no,0.0,no,no,cellular,20,nov,843.0,3,-1,0,unknown,no
52.0,management,divorced,secondary,no,944.0,no,yes,unknown,9,jun,119.0,1,-1,0,unknown,no
43.0,unemployed,married,primary,no,9.0,yes,yes,cellular,6,may,472.0,1,-1,0,unknown,no
45.0,technician,married,secondary,no,144.0,yes,yes,cellular,14,jul,154.0,4,-1,0,unknown,no
38.0,services,single,tertiary,no,1222.0,yes,no,unknown,5,jun,237.0,2,-1,0,,no
59.0,technician,married,secondary,no,0.0,no,no,cellular,29,aug,62.0,2,-1,0,unknown,no
40.0,blue-collar,married,secondary,no,668.0,yes,no,cellular,17,apr,156.0,2,318,1,other,no
34.0,blue-collar,married,unknown,no,568.0,yes,no,cellular,25,jul,256.0,1,-1,0,unknown,no
41.0,technician,married,secondary,no,0.0,no,no,cellular,29,aug,141.0,2,-1,0,unknown,no
36.0,management,married,tertiary,no,-861.0,yes,yes,cellular,28,jul,53.0,2,-1,0,unknown,no
40.0,admin.,single,secondary,no,877.0,yes,no,cellular,21,nov,12.0,3,177,6,failure,no
39.0,student,single,tertiary,no,1107.0,yes,no,telephone,20,apr,407.0,4,-1,0,unknown,no
34.0,management,single,tertiary,no,757.0,no,no,cellular,18,aug,37.0,4,-1,0,unknown,no
31.0,management,single,tertiary,no,30.0,no,no,cellular,8,aug,161.0,2,-1,0,unknown,no
32.0,technician,single,secondary,no,287.0,yes,no,unknown,21,may,59.0,8,-1,0,unknown,no
53.0,blue-collar,married,secondary,no,3079.0,no,no,cellular,5,apr,759.0,1,-1,0,unknown,no
28.0,management,single,tertiary,no,3238.0,yes,no,unknown,19,may,7.0,1,-1,0,unknown,no
38.0,blue-collar,single,secondary,no,1012.0,yes,yes,telephone,17,nov,69.0,1,-1,0,unknown,no
50.0,blue-collar,divorced,secondary,no,203.0,yes,no,telephone,19,nov,265.0,1,127,4,other,no
36.0,housemaid,married,secondary,no,2880.0,no,no,unknown,12,jun,283.0,1,-1,0,unknown,no
23.0,student,single,secondary,no,486.0,no,no,cellular,3,mar,87.0,1,-1,0,unknown,no
51.0,management,married,unknown,no,1708.0,no,no,telephone,29,jan,92.0,3,-1,0,unknown,no
51.0,management,married,tertiary,no,10635.0,yes,no,unknown,5,may,336.0,1,-1,0,unknown,no
35.0,services,married,secondary,no,1728.0,yes,no,cellular,17,apr,865.0,1,-1,0,unknown,no
32.0,self-employed,married,secondary,no,67.0,no,no,cellular,5,aug,153.0,1,-1,0,unknown,no
60.0,housemaid,divorced,secondary,no,387.0,yes,no,unknown,4,jun,235.0,1,-1,0,unknown,no
34.0,management,married,secondary,no,56.0,yes,no,cellular,20,nov,311.0,3,183,1,failure,no
58.0,unemployed,married,secondary,no,18.0,no,no,cellular,31,jul,70.0,1,-1,0,unknown,no
58.0,management,married,tertiary,no,0.0,no,no,unknown,20,jun,22.0,4,-1,0,unknown,no
34.0,technician,single,secondary,no,174.0,no,no,telephone,11,may,259.0,4,-1,0,unknown,no
38.0,management,divorced,tertiary,no,162.0,no,no,cellular,25,aug,323.0,4,-1,0,unknown,no
34.0,services,married,secondary,no,,yes,yes,unknown,5,may,78.0,1,-1,0,unknown,no
31.0,admin.,married,secondary,no,113.0,yes,no,cellular,18,nov,474.0,3,-1,0,unknown,no
46.0,unemployed,married,secondary,no,2940.0,yes,no,unknown,29,may,195.0,2,-1,0,unknown,no
36.0,admin.,married,secondary,no,1954.0,yes,yes,cellular,20,nov,158.0,2,174,3,failure,no
35.0,admin.,single,secondary,no,182.0,yes,no,unknown,3,jun,117.0,1,-1,0,unknown,no
42.0,services,single,secondary,no,247.0,yes,no,cellular,31,jul,114.0,2,-1,0,unknown,no
28.0,technician,married,primary,no,-58.0,yes,no,unknown,8,may,74.0,1,-1,0,unknown,no
39.0,technician,single,secondary,no,1685.0,yes,no,cellular,8,may,319.0,1,368,1,failure,no
39.0,services,single,tertiary,no,410.0,no,no,unknown,19,jun,266.0,4,-1,0,unknown,no
39.0,admin.,married,secondary,no,-367.0,yes,no,cellular,16,apr,667.0,2,-1,0,unknown,no
43.0,technician,divorced,secondary,no,6835.0,no,no,unknown,20,jun,262.0,2,-1,0,unknown,no
69.0,retired,married,primary,no,2398.0,no,no,cellular,12,apr,161.0,1,186,1,failure,no
43.0,blue-collar,married,secondary,no,-312.0,yes,no,unknown,20,jun,26.0,11,-1,0,unknown,no
36.0,blue-collar,married,primary,no,2079.0,yes,yes,unknown,19,may,403.0,2,-1,0,unknown,no
38.0,technician,married,unknown,no,573.0,yes,no,unknown,6,may,87.0,1,-1,0,unknown,no
38.0,management,single,secondary,no,399.0,yes,no,cellular,11,aug,367.0,4,-1,0,unknown,no
37.0,management,married,tertiary,no,57.0,no,no,cellular,30,apr,96.0,2,84,1,success,no
37.0,admin.,married,secondary,no,641.0,yes,no,unknown,5,jun,42.0,1,-1,0,unknown,no
31.0,management,married,tertiary,no,1575.0,no,no,cellular,12,aug,178.0,4,-1,0,unknown,no
31.0,services,single,secondary,no,-475.0,yes,no,telephone,12,may,232.0,3,-1,0,unknown,no
32.0,management,married,tertiary,no,128.0,yes,no,cellular,28,jul,320.0,3,-1,0,unknown,no
42.0,technician,divorced,secondary,no,305.0,yes,no,cellular,28,aug,82.0,4,-1,0,unknown,no
46.0,self-employed,married,tertiary,no,-80.0,yes,no,unknown,12,may,112.0,2,-1,0,unknown,no
35.0,technician,married,secondary,no,198.0,no,no,cellular,27,aug,282.0,13,-1,0,unknown,no
31.0,management,married,tertiary,no,1170.0,no,no,cellular,20,aug,200.0,4,-1,0,unknown,no
60.0,admin.,divorced,secondary,no,683.0,no,no,cellular,8,nov,507.0,1,-1,0,unknown,no
55.0,retired,married,secondary,no,2312.0,no,no,unknown,12,jun,60.0,1,-1,0,unknown,no
45.0,blue-collar,married,secondary,no,28.0,no,yes,cellular,4,feb,215.0,1,222,1,other,no
33.0,admin.,single,secondary,no,-15.0,no,no,telephone,12,may,326.0,3,350,2,failure,no
48.0,admin.,married,secondary,no,476.0,no,no,unknown,5,jun,489.0,3,-1,0,unknown,no
36.0,blue-collar,divorced,primary,no,0.0,no,no,cellular,14,may,543.0,2,-1,0,unknown,no
37.0,services,married,secondary,no,217.0,yes,no,cellular,11,may,152.0,1,-1,0,unknown,no
37.0,technician,married,secondary,no,157.0,yes,no,unknown,7,may,238.0,2,-1,0,unknown,no
,technician,divorced,secondary,no,83.0,yes,no,unknown,6,may,190.0,3,-1,0,unknown,no
40.0,technician,divorced,tertiary,no,1871.0,yes,no,cellular,17,nov,64.0,1,-1,0,unknown,no
44.0,technician,married,secondary,no,11016.0,no,no,unknown,9,jun,252.0,3,-1,0,unknown,no
46.0,technician,married,secondary,no,4023.0,yes,no,cellular,7,aug,131.0,2,-1,0,unknown,no
37.0,management,married,tertiary,no,-57.0,yes,no,cellular,31,jul,37.0,20,-1,0,unknown,no
57.0,retired,married,secondary,no,91.0,no,yes,unknown,3,jul,256.0,3,-1,0,unknown,no
43.0,admin.,married,secondary,no,506.0,no,no,unknown,20,jun,398.0,1,-1,0,unknown,no
33.0,technician,single,secondary,no,161.0,no,no,cellular,25,aug,66.0,9,-1,0,unknown,no
38.0,management,single,tertiary,no,633.0,no,no,cellular,9,jul,171.0,3,-1,0,unknown,no
31.0,management,single,tertiary,no,41.0,yes,no,cellular,18,aug,392.0,2,-1,0,unknown,no
44.0,technician,married,unknown,yes,-375.0,yes,yes,telephone,6,may,149.0,4,-1,0,unknown,no
28.0,blue-collar,single,secondary,no,-284.0,yes,no,unknown,12,may,162.0,1,-1,0,unknown,no
31.0,management,single,tertiary,no,0.0,no,no,cellular,25,aug,11.0,16,-1,0,unknown,no
42.0,blue-collar,married,unknown,no,0.0,no,no,unknown,26,may,270.0,2,-1,0,unknown,no
41.0,blue-collar,married,secondary,no,2413.0,no,no,unknown,16,jun,64.0,3,-1,0,unknown,no
20.0,student,single,primary,no,134.0,no,no,cellular,12,jul,273.0,1,277,3,other,no
29.0,admin.,single,secondary,no,127.0,yes,yes,cellular,20,apr,314.0,1,-1,0,unknown,no
33.0,blue-collar,married,secondary,no,-253.0,yes,no,cellular,12,may,89.0,3,-1,0,unknown,no
36.0,management,married,tertiary,no,659.0,no,no,cellular,28,aug,90.0,13,-1,0,unknown,no
,housemaid,divorced,secondary,no,314.0,no,no,unknown,9,jun,249.0,2,-1,0,unknown,no
57.0,technician,married,secondary,no,6362.0,yes,yes,cellular,18,nov,66.0,1,-1,0,unknown,no
35.0,technician,single,tertiary,no,33.0,no,no,cellular,29,aug,300.0,2,-1,0,unknown,no
33.0,services,divorced,unknown,no,392.0,yes,no,cellular,15,jul,753.0,4,-1,0,unknown,no
37.0,blue-collar,married,secondary,no,454.0,yes,no,unknown,12,may,115.0,1,-1,0,unknown,no
55.0,blue-collar,married,unknown,no,23.0,no,no,cellular,30,jan,143.0,1,2,3,other,no
28.0,technician,single,secondary,no,2034.0,yes,no,unknown,21,may,196.0,1,-1,0,unknown,no
38.0,technician,married,secondary,no,185.0,no,yes,cellular,29,aug,44.0,16,-1,0,unknown,no
38.0,management,married,tertiary,no,0.0,yes,no,unknown,20,jun,211.0,2,-1,0,unknown,no
60.0,admin.,married,unknown,no,738.0,no,no,unknown,19,may,529.0,3,-1,0,unknown,no
55.0,management,married,secondary,no,0.0,yes,no,unknown,13,may,309.0,2,-1,0,unknown,no
48.0,technician,married,secondary,no,862.0,no,no,cellular,30,jul,160.0,2,-1,0,unknown,no
30.0,services,married,secondary,no,1256.0,yes,no,cellular,18,may,123.0,3,-1,0,unknown,no
31.0,services,married,secondary,no,371.0,yes,yes,cellular,17,apr,654.0,1,-1,0,unknown,no
25.0,student,single,unknown,no,2503.0,no,no,cellular,26,feb,100.0,2,-1,0,unknown,no
37.0,management,married,tertiary,no,393.0,yes,no,cellular,12,aug,62.0,2,104,2,success,no
26.0,blue-collar,married,secondary,no,557.0,yes,yes,unknown,27,may,282.0,2,-1,0,unknown,no
45.0,blue-collar,married,secondary,no,61.0,yes,yes,unknown,23,may,208.0,1,-1,0,unknown,no
76.0,retired,married,tertiary,no,2991.0,no,no,cellular,25,jan,195.0,1,95,2,success,no
32.0,technician,married,secondary,no,557.0,yes,no,cellular,6,may,91.0,2,-1,0,unknown,no
52.0,management,married,secondary,no,173.0,no,no,unknown,23,may,48.0,5,-1,0,unknown,no
35.0,entrepreneur,divorced,secondary,no,80.0,no,no,cellular,20,aug,67.0,5,-1,0,unknown,no
54.0,unemployed,single,secondary,no,3611.0,yes,no,cellular,5,feb,81.0,1,-1,0,unknown,no
33.0,technician,married,tertiary,no,-482.0,yes,no,cellular,29,jul,90.0,3,-1,0,unknown,no
44.0,management,married,unknown,no,2982.0,no,no,unknown,16,jun,55.0,2,-1,0,unknown,no
34.0,admin.,single,tertiary,no,458.0,yes,no,unknown,20,may,211.0,1,-1,0,unknown,no
38.0,technician,single,tertiary,no,11.0,no,no,unknown,18,jun,78.0,3,-1,0,unknown,no
33.0,admin.,married,secondary,no,0.0,yes,no,cellular,17,nov,78.0,1,-1,0,unknown,no
32.0,blue-collar,married,secondary,no,328.0,yes,no,unknown,20,may,132.0,1,-1,0,unknown,no
,blue-collar,single,secondary,no,111.0,yes,no,cellular,6,may,174.0,3,-1,0,unknown,no
77.0,retired,married,primary,no,2223.0,no,no,telephone,10,aug,365.0,2,187,1,success,no
26.0,services,single,secondary,no,37.0,no,yes,cellular,2,feb,219.0,5,-1,0,unknown,no
33.0,blue-collar,single,primary,yes,-15.0,no,yes,cellular,7,jul,326.0,2,-1,0,unknown,no
45.0,management,married,unknown,no,9051.0,yes,no,unknown,19,may,124.0,63,-1,0,unknown,no
55.0,technician,divorced,secondary,yes,284.0,yes,no,cellular,7,aug,78.0,2,-1,0,unknown,no
55.0,admin.,married,secondary,no,183.0,yes,no,unknown,6,may,150.0,1,-1,0,unknown,no
35.0,management,married,tertiary,no,109.0,no,yes,cellular,21,aug,257.0,2,-1,0,unknown,no
28.0,admin.,married,secondary,no,934.0,yes,no,unknown,4,jul,53.0,2,-1,0,unknown,no
55.0,blue-collar,married,secondary,no,93.0,no,yes,cellular,28,jan,111.0,1,-1,0,unknown,no
37.0,blue-collar,divorced,secondary,no,811.0,yes,yes,cellular,6,apr,185.0,3,-1,0,unknown,no
35.0,management,married,tertiary,no,753.0,no,no,cellular,27,aug,111.0,9,-1,0,unknown,no
33.0,technician,single,tertiary,no,538.0,yes,no,unknown,29,may,359.0,2,-1,0,unknown,no
35.0,blue-collar,married,secondary,no,1098.0,yes,no,unknown,26,may,19.0,17,-1,0,unknown,no
30.0,technician,single,tertiary,no,3086.0,yes,no,cellular,7,may,84.0,3,168,1,failure,no
35.0,blue-collar,married,secondary,no,2054.0,yes,no,unknown,20,may,447.0,1,-1,0,unknown,no
49.0,admin.,married,secondary,no,2501.0,yes,no,unknown,30,may,50.0,2,-1,0,unknown,no
26.0,services,single,secondary,no,209.0,yes,no,cellular,22,jul,319.0,2,-1,0,unknown,no
26.0,blue-collar,single,secondary,no,972.0,yes,no,unknown,20,may,177.0,10,-1,0,unknown,no
31.0,unknown,married,secondary,no,3.0,no,no,cellular,20,jul,91.0,2,-1,0,unknown,no
38.0,admin.,married,secondary,no,326.0,yes,no,cellular,17,apr,69.0,2,-1,0,unknown,no
54.0,technician,married,secondary,no,3323.0,yes,yes,cellular,8,apr,59.0,3,-1,0,unknown,no
50.0,blue-collar,married,primary,no,4121.0,yes,yes,cellular,20,nov,177.0,1,-1,0,unknown,no
37.0,blue-collar,married,secondary,no,13849.0,yes,no,unknown,23,may,252.0,5,-1,0,unknown,no
29.0,blue-collar,married,primary,no,630.0,yes,no,cellular,30,jul,219.0,5,-1,0,unknown,no
35.0,blue-collar,married,primary,no,624.0,yes,no,unknown,7,may,163.0,1,-1,0,unknown,no
36.0,technician,single,secondary,no,7503.0,yes,no,telephone,5,may,193.0,1,335,1,failure,no
57.0,blue-collar,married,primary,no,0.0,no,no,unknown,9,jun,73.0,2,-1,0,unknown,no
72.0,retired,married,secondary,no,2850.0,no,no,cellular,16,oct,131.0,2,241,1,success,no
27.0,student,single,secondary,no,672.0,no,no,cellular,18,mar,,2,-1,0,unknown,no
48.0,blue-collar,married,primary,no,492.0,no,yes,cellular,21,aug,139.0,2,-1,0,unknown,no
30.0,technician,single,secondary,no,778.0,yes,no,cellular,18,may,22.0,2,346,2,failure,no
27.0,blue-collar,married,primary,no,106.0,yes,no,unknown,30,may,150.0,5,-1,0,unknown,no
57.0,management,married,tertiary,no,4929.0,yes,no,telephone,31,jul,91.0,4,-1,0,unknown,no
38.0,management,married,tertiary,no,0.0,no,no,cellular,24,sep,246.0,12,197,6,failure,no
47.0,technician,married,tertiary,no,545.0,yes,no,cellular,12,aug,588.0,3,-1,0,unknown,no
57.0,services,married,primary,no,1728.0,yes,no,telephone,16,jul,164.0,1,-1,0,unknown,no
43.0,blue-collar,married,primary,no,1401.0,yes,no,unknown,12,may,195.0,2,-1,0,unknown,no
43.0,unemployed,married,secondary,no,1943.0,yes,no,cellular,18,nov,202.0,2,-1,0,unknown,no
32.0,management,single,tertiary,no,11.0,yes,yes,cellular,5,may,399.0,1,-1,0,unknown,no
37.0,entrepreneur,married,secondary,no,-170.0,yes,no,unknown,28,may,39.0,1,-1,0,unknown,no
49.0,blue-collar,married,primary,no,239.0,no,no,cellular,22,aug,90.0,3,-1,0,unknown,no
32.0,admin.,single,tertiary,no,272.0,yes,no,cellular,7,oct,73.0,2,-1,0,unknown,no
40.0,services,married,secondary,no,113.0,yes,no,unknown,4,jun,126.0,1,-1,0,unknown,no
43.0,blue-collar,married,primary,no,-120.0,yes,no,unknown,3,jun,46.0,1,-1,0,unknown,no
46.0,blue-collar,married,primary,no,-388.0,yes,yes,cellular,10,jul,207.0,1,-1,0,unknown,no
49.0,blue-collar,married,unknown,no,51.0,yes,no,unknown,7,may,984.0,1,-1,0,unknown,no
37.0,management,married,tertiary,no,1689.0,yes,no,unknown,29,may,645.0,2,-1,0,unknown,no
40.0,housemaid,divorced,secondary,no,108.0,no,no,unknown,9,may,93.0,1,-1,0,unknown,no
56.0,management,married,tertiary,no,25290.0,no,no,cellular,31,jul,81.0,12,-1,0,unknown,no
30.0,blue-collar,divorced,primary,no,1.0,yes,no,unknown,6,jun,63.0,9,-1,0,unknown,no
40.0,blue-collar,married,primary,no,-22.0,yes,no,unknown,19,may,84.0,3,-1,0,unknown,no
29.0,admin.,married,tertiary,no,167.0,yes,yes,cellular,13,oct,357.0,2,237,2,failure,no
37.0,blue-collar,married,primary,no,1796.0,yes,yes,cellular,17,apr,232.0,2,-1,0,unknown,no
38.0,self-employed,single,secondary,no,677.0,yes,no,cellular,14,may,114.0,2,-1,0,unknown,no
28.0,technician,single,secondary,no,593.0,yes,no,unknown,19,jun,202.0,1,-1,0,unknown,no
40.0,services,single,secondary,no,316.0,no,no,,11,jun,122.0,5,-1,0,unknown,no
58.0,admin.,married,secondary,no,855.0,no,no,cellular,14,aug,81.0,2,-1,0,unknown,no
41.0,management,married,secondary,no,3096.0,yes,no,cellular,24,jul,273.0,6,-1,0,unknown,no
55.0,blue-collar,single,tertiary,no,325.0,yes,no,unknown,8,may,693.0,1,-1,0,unknown,no
40.0,blue-collar,married,secondary,no,1023.0,yes,no,cellular,13,may,64.0,5,336,11,other,no
40.0,unemployed,divorced,secondary,no,,yes,no,unknown,12,jun,316.0,2,-1,0,unknown,no
27.0,technician,married,secondary,no,876.0,yes,no,cellular,18,may,268.0,1,355,1,failure,no
52.0,blue-collar,married,primary,no,1271.0,no,no,cellular,18,aug,131.0,3,-1,0,unknown,no
31.0,technician,married,tertiary,no,165.0,no,no,cellular,15,may,218.0,4,-1,0,unknown,no
30.0,self-employed,single,tertiary,no,578.0,yes,no,unknown,2,jun,142.0,4,-1,0,unknown,no
59.0,technician,divorced,secondary,no,2595.0,yes,no,cellular,29,aug,398.0,2,-1,0,unknown,no
47.0,management,divorced,tertiary,no,8226.0,yes,no,cellular,30,jul,137.0,2,-1,0,unknown,no
57.0,management,married,secondary,no,657.0,yes,no,telephone,11,may,20.0,5,-1,0,unknown,no
43.0,management,married,tertiary,no,0.0,yes,no,cellular,21,jul,474.0,1,-1,0,unknown,no
38.0,management,married,tertiary,no,1875.0,no,no,cellular,17,nov,286.0,1,-1,0,unknown,no
27.0,self-employed,married,secondary,yes,254.0,yes,yes,cellular,29,jan,,1,188,1,failure,no
46.0,admin.,married,secondary,no,1252.0,yes,yes,cellular,17,nov,59.0,1,-1,0,unknown,no
42.0,blue-collar,married,secondary,no,790.0,yes,no,unknown,29,may,356.0,2,-1,0,unknown,no
,management,married,tertiary,no,656.0,yes,no,cellular,25,jul,268.0,2,-1,0,unknown,no
42.0,admin.,married,secondary,no,329.0,no,no,cellular,19,aug,347.0,3,-1,0,unknown,no
42.0,services,divorced,secondary,no,83.0,no,no,cellular,13,may,300.0,5,358,6,failure,no
38.0,self-employed,married,secondary,no,138.0,no,no,unknown,9,may,182.0,3,-1,0,unknown,no
43.0,blue-collar,married,primary,no,0.0,yes,no,unknown,20,may,592.0,1,-1,0,unknown,no
34.0,blue-collar,single,secondary,no,39.0,no,no,cellular,18,jul,138.0,3,-1,0,unknown,no
28.0,blue-collar,single,primary,no,426.0,yes,no,cellular,18,may,953.0,3,-1,0,unknown,no
43.0,management,divorced,secondary,no,693.0,yes,no,unknown,5,may,124.0,3,-1,0,unknown,no
55.0,blue-collar,married,secondary,no,2854.0,yes,no,cellular,7,may,312.0,1,-1,0,unknown,no
32.0,management,divorced,tertiary,no,787.0,yes,no,cellular,11,aug,72.0,2,-1,0,unknown,no
49.0,blue-collar,married,secondary,no,102.0,no,no,cellular,29,aug,210.0,2,-1,0,unknown,no
48.0,unemployed,married,secondary,no,855.0,yes,no,unknown,9,may,241.0,2,-1,0,unknown,no
30.0,management,single,tertiary,no,1675.0,no,no,cellular,4,sep,181.0,1,-1,0,unknown,no
43.0,admin.,married,secondary,no,1996.0,no,yes,cellular,31,jul,34.0,3,-1,0,unknown,no
42.0,technician,married,secondary,no,473.0,yes,no,cellular,7,jul,216.0,5,-1,0,unknown,no
30.0,technician,single,tertiary,no,1.0,no,no,cellular,20,aug,88.0,2,-1,0,unknown,no
31.0,management,married,secondary,no,1064.0,no,no,telephone,20,nov,60.0,1,-1,0,unknown,no
33.0,self-employed,married,secondary,no,215.0,yes,no,cellular,29,jul,543.0,12,-1,0,unknown,no
46.0,blue-collar,divorced,secondary,no,138.0,no,no,cellular,19,nov,277.0,1,-1,0,unknown,no
38.0,technician,single,tertiary,no,221.0,no,no,cellular,20,aug,79.0,3,-1,0,unknown,no
53.0,management,single,tertiary,no,720.0,yes,no,unknown,17,nov,99.0,1,-1,0,unknown,no
45.0,management,divorced,secondary,no,51.0,yes,no,cellular,31,jul,67.0,8,-1,0,unknown,no
56.0,blue-collar,married,primary,no,0.0,no,no,cellular,7,aug,152.0,6,-1,0,unknown,no
33.0,entrepreneur,married,tertiary,no,606.0,yes,no,cellular,2,feb,194.0,1,-1,0,unknown,no
28.0,technician,single,secondary,no,6551.0,no,no,cellular,26,may,362.0,1,77,1,failure,no
39.0,blue-collar,divorced,primary,yes,-294.0,yes,no,unknown,5,jun,181.0,2,-1,0,unknown,no
38.0,student,single,unknown,no,64.0,no,no,cellular,6,aug,789.0,1,-1,0,unknown,no
32.0,management,married,tertiary,no,169.0,no,yes,cellular,20,aug,119.0,2,-1,0,unknown,no
52.0,blue-collar,married,primary,no,230.0,yes,no,cellular,6,may,198.0,2,170,2,failure,no
29.0,technician,single,tertiary,no,2485.0,no,no,telephone,24,jul,48.0,6,-1,0,unknown,no
29.0,admin.,single,secondary,no,209.0,no,no,cellular,5,feb,605.0,2,-1,0,unknown,no
33.0,management,married,tertiary,no,71.0,no,no,cellular,16,nov,136.0,1,287,1,failure,no
46.0,self-employed,married,tertiary,no,137.0,yes,yes,unknown,5,may,246.0,1,-1,0,unknown,no
36.0,management,married,tertiary,no,2547.0,no,no,cellular,31,jul,292.0,1,-1,0,unknown,no
35.0,entrepreneur,single,tertiary,no,1800.0,yes,no,unknown,5,jun,53.0,1,-1,0,unknown,no
39.0,admin.,single,secondary,no,6512.0,no,no,unknown,20,jun,16.0,6,-1,0,unknown,no
56.0,technician,married,tertiary,no,1476.0,no,no,telephone,31,jul,40.0,3,-1,0,unknown,no
42.0,technician,married,secondary,no,534.0,no,no,cellular,5,aug,314.0,1,-1,0,unknown,no
44.0,admin.,married,secondary,no,1696.0,no,no,unknown,16,jun,139.0,3,-1,0,unknown,no
50.0,admin.,married,secondary,no,219.0,yes,no,cellular,15,jul,419.0,7,-1,0,unknown,no
46.0,blue-collar,married,primary,no,557.0,no,no,unknown,18,jun,89.0,1,-1,0,unknown,no
50.0,management,single,unknown,no,1277.0,no,no,cellular,4,may,63.0,1,-1,0,unknown,no
48.0,admin.,married,secondary,no,-30.0,yes,no,cellular,7,may,133.0,1,-1,0,unknown,no
39.0,technician,single,secondary,no,175.0,no,yes,unknown,16,jun,757.0,2,-1,0,unknown,no
26.0,admin.,married,secondary,no,1595.0,no,no,cellular,2,mar,54.0,1,-1,0,unknown,no
32.0,technician,single,tertiary,no,723.0,no,no,cellular,28,aug,68.0,27,-1,0,unknown,no
36.0,services,married,secondary,no,297.0,yes,yes,cellular,15,jul,157.0,5,-1,0,unknown,no
56.0,management,divorced,tertiary,no,310.0,no,no,unknown,20,jun,75.0,4,-1,0,unknown,no
30.0,blue-collar,single,secondary,no,1012.0,yes,no,cellular,17,apr,22.0,3,329,1,failure,no
39.0,self-employed,divorced,secondary,yes,-103.0,no,yes,unknown,5,jun,210.0,3,-1,0,unknown,no
33.0,management,married,tertiary,no,621.0,no,no,cellular,12,aug,913.0,5,-1,0,unknown,no
43.0,blue-collar,single,primary,no,548.0,yes,no,unknown,7,may,98.0,1,-1,0,unknown,no
32.0,services,single,secondary,no,182.0,yes,no,cellular,6,may,145.0,1,-1,0,unknown,no
27.0,blue-collar,single,secondary,no,484.0,yes,no,cellular,15,apr,309.0,2,-1,0,unknown,no
46.0,admin.,divorced,secondary,no,1342.0,yes,no,cellular,4,feb,135.0,1,-1,0,unknown,no
42.0,technician,single,secondary,no,0.0,yes,no,unknown,6,may,293.0,1,-1,0,unknown,no
43.0,self-employed,married,primary,no,66.0,yes,no,unknown,7,may,175.0,5,-1,0,unknown,no
59.0,retired,divorced,secondary,no,21.0,yes,no,telephone,19,nov,121.0,2,-1,0,unknown,no
44.0,services,divorced,secondary,no,608.0,yes,yes,unknown,18,jun,19.0,30,-1,0,unknown,no
31.0,blue-collar,married,secondary,no,5345.0,yes,no,cellular,18,nov,260.0,1,-1,0,unknown,no
,unemployed,single,secondary,no,461.0,no,no,cellular,28,jan,214.0,1,-1,0,unknown,no
51.0,services,married,unknown,no,5801.0,yes,no,unknown,29,may,147.0,2,-1,0,unknown,no
24.0,admin.,married,secondary,no,0.0,yes,no,cellular,16,apr,284.0,1,-1,0,unknown,no
26.0,blue-collar,single,secondary,no,78.0,no,no,telephone,28,jan,43.0,1,-1,0,unknown,no
54.0,management,married,tertiary,no,-1415.0,yes,yes,cellular,17,nov,135.0,1,-1,0,unknown,no
31.0,blue-collar,married,secondary,no,30.0,yes,no,unknown,11,jun,172.0,14,-1,0,unknown,no
33.0,services,single,secondary,no,100.0,yes,no,cellular,14,may,11.0,8,297,7,other,no
42.0,housemaid,married,primary,no,1371.0,no,no,unknown,18,jun,125.0,8,-1,0,unknown,no
33.0,management,married,tertiary,no,62.0,yes,no,cellular,2,feb,102.0,1,264,1,failure,no
40.0,admin.,single,tertiary,no,1005.0,yes,no,cellular,21,jul,449.0,1,-1,0,unknown,no
46.0,admin.,married,secondary,no,517.0,yes,no,cellular,5,may,29.0,3,-1,0,unknown,no
33.0,management,married,tertiary,no,0.0,no,no,cellular,29,aug,60.0,2,-1,0,,no
56.0,management,divorced,tertiary,no,382.0,no,no,cellular,19,nov,117.0,2,-1,0,unknown,no
38.0,blue-collar,married,secondary,no,468.0,yes,no,unknown,8,may,101.0,2,-1,0,unknown,no
35.0,management,married,tertiary,no,178.0,no,no,cellular,14,aug,76.0,2,-1,0,unknown,no
32.0,technician,divorced,secondary,no,211.0,yes,yes,,29,may,230.0,4,-1,0,unknown,no
51.0,management,married,primary,yes,57.0,yes,yes,unknown,8,may,61.0,1,-1,0,unknown,no
33.0,entrepreneur,married,tertiary,no,114.0,no,yes,cellular,28,jul,57.0,3,-1,0,unknown,no
31.0,technician,single,secondary,no,1222.0,yes,no,cellular,20,apr,186.0,3,-1,0,unknown,no
31.0,blue-collar,married,secondary,no,1660.0,yes,no,cellular,20,apr,342.0,1,-1,0,unknown,no
49.0,blue-collar,divorced,primary,no,-9.0,yes,yes,unknown,5,may,389.0,1,-1,0,unknown,no
43.0,technician,divorced,secondary,no,0.0,yes,no,cellular,5,may,150.0,2,342,2,failure,no
40.0,management,married,tertiary,no,30.0,yes,no,cellular,28,jul,609.0,6,-1,0,unknown,no
27.0,blue-collar,married,secondary,no,0.0,yes,no,cellular,17,jul,444.0,6,-1,0,unknown,no
33.0,management,single,tertiary,no,369.0,no,no,cellular,25,aug,143.0,10,-1,0,unknown,no
47.0,technician,married,secondary,no,1571.0,yes,no,cellular,11,may,261.0,1,369,2,failure,no
59.0,housemaid,married,primary,no,-187.0,yes,no,telephone,21,jul,118.0,7,-1,0,unknown,no
,technician,married,secondary,no,0.0,yes,no,cellular,1,jun,144.0,1,83,1,failure,no
35.0,admin.,married,secondary,no,-257.0,no,no,cellular,28,jan,117.0,3,-1,0,unknown,no
32.0,services,single,secondary,no,2459.0,yes,yes,unknown,23,may,162.0,1,-1,0,unknown,no
49.0,blue-collar,married,secondary,no,1219.0,yes,no,cellular,26,aug,168.0,5,-1,0,unknown,no
54.0,entrepreneur,divorced,tertiary,no,5784.0,no,no,cellular,21,nov,75.0,5,-1,0,unknown,no
30.0,management,single,tertiary,no,162.0,yes,no,unknown,20,may,186.0,4,-1,0,unknown,no
33.0,management,single,tertiary,no,1909.0,no,no,cellular,8,aug,191.0,2,-1,0,unknown,no
50.0,admin.,married,secondary,no,-195.0,no,no,cellular,22,aug,119.0,4,-1,0,unknown,no
40.0,services,divorced,primary,no,4.0,yes,no,cellular,7,may,171.0,2,-1,0,unknown,no
38.0,entrepreneur,married,primary,no,350.0,yes,no,cellular,8,may,75.0,1,-1,0,unknown,no
34.0,housemaid,married,primary,no,87.0,yes,no,unknown,15,may,139.0,2,-1,0,unknown,no
33.0,blue-collar,single,primary,no,777.0,no,no,cellular,7,jul,263.0,1,-1,0,unknown,no
41.0,blue-collar,married,primary,no,3140.0,yes,no,unknown,13,may,87.0,9,-1,0,unknown,no
30.0,services,single,secondary,no,1510.0,yes,no,cellular,18,nov,191.0,1,-1,0,unknown,no
45.0,blue-collar,divorced,secondary,no,756.0,yes,no,unknown,6,may,179.0,2,-1,0,unknown,no
28.0,management,single,tertiary,no,1086.0,yes,no,unknown,29,may,128.0,2,-1,0,unknown,no
35.0,management,married,secondary,no,339.0,yes,no,unknown,23,may,317.0,1,-1,0,unknown,no
31.0,services,single,secondary,no,205.0,yes,no,cellular,15,apr,465.0,1,-1,0,unknown,no
41.0,blue-collar,married,secondary,no,2717.0,yes,yes,cellular,24,jul,559.0,2,-1,0,unknown,no
32.0,blue-collar,single,secondary,no,138.0,yes,no,cellular,15,may,215.0,2,-1,0,unknown,no
34.0,self-employed,single,tertiary,no,1943.0,yes,no,cellular,16,apr,478.0,2,-1,0,unknown,no
26.0,technician,married,secondary,no,744.0,no,no,cellular,15,apr,609.0,1,-1,0,unknown,no
29.0,blue-collar,married,primary,no,79.0,yes,no,unknown,27,may,22.0,2,-1,0,unknown,no
49.0,technician,married,secondary,no,2400.0,no,no,cellular,21,oct,262.0,3,-1,0,unknown,no
30.0,admin.,divorced,secondary,no,419.0,no,no,cellular,3,sep,72.0,2,-1,0,unknown,no
44.0,self-employed,married,primary,no,414.0,yes,no,cellular,4,feb,138.0,1,272,2,other,no
42.0,technician,married,secondary,no,27.0,no,no,cellular,14,aug,259.0,4,-1,0,unknown,no
35.0,technician,divorced,secondary,no,2823.0,yes,no,cellular,2,feb,229.0,1,-1,0,unknown,no
39.0,management,divorced,tertiary,no,4692.0,yes,no,telephone,19,nov,214.0,2,174,2,success,no
34.0,self-employed,single,secondary,no,1261.0,yes,no,cellular,9,apr,169.0,2,-1,0,unknown,no
58.0,technician,married,secondary,no,0.0,yes,no,cellular,15,jul,53.0,1,-1,0,unknown,no
35.0,admin.,divorced,secondary,no,0.0,no,no,cellular,30,jul,186.0,6,-1,0,unknown,no
32.0,technician,single,secondary,no,483.0,yes,yes,cellular,18,may,35.0,6,-1,0,unknown,no
31.0,technician,married,secondary,no,7369.0,no,no,cellular,19,aug,204.0,4,-1,0,unknown,no
41.0,services,married,secondary,no,804.0,yes,no,unknown,20,may,127.0,8,-1,0,unknown,no
39.0,management,single,secondary,no,2644.0,no,no,cellular,19,aug,192.0,7,-1,0,unknown,no
39.0,blue-collar,single,secondary,no,175.0,no,no,cellular,12,may,17.0,1,365,2,other,no
38.0,blue-collar,married,secondary,no,0.0,no,no,unknown,20,jun,152.0,5,-1,0,unknown,no
46.0,admin.,single,secondary,no,272.0,no,no,cellular,31,jul,11213.0,4,-1,0,unknown,no
54.0,unemployed,single,tertiary,no,252.0,yes,no,cellular,21,jul,101.0,1,-1,0,unknown,no
34.0,technician,married,unknown,no,4053.0,yes,no,unknown,23,may,123.0,2,-1,0,unknown,no
40.0,blue-collar,married,secondary,no,2158.0,no,no,cellular,10,jul,277.0,1,-1,0,unknown,no
40.0,blue-collar,married,secondary,no,299.0,yes,no,cellular,15,jul,180.0,4,-1,0,unknown,no
30.0,technician,single,primary,no,2731.0,yes,no,cellular,14,apr,314.0,1,-1,0,unknown,no
37.0,services,single,secondary,no,50.0,no,no,cellular,19,nov,244.0,1,154,8,other,no
34.0,admin.,married,secondary,no,36.0,no,no,cellular,22,aug,192.0,6,-1,0,unknown,no
66.0,admin.,divorced,secondary,no,220.0,no,no,cellular,28,aug,283.0,1,-1,0,unknown,no
30.0,services,single,primary,no,5746.0,yes,no,telephone,20,nov,125.0,2,-1,0,unknown,no
59.0,housemaid,divorced,tertiary,no,0.0,no,no,cellular,20,apr,379.0,1,332,2,other,no
56.0,management,married,secondary,no,238.0,yes,no,cellular,19,nov,808.0,1,-1,0,unknown,no
25.0,blue-collar,single,secondary,no,76.0,no,yes,cellular,28,jul,50.0,4,-1,0,unknown,no
36.0,blue-collar,married,primary,no,679.0,yes,yes,cellular,13,may,115.0,1,-1,0,unknown,no
33.0,blue-collar,single,primary,no,1390.0,yes,no,unknown,21,may,192.0,1,-1,0,unknown,no
30.0,technician,married,secondary,no,418.0,yes,no,unknown,3,jun,112.0,1,-1,0,unknown,no
29.0,blue-collar,single,secondary,no,2891.0,yes,no,cellular,7,may,,1,-1,0,unknown,no
52.0,services,married,secondary,no,497.0,yes,no,telephone,15,jul,265.0,5,-1,0,unknown,no
54.0,blue-collar,married,primary,no,2933.0,yes,no,unknown,15,may,144.0,2,-1,0,unknown,no
28.0,blue-collar,married,secondary,no,948.0,yes,no,unknown,9,may,455.0,1,-1,0,unknown,no
58.0,self-employed,married,secondary,no,0.0,yes,no,unknown,15,may,272.0,9,-1,0,unknown,no
23.0,blue-collar,single,secondary,no,0.0,yes,no,cellular,8,may,6.0,5,350,2,failure,no
49.0,entrepreneur,married,secondary,no,687.0,no,no,cellular,18,aug,65.0,6,-1,0,,no
47.0,management,single,tertiary,no,-230.0,no,no,cellular,4,feb,293.0,1,-1,0,unknown,no
73.0,retired,married,tertiary,no,2575.0,no,no,cellular,17,aug,152.0,1,-1,0,unknown,no
44.0,technician,married,secondary,no,7649.0,no,no,cellular,20,aug,188.0,6,-1,0,unknown,no
29.0,blue-collar,married,primary,no,59.0,yes,yes,cellular,29,jul,665.0,4,-1,0,unknown,no
48.0,technician,married,secondary,no,23495.0,no,no,cellular,22,aug,,8,-1,0,unknown,no
35.0,technician,single,secondary,no,365.0,yes,no,unknown,8,may,256.0,2,-1,0,unknown,no
41.0,blue-collar,married,secondary,no,97.0,no,yes,cellular,8,jul,212.0,2,-1,0,unknown,no
40.0,entrepreneur,single,secondary,no,5.0,no,yes,cellular,15,jul,117.0,3,-1,0,unknown,no
57.0,blue-collar,single,primary,no,739.0,yes,no,cellular,14,may,172.0,2,364,1,failure,no
43.0,housemaid,married,secondary,no,-177.0,yes,no,unknown,21,may,172.0,2,-1,0,unknown,no
31.0,blue-collar,married,primary,no,-454.0,yes,yes,unknown,28,may,861.0,2,-1,0,unknown,no
,management,divorced,tertiary,no,1267.0,yes,no,,30,may,254.0,2,-1,0,unknown,no
52.0,unemployed,married,secondary,no,1639.0,no,no,cellular,8,aug,93.0,1,-1,0,unknown,no
31.0,services,single,secondary,no,900.0,yes,no,cellular,9,apr,221.0,2,140,6,failure,no
26.0,services,single,secondary,no,-481.0,yes,yes,cellular,6,may,595.0,5,-1,0,unknown,no
36.0,services,single,secondary,no,528.0,no,no,cellular,3,feb,225.0,2,-1,0,unknown,no
43.0,technician,single,secondary,no,34.0,no,no,telephone,30,jul,29.0,1,-1,0,unknown,no
32.0,admin.,single,secondary,no,223.0,yes,yes,,27,may,236.0,4,-1,0,unknown,no
26.0,technician,single,secondary,no,218.0,yes,no,unknown,27,may,436.0,1,-1,0,unknown,no
25.0,services,single,tertiary,no,130.0,yes,no,cellular,16,jul,49.0,1,-1,0,unknown,no
34.0,blue-collar,single,secondary,no,1156.0,yes,no,unknown,23,may,234.0,2,-1,0,unknown,no
30.0,management,married,tertiary,no,314.0,no,no,cellular,19,nov,364.0,2,175,2,success,no
35.0,admin.,single,tertiary,no,1374.0,yes,no,cellular,15,may,319.0,1,-1,0,unknown,no
42.0,admin.,single,unknown,no,22.0,no,no,unknown,19,jun,246.0,3,-1,0,unknown,no
53.0,entrepreneur,married,tertiary,no,1129.0,no,yes,cellular,28,jul,241.0,8,-1,0,unknown,no
52.0,services,divorced,primary,no,130.0,yes,no,unknown,29,may,103.0,2,-1,0,unknown,no
35.0,management,single,secondary,yes,-202.0,yes,no,unknown,20,may,268.0,3,-1,0,unknown,no
29.0,management,single,secondary,no,293.0,yes,no,unknown,28,may,188.0,2,-1,0,unknown,no
43.0,management,married,unknown,no,275.0,no,no,cellular,9,apr,109.0,2,339,2,failure,no
81.0,retired,divorced,unknown,no,9224.0,no,no,telephone,9,nov,235.0,2,-1,0,unknown,no
35.0,technician,divorced,secondary,no,515.0,yes,yes,cellular,29,aug,114.0,3,-1,0,unknown,no
36.0,services,single,secondary,no,760.0,no,no,unknown,20,jun,9.0,13,-1,0,unknown,no
76.0,retired,married,secondary,no,2302.0,no,no,telephone,5,feb,110.0,1,87,2,failure,no
44.0,services,divorced,secondary,no,-389.0,yes,yes,unknown,5,jun,52.0,1,-1,0,unknown,no
38.0,services,married,secondary,no,133.0,yes,no,unknown,27,may,267.0,1,-1,0,unknown,no
37.0,technician,married,secondary,no,1580.0,no,no,cellular,22,aug,92.0,12,-1,0,unknown,no
41.0,blue-collar,married,secondary,no,1020.0,yes,no,unknown,29,may,276.0,1,-1,0,unknown,no
49.0,blue-collar,married,secondary,no,298.0,yes,no,cellular,3,feb,392.0,3,-1,0,unknown,no
53.0,management,married,primary,no,13901.0,yes,no,cellular,21,nov,59.0,1,-1,0,unknown,no
34.0,technician,married,secondary,no,563.0,yes,yes,cellular,29,aug,32.0,15,-1,0,unknown,no
30.0,management,married,tertiary,no,-27.0,yes,no,unknown,27,may,29.0,2,-1,0,unknown,no
43.0,unknown,married,primary,no,2113.0,no,no,cellular,29,jul,33.0,2,-1,0,unknown,no
36.0,admin.,single,tertiary,no,980.0,no,no,cellular,30,jul,156.0,3,179,4,failure,no
60.0,housemaid,married,primary,no,352.0,no,yes,unknown,17,jun,81.0,2,-1,0,unknown,no
45.0,management,married,tertiary,no,96.0,yes,no,cellular,16,jul,202.0,1,-1,0,unknown,no
49.0,management,married,tertiary,no,3842.0,no,no,cellular,5,apr,163.0,1,186,3,failure,no
39.0,services,married,secondary,no,3870.0,yes,no,cellular,20,apr,72.0,1,-1,0,unknown,no
57.0,technician,married,secondary,no,589.0,yes,no,cellular,28,jan,11729.0,1,244,1,other,no
49.0,admin.,single,secondary,no,7426.0,no,no,telephone,20,nov,65.0,2,-1,0,unknown,no
39.0,admin.,divorced,secondary,no,1.0,no,yes,cellular,7,jul,281.0,1,-1,0,unknown,no
37.0,technician,single,tertiary,no,6101.0,no,no,cellular,4,may,60.0,5,87,1,success,no
45.0,admin.,married,secondary,no,231.0,yes,no,unknown,18,jun,151.0,3,-1,0,unknown,no
36.0,management,single,tertiary,no,876.0,yes,no,unknown,23,may,241.0,2,-1,0,unknown,no
58.0,technician,married,secondary,no,86.0,no,no,cellular,30,jul,95.0,3,-1,0,unknown,no
48.0,blue-collar,married,primary,no,363.0,yes,no,unknown,18,jun,257.0,6,-1,0,unknown,no
52.0,entrepreneur,married,primary,no,8298.0,yes,yes,unknown,28,may,123.0,18,-1,0,unknown,no
32.0,services,single,secondary,no,0.0,no,yes,cellular,11,jul,333.0,2,-1,0,unknown,no
51.0,management,divorced,tertiary,no,93.0,yes,yes,cellular,6,may,221.0,1,-1,0,unknown,no
31.0,management,married,tertiary,no,596.0,no,no,cellular,12,aug,192.0,4,-1,0,unknown,no
30.0,management,single,tertiary,no,168.0,no,no,cellular,27,aug,35.0,13,-1,0,unknown,no
34.0,management,single,tertiary,no,29.0,yes,no,cellular,13,may,248.0,2,-1,0,unknown,no
53.0,self-employed,married,primary,no,6.0,yes,no,unknown,27,may,233.0,2,-1,0,unknown,no
32.0,entrepreneur,divorced,secondary,no,-934.0,yes,no,cellular,18,nov,50.0,1,-1,0,unknown,no
52.0,blue-collar,married,tertiary,no,297.0,yes,no,unknown,7,may,55.0,1,-1,0,unknown,no
50.0,blue-collar,married,primary,no,533.0,no,no,cellular,21,aug,212.0,4,-1,0,unknown,no
30.0,technician,single,secondary,no,175.0,no,no,cellular,25,aug,167.0,4,-1,0,unknown,no
34.0,management,single,tertiary,no,-292.0,yes,no,cellular,19,aug,181.0,6,-1,0,unknown,no
51.0,technician,married,secondary,no,2.0,yes,yes,cellular,4,feb,71.0,1,205,3,failure,no
34.0,management,married,tertiary,no,39.0,no,no,cellular,13,aug,160.0,1,-1,0,unknown,no
26.0,blue-collar,single,secondary,no,396.0,yes,no,unknown,28,may,302.0,1,-1,0,unknown,no
51.0,admin.,divorced,secondary,no,-338.0,yes,no,cellular,29,jul,97.0,2,-1,0,unknown,no
31.0,services,married,secondary,no,2050.0,yes,no,cellular,18,nov,271.0,5,-1,0,unknown,no
29.0,technician,single,secondary,no,510.0,yes,no,unknown,16,jun,179.0,15,-1,0,unknown,no
29.0,technician,divorced,secondary,no,477.0,yes,yes,cellular,11,may,58.0,1,305,1,failure,no
46.0,technician,married,tertiary,no,4176.0,yes,no,unknown,12,jun,153.0,6,-1,0,unknown,no
35.0,blue-collar,married,primary,no,0.0,no,no,cellular,31,jul,57.0,4,-1,0,unknown,no
44.0,management,married,tertiary,no,0.0,yes,no,cellular,31,jul,49.0,5,-1,0,unknown,no
34.0,management,married,tertiary,no,297.0,yes,no,cellular,26,aug,63.0,4,-1,0,unknown,no
27.0,services,single,secondary,no,167.0,no,yes,cellular,8,jul,606.0,2,-1,0,unknown,no
28.0,unemployed,single,secondary,yes,-353.0,yes,no,unknown,12,may,89.0,3,-1,0,unknown,no
,admin.,divorced,secondary,no,1525.0,no,no,telephone,29,jul,90.0,2,-1,0,unknown,no
38.0,technician,single,secondary,no,211.0,yes,no,cellular,29,jan,236.0,2,-1,0,unknown,no
34.0,management,single,tertiary,no,416.0,no,no,cellular,14,aug,1217.0,4,-1,0,unknown,no
44.0,services,married,secondary,no,0.0,yes,yes,cellular,11,may,161.0,1,-1,0,unknown,no
35.0,technician,single,secondary,no,1001.0,no,yes,cellular,24,jul,178.0,2,-1,0,unknown,no
45.0,self-employed,divorced,tertiary,yes,75.0,yes,yes,cellular,4,feb,236.0,1,-1,0,unknown,no
34.0,self-employed,married,tertiary,no,7602.0,no,no,cellular,20,nov,222.0,1,-1,0,unknown,no
122.0,retired,married,secondary,no,0.0,yes,no,cellular,5,may,127.0,1,363,4,failure,no
76.0,retired,married,primary,no,163.0,no,no,telephone,13,oct,120.0,1,-1,0,unknown,no
30.0,blue-collar,married,secondary,no,673.0,yes,no,unknown,20,may,610.0,2,-1,0,unknown,no
48.0,technician,divorced,secondary,no,-154.0,no,no,unknown,3,jun,342.0,3,-1,0,unknown,no
43.0,technician,married,secondary,no,3723.0,yes,no,cellular,11,aug,134.0,4,-1,0,unknown,no
34.0,technician,single,secondary,no,559.0,no,no,cellular,22,aug,259.0,2,-1,0,unknown,no
30.0,management,single,tertiary,no,13774.0,no,no,cellular,14,sep,380.0,1,-1,0,unknown,no
33.0,management,married,tertiary,no,403.0,yes,no,unknown,26,may,114.0,2,-1,0,unknown,no
38.0,technician,married,secondary,no,1696.0,no,no,cellular,20,nov,267.0,2,-1,0,unknown,no
52.0,admin.,married,secondary,no,722.0,no,no,cellular,26,oct,99.0,2,185,3,failure,no
34.0,admin.,single,secondary,no,296.0,no,no,cellular,20,nov,68.0,1,136,4,failure,no
40.0,management,single,tertiary,no,257.0,no,no,cellular,1,feb,147.0,1,209,1,,no
36.0,services,divorced,primary,no,418.0,yes,no,cellular,8,may,156.0,2,-1,0,unknown,no
56.0,retired,married,secondary,no,488.0,no,no,telephone,6,feb,146.0,4,-1,0,unknown,no
29.0,admin.,single,secondary,no,900.0,yes,no,unknown,14,may,339.0,1,-1,0,unknown,no
34.0,entrepreneur,single,tertiary,no,2945.0,yes,no,cellular,17,apr,266.0,1,-1,0,unknown,no
31.0,services,married,secondary,no,-327.0,yes,no,unknown,28,may,408.0,1,-1,0,unknown,no
36.0,unemployed,single,secondary,no,115.0,no,no,cellular,9,feb,71.0,2,-1,0,unknown,no
30.0,management,single,tertiary,no,218.0,no,no,unknown,3,jun,75.0,1,-1,0,unknown,no
36.0,admin.,married,secondary,no,286.0,yes,no,cellular,22,jul,167.0,9,-1,0,unknown,no
25.0,student,single,secondary,no,293.0,yes,no,telephone,5,may,170.0,2,-1,0,unknown,no
32.0,services,married,secondary,no,201.0,yes,no,unknown,18,jun,110.0,2,-1,0,unknown,no
31.0,management,single,tertiary,no,4331.0,yes,no,cellular,22,jul,318.0,1,-1,0,unknown,no
49.0,blue-collar,married,secondary,no,388.0,no,no,telephone,17,jul,265.0,2,-1,0,unknown,no
37.0,services,married,secondary,no,483.0,yes,no,cellular,30,jan,188.0,1,-1,0,unknown,no
26.0,student,single,secondary,no,502.0,yes,no,telephone,7,may,82.0,1,-1,0,unknown,no
41.0,blue-collar,married,secondary,no,306.0,yes,no,telephone,11,may,86.0,1,369,2,failure,no
47.0,blue-collar,married,secondary,no,-337.0,yes,yes,cellular,12,may,366.0,1,-1,0,unknown,no
57.0,technician,married,secondary,no,950.0,yes,no,cellular,9,jul,1272.0,1,-1,0,unknown,no
50.0,entrepreneur,married,tertiary,no,2410.0,no,no,cellular,21,nov,65.0,1,-1,0,unknown,no
36.0,management,married,tertiary,no,-633.0,yes,no,cellular,17,jul,106.0,1,-1,0,unknown,no
42.0,admin.,divorced,secondary,no,0.0,yes,no,unknown,7,may,229.0,2,-1,0,unknown,no
30.0,management,married,tertiary,no,265.0,yes,no,unknown,26,may,45.0,4,-1,0,unknown,no
43.0,unemployed,single,primary,no,698.0,yes,no,unknown,14,may,322.0,1,-1,0,unknown,no
49.0,services,single,secondary,no,459.0,yes,no,unknown,19,may,58.0,10,-1,0,unknown,no
35.0,technician,divorced,tertiary,no,0.0,yes,no,unknown,15,may,759.0,1,-1,0,unknown,no
32.0,technician,single,secondary,no,1307.0,yes,no,unknown,28,may,267.0,2,-1,0,unknown,no
36.0,admin.,single,secondary,no,8785.0,yes,no,cellular,20,nov,425.0,2,-1,0,unknown,no
42.0,housemaid,married,unknown,no,302.0,yes,no,cellular,11,jul,342.0,2,-1,0,unknown,no
34.0,technician,married,secondary,no,484.0,no,no,unknown,9,may,84.0,4,-1,0,unknown,no
33.0,services,married,secondary,no,7.0,yes,no,unknown,20,may,217.0,1,-1,0,unknown,no
55.0,services,single,secondary,no,1539.0,no,no,unknown,20,jun,65.0,2,-1,0,unknown,no
46.0,admin.,married,secondary,no,3098.0,yes,no,telephone,21,nov,192.0,9,-1,0,unknown,no
34.0,admin.,single,secondary,no,745.0,yes,yes,cellular,25,aug,76.0,1,-1,0,unknown,no
50.0,management,married,tertiary,no,2050.0,no,no,cellular,6,aug,158.0,3,-1,0,unknown,no
30.0,management,single,tertiary,no,2766.0,yes,yes,cellular,20,nov,244.0,1,-1,0,unknown,no
53.0,blue-collar,married,primary,no,4641.0,no,no,unknown,16,jun,356.0,2,-1,0,unknown,no
48.0,management,married,tertiary,no,1167.0,yes,yes,cellular,26,jan,122.0,4,50,4,other,no
55.0,services,divorced,secondary,no,322.0,yes,no,cellular,28,jan,342.0,1,-1,0,unknown,no
35.0,management,married,tertiary,no,750.0,yes,no,cellular,18,aug,233.0,12,-1,0,unknown,no
48.0,self-employed,married,secondary,no,1559.0,no,no,cellular,4,feb,130.0,2,-1,0,unknown,no
45.0,services,married,secondary,no,0.0,no,no,unknown,4,jun,153.0,6,-1,0,unknown,no
31.0,blue-collar,married,primary,no,0.0,yes,yes,unknown,12,may,59.0,4,-1,0,unknown,no
55.0,admin.,married,tertiary,no,46.0,no,no,cellular,29,aug,59.0,4,-1,0,unknown,no
41.0,technician,married,tertiary,no,0.0,no,no,unknown,20,jun,95.0,1,-1,0,unknown,no
33.0,self-employed,married,primary,no,1862.0,yes,no,unknown,12,may,65.0,1,-1,0,unknown,no
40.0,blue-collar,married,primary,no,7831.0,yes,no,unknown,14,may,78.0,1,-1,0,unknown,no
51.0,blue-collar,married,primary,no,21614.0,no,no,cellular,29,aug,47.0,20,-1,0,unknown,no
31.0,blue-collar,single,secondary,no,2137.0,no,no,unknown,29,may,413.0,1,-1,0,unknown,no
26.0,unknown,single,secondary,no,3247.0,no,no,telephone,6,feb,341.0,3,-1,0,unknown,no
39.0,admin.,single,secondary,no,14.0,yes,yes,unknown,13,may,19.0,9,-1,0,unknown,no
30.0,technician,married,secondary,no,0.0,yes,no,cellular,14,may,47.0,3,-1,0,unknown,no
28.0,management,single,tertiary,no,637.0,yes,no,cellular,4,feb,324.0,1,-1,0,unknown,no
48.0,technician,married,secondary,no,10655.0,no,no,telephone,31,jul,5.0,3,-1,0,unknown,no
56.0,management,married,tertiary,no,94.0,no,no,cellular,23,jul,530.0,3,-1,0,unknown,no
45.0,management,single,tertiary,no,997.0,no,yes,cellular,19,nov,152.0,1,-1,0,unknown,no
38.0,self-employed,married,tertiary,no,2084.0,yes,no,cellular,16,apr,71.0,2,330,2,failure,no
28.0,entrepreneur,single,secondary,no,1734.0,yes,no,unknown,3,jun,161.0,3,-1,0,unknown,no
51.0,entrepreneur,married,primary,no,805.0,yes,no,cellular,8,aug,132.0,4,-1,0,unknown,no
32.0,technician,single,unknown,no,317.0,yes,no,unknown,21,may,394.0,2,-1,0,unknown,no
31.0,blue-collar,married,secondary,no,369.0,yes,yes,unknown,14,may,89.0,2,-1,0,unknown,no
34.0,technician,married,tertiary,no,100.0,no,no,cellular,20,aug,196.0,2,-1,0,unknown,no
46.0,blue-collar,married,primary,no,-44.0,no,yes,telephone,22,aug,16.0,13,-1,0,unknown,no
36.0,technician,divorced,secondary,no,3296.0,yes,no,cellular,17,nov,130.0,1,-1,0,unknown,no
39.0,blue-collar,married,primary,no,,yes,no,cellular,15,may,100.0,1,-1,0,unknown,no
42.0,technician,single,tertiary,no,-411.0,yes,no,cellular,24,jul,212.0,3,-1,0,unknown,no
32.0,student,single,tertiary,no,922.0,no,no,cellular,18,oct,338.0,2,-1,0,unknown,no
35.0,management,married,unknown,no,1128.0,yes,no,unknown,4,jun,,1,-1,0,unknown,no
50.0,blue-collar,married,,no,5423.0,yes,no,cellular,21,nov,75.0,3,-1,0,unknown,no
55.0,housemaid,married,primary,no,,no,no,unknown,19,jun,359.0,1,-1,0,unknown,no
51.0,entrepreneur,married,secondary,no,0.0,no,no,unknown,30,may,510.0,3,-1,0,unknown,no
43.0,services,married,tertiary,no,519.0,yes,no,cellular,18,may,715.0,6,-1,0,unknown,no
46.0,admin.,married,secondary,no,186.0,yes,no,cellular,11,may,643.0,2,-1,0,unknown,no
31.0,management,married,tertiary,no,83.0,no,no,cellular,29,jan,300.0,1,-1,0,unknown,no
38.0,management,married,primary,no,1365.0,yes,no,unknown,5,jun,224.0,1,-1,0,unknown,no
40.0,retired,single,secondary,no,1734.0,yes,no,unknown,3,jun,123.0,4,-1,0,unknown,no
53.0,management,married,secondary,no,51.0,yes,no,cellular,17,apr,109.0,1,-1,0,unknown,no
41.0,unknown,single,tertiary,no,1567.0,no,no,cellular,1,jul,291.0,2,-1,0,unknown,no
46.0,blue-collar,single,primary,no,,yes,no,cellular,19,nov,217.0,1,-1,0,unknown,no
48.0,blue-collar,single,secondary,no,8982.0,yes,no,unknown,14,may,628.0,1,-1,0,unknown,no
31.0,blue-collar,divorced,secondary,no,-209.0,yes,no,cellular,8,may,154.0,3,367,2,failure,no
29.0,management,married,tertiary,no,-6.0,yes,no,unknown,9,may,324.0,1,-1,0,unknown,no
37.0,management,married,tertiary,no,355.0,no,no,cellular,4,aug,340.0,1,-1,0,unknown,no
37.0,self-employed,married,primary,no,0.0,no,no,unknown,7,may,112.0,4,-1,0,unknown,no
56.0,self-employed,married,unknown,no,0.0,no,no,cellular,19,aug,130.0,1,-1,0,unknown,no
60.0,blue-collar,divorced,secondary,no,1310.0,no,no,unknown,7,may,152.0,2,-1,0,unknown,no
46.0,services,married,tertiary,no,2520.0,yes,no,cellular,19,nov,144.0,1,-1,0,unknown,no
31.0,services,single,secondary,no,1629.0,yes,no,unknown,19,may,344.0,2,-1,0,unknown,no
51.0,technician,married,unknown,no,573.0,yes,yes,unknown,14,may,231.0,1,-1,0,unknown,no
38.0,technician,single,secondary,no,1655.0,no,no,cellular,29,jul,392.0,2,-1,0,unknown,no
39.0,services,single,secondary,no,26.0,yes,no,cellular,14,may,166.0,3,-1,0,unknown,no
30.0,management,single,secondary,no,,yes,no,cellular,20,nov,235.0,3,-1,0,unknown,no
35.0,technician,married,secondary,no,13658.0,yes,no,telephone,9,dec,220.0,2,-1,0,unknown,no
31.0,technician,single,tertiary,no,23.0,no,no,cellular,25,aug,121.0,3,-1,0,unknown,no
27.0,blue-collar,single,secondary,no,87.0,no,no,telephone,10,jul,245.0,1,-1,0,unknown,no
42.0,technician,single,secondary,no,49.0,no,no,cellular,9,feb,7.0,10,-1,0,unknown,no
67.0,retired,married,tertiary,no,3810.0,no,no,cellular,21,oct,1206.0,1,-1,0,unknown,no
32.0,admin.,married,secondary,no,56.0,yes,no,cellular,2,feb,275.0,1,258,1,other,no
49.0,entrepreneur,married,tertiary,no,384.0,no,no,unknown,11,jun,64.0,1,-1,0,unknown,no
56.0,blue-collar,divorced,primary,no,8.0,yes,no,unknown,5,may,,2,-1,0,unknown,no
34.0,technician,single,tertiary,no,2671.0,no,no,cellular,19,aug,119.0,9,-1,0,unknown,no
50.0,admin.,divorced,secondary,no,3240.0,no,no,cellular,21,nov,144.0,2,-1,0,unknown,no
27.0,self-employed,single,tertiary,no,147.0,no,no,cellular,22,jun,111.0,5,-1,0,unknown,no
56.0,retired,married,primary,no,63.0,no,no,cellular,19,aug,122.0,2,-1,0,unknown,no
44.0,technician,married,secondary,no,7863.0,no,no,cellular,26,aug,59.0,6,-1,0,unknown,no
45.0,admin.,single,secondary,no,946.0,yes,no,cellular,21,nov,56.0,2,175,4,failure,no
45.0,management,married,secondary,yes,237.0,yes,no,cellular,21,nov,526.0,1,-1,0,unknown,no
37.0,student,divorced,tertiary,no,0.0,no,no,telephone,30,jul,100.0,6,-1,0,unknown,no
26.0,blue-collar,married,secondary,no,245.0,yes,no,unknown,28,may,146.0,2,-1,0,unknown,no
32.0,services,married,secondary,no,315.0,no,no,cellular,4,aug,149.0,1,-1,0,unknown,no
25.0,student,single,secondary,no,1139.0,yes,no,unknown,15,may,22.0,3,-1,0,unknown,no
48.0,management,married,secondary,no,0.0,yes,no,telephone,23,jul,90.0,2,-1,0,unknown,no
29.0,services,married,primary,no,-102.0,no,no,unknown,4,jul,134.0,1,-1,0,unknown,no
46.0,management,married,tertiary,no,3984.0,no,no,cellular,13,aug,77.0,2,-1,0,unknown,no
34.0,blue-collar,married,secondary,no,1988.0,yes,no,telephone,29,jan,53.0,1,266,2,failure,no
46.0,management,married,tertiary,no,125.0,yes,no,telephone,12,may,81.0,5,-1,0,unknown,no
31.0,blue-collar,married,secondary,no,505.0,yes,no,cellular,17,apr,218.0,4,329,2,other,no
39.0,technician,married,secondary,no,834.0,yes,yes,cellular,20,apr,390.0,1,-1,0,unknown,no
29.0,admin.,married,secondary,no,494.0,yes,no,unknown,26,may,341.0,2,-1,0,unknown,no
38.0,blue-collar,single,primary,no,947.0,yes,no,cellular,12,may,361.0,2,-1,0,unknown,no
40.0,unemployed,divorced,secondary,no,262.0,yes,no,unknown,14,may,163.0,5,-1,0,unknown,no
39.0,management,married,tertiary,no,141.0,yes,no,cellular,13,may,788.0,2,331,6,other,no
49.0,technician,divorced,secondary,no,-236.0,yes,no,unknown,26,may,204.0,2,-1,0,unknown,no
34.0,management,single,tertiary,no,2555.0,yes,no,cellular,26,may,129.0,2,-1,0,unknown,no
30.0,technician,single,secondary,no,298.0,yes,no,unknown,16,may,164.0,2,-1,0,unknown,no
57.0,entrepreneur,married,secondary,no,1179.0,no,no,cellular,19,aug,189.0,2,-1,0,unknown,no
34.0,services,married,primary,no,31.0,no,yes,cellular,9,jul,53.0,3,-1,0,unknown,no
21.0,student,single,secondary,no,357.0,no,no,cellular,2,sep,115.0,3,-1,0,unknown,no
35.0,self-employed,single,tertiary,no,1129.0,yes,no,cellular,21,nov,64.0,2,184,2,failure,no
39.0,technician,single,tertiary,no,861.0,no,no,unknown,20,jun,32.0,5,-1,0,unknown,no
42.0,housemaid,married,primary,yes,16.0,no,no,unknown,11,jun,79.0,1,-1,0,unknown,no
25.0,services,single,secondary,no,895.0,yes,no,unknown,3,jun,167.0,1,-1,0,unknown,no
27.0,services,single,secondary,no,504.0,yes,no,cellular,18,may,106.0,5,362,8,other,no
33.0,management,single,secondary,no,2955.0,yes,no,cellular,18,may,178.0,2,-1,0,unknown,no
51.0,services,married,secondary,no,122.0,no,yes,cellular,6,aug,499.0,2,-1,0,unknown,no
32.0,management,married,tertiary,no,2204.0,no,no,cellular,27,aug,123.0,4,-1,0,unknown,no
53.0,blue-collar,married,unknown,no,111.0,no,no,unknown,20,jun,39.0,3,-1,0,unknown,no
29.0,management,single,tertiary,no,1566.0,yes,no,unknown,4,jun,233.0,1,-1,0,unknown,no
33.0,admin.,divorced,secondary,no,661.0,yes,no,cellular,4,may,90.0,4,167,3,failure,no
33.0,management,single,tertiary,no,2485.0,yes,no,cellular,2,nov,91.0,2,-1,0,unknown,no
32.0,services,married,secondary,no,3756.0,yes,no,unknown,4,jun,10165.0,3,-1,0,unknown,no
31.0,blue-collar,married,secondary,no,,yes,no,unknown,19,may,405.0,3,-1,0,unknown,no
45.0,management,married,tertiary,no,1529.0,no,no,cellular,30,jun,160.0,1,-1,0,unknown,no
57.0,services,married,secondary,no,84.0,yes,no,unknown,15,may,59.0,1,-1,0,unknown,no
47.0,services,married,secondary,no,311.0,yes,yes,cellular,12,may,238.0,1,301,3,failure,no
52.0,blue-collar,married,secondary,no,408.0,no,no,cellular,29,jan,338.0,2,-1,0,unknown,no
56.0,housemaid,divorced,secondary,no,1866.0,no,yes,cellular,1,oct,760.0,1,-1,0,unknown,no
51.0,blue-collar,married,primary,no,42.0,yes,no,cellular,12,may,51.0,2,342,3,failure,no
40.0,student,married,secondary,no,260.0,no,no,cellular,19,nov,52.0,1,152,6,failure,no
30.0,,married,tertiary,no,2994.0,yes,no,cellular,26,mar,156.0,1,137,1,other,no
39.0,management,married,tertiary,no,0.0,no,no,unknown,27,may,205.0,8,-1,0,unknown,no
42.0,admin.,married,secondary,no,1133.0,yes,no,cellular,4,feb,161.0,4,212,3,failure,no
25.0,management,single,tertiary,no,2305.0,no,no,cellular,3,feb,207.0,1,-1,0,unknown,no
60.0,retired,married,secondary,no,143.0,no,no,telephone,30,jan,345.0,1,-1,0,unknown,no
37.0,management,married,primary,no,4721.0,no,no,telephone,28,jan,46.0,1,-1,0,unknown,no
48.0,blue-collar,married,primary,no,5366.0,yes,no,unknown,21,may,248.0,3,-1,0,unknown,no
32.0,management,married,tertiary,no,71.0,no,no,cellular,2,feb,75.0,1,-1,0,unknown,no
33.0,admin.,single,secondary,no,1437.0,yes,no,unknown,21,may,641.0,1,-1,0,unknown,no
51.0,housemaid,married,primary,no,1093.0,no,yes,unknown,18,jun,18.0,1,-1,0,unknown,no
43.0,admin.,married,secondary,no,817.0,yes,yes,cellular,21,nov,51.0,1,-1,0,unknown,no
31.0,blue-collar,married,primary,no,196.0,no,no,cellular,7,aug,248.0,1,-1,0,unknown,no
36.0,housemaid,married,secondary,no,205.0,yes,no,telephone,18,nov,176.0,4,-1,0,unknown,no
58.0,self-employed,married,secondary,no,0.0,yes,no,telephone,3,feb,702.0,3,264,9,failure,no
33.0,blue-collar,married,primary,no,1002.0,yes,no,unknown,30,may,201.0,4,-1,0,unknown,no
31.0,technician,single,secondary,no,2916.0,no,no,cellular,14,aug,174.0,2,-1,0,unknown,no
28.0,technician,single,tertiary,no,4513.0,yes,no,unknown,27,may,167.0,3,-1,0,unknown,no
29.0,blue-collar,married,primary,no,,yes,no,cellular,12,may,69.0,3,-1,0,unknown,no
34.0,technician,married,secondary,no,0.0,no,no,cellular,28,aug,183.0,10,-1,0,unknown,no
31.0,technician,single,secondary,no,253.0,no,no,cellular,13,jan,262.0,1,-1,0,unknown,no
31.0,services,married,secondary,no,28.0,yes,no,unknown,8,may,101.0,1,-1,0,unknown,no
37.0,admin.,divorced,tertiary,no,-65.0,no,no,cellular,21,jul,226.0,1,-1,0,unknown,no
32.0,services,divorced,tertiary,no,376.0,yes,no,unknown,20,may,102.0,2,-1,0,unknown,no
42.0,management,married,secondary,no,1018.0,no,no,cellular,29,jul,305.0,2,-1,0,unknown,no
34.0,technician,married,secondary,no,260.0,yes,no,cellular,17,apr,20.0,2,238,2,failure,no
74.0,retired,married,primary,no,5539.0,no,no,cellular,12,jul,390.0,2,159,3,failure,no
60.0,services,divorced,secondary,no,758.0,no,no,cellular,3,feb,282.0,1,-1,0,unknown,no
32.0,unemployed,married,secondary,no,262.0,no,no,cellular,29,jan,203.0,1,-1,0,unknown,no
47.0,technician,divorced,secondary,no,236.0,no,no,cellular,18,aug,263.0,4,-1,0,unknown,no
45.0,services,divorced,secondary,no,396.0,yes,yes,cellular,1,apr,251.0,4,329,4,failure,no
50.0,entrepreneur,married,secondary,no,1857.0,no,yes,unknown,19,jun,26.0,2,-1,0,unknown,no
39.0,self-employed,married,secondary,no,4722.0,yes,no,unknown,17,jun,483.0,1,-1,0,unknown,no
60.0,retired,divorced,secondary,no,935.0,no,no,cellular,31,jul,8.0,17,-1,0,unknown,no
47.0,management,married,unknown,no,4567.0,no,no,telephone,31,jul,921.0,4,-1,0,unknown,no
,admin.,divorced,secondary,no,,yes,no,,18,may,197.0,2,-1,0,unknown,no
26.0,blue-collar,single,secondary,no,8.0,yes,no,cellular,13,may,167.0,1,-1,0,unknown,no
43.0,,single,secondary,no,109.0,yes,no,unknown,27,may,64.0,3,-1,0,unknown,no
30.0,unemployed,single,secondary,no,0.0,yes,no,cellular,16,apr,137.0,1,-1,0,unknown,no
34.0,entrepreneur,married,secondary,no,456.0,yes,yes,cellular,28,aug,137.0,8,-1,0,unknown,no
35.0,technician,married,secondary,no,5553.0,yes,no,cellular,6,apr,371.0,3,136,7,failure,no
21.0,student,single,unknown,no,,yes,no,unknown,12,may,198.0,3,-1,0,unknown,no
52.0,admin.,married,secondary,no,299.0,no,no,cellular,19,nov,310.0,4,-1,0,unknown,no
31.0,admin.,single,secondary,no,162.0,yes,no,unknown,28,may,247.0,1,-1,0,unknown,no
42.0,technician,divorced,secondary,no,1533.0,no,yes,cellular,5,aug,86.0,1,-1,0,unknown,no
31.0,entrepreneur,single,unknown,no,301.0,yes,no,cellular,4,feb,371.0,1,-1,0,unknown,no
58.0,management,married,tertiary,no,1697.0,no,no,unknown,20,jun,55.0,2,-1,0,unknown,no
51.0,management,married,secondary,no,441.0,yes,no,cellular,7,may,189.0,2,167,2,other,no
38.0,entrepreneur,married,tertiary,no,898.0,yes,no,unknown,6,may,132.0,2,-1,0,unknown,no
32.0,technician,single,secondary,no,945.0,no,no,cellular,4,may,312.0,3,-1,0,unknown,no
31.0,entrepreneur,divorced,tertiary,no,0.0,yes,no,cellular,18,nov,164.0,1,-1,0,unknown,no
36.0,blue-collar,single,tertiary,no,1830.0,no,no,cellular,14,oct,183.0,1,91,11,failure,no
33.0,blue-collar,married,tertiary,no,6138.0,yes,no,unknown,20,may,369.0,1,-1,0,unknown,no
47.0,technician,divorced,unknown,no,442.0,yes,no,cellular,11,may,85.0,1,-1,0,unknown,no
52.0,management,married,tertiary,no,0.0,no,no,cellular,12,aug,106.0,2,-1,0,,no
42.0,blue-collar,married,primary,no,1556.0,no,yes,cellular,8,jul,113.0,1,-1,0,unknown,no
39.0,admin.,divorced,secondary,no,83.0,yes,no,cellular,30,jul,69.0,6,-1,0,unknown,no
31.0,admin.,single,secondary,no,430.0,yes,no,cellular,15,apr,103.0,2,-1,0,unknown,no
52.0,services,married,secondary,no,-336.0,no,yes,unknown,12,jun,111.0,8,-1,0,unknown,no
40.0,blue-collar,divorced,unknown,no,528.0,yes,no,cellular,13,may,340.0,2,357,5,failure,no
29.0,blue-collar,married,primary,no,111.0,yes,no,cellular,6,may,14.0,11,-1,0,unknown,no
49.0,management,single,tertiary,no,1556.0,yes,no,cellular,28,jul,674.0,3,-1,0,unknown,no
57.0,management,divorced,tertiary,no,408.0,yes,no,cellular,13,may,402.0,2,351,1,failure,no
35.0,technician,married,secondary,no,1067.0,no,yes,cellular,12,aug,179.0,6,-1,0,unknown,no
26.0,blue-collar,single,secondary,no,277.0,no,no,unknown,14,may,514.0,2,-1,0,unknown,no
35.0,blue-collar,married,secondary,no,257.0,yes,no,cellular,14,may,186.0,1,-1,0,unknown,no
31.0,management,single,tertiary,no,0.0,yes,yes,cellular,14,may,117.0,3,352,3,failure,no
57.0,management,divorced,tertiary,no,2549.0,no,no,cellular,17,jul,193.0,2,-1,0,unknown,no
32.0,services,divorced,secondary,no,4612.0,yes,no,cellular,24,jul,937.0,4,-1,0,unknown,no
87.0,retired,married,secondary,no,433.0,no,no,telephone,15,dec,150.0,1,-1,0,unknown,no
44.0,self-employed,married,unknown,no,680.0,yes,no,telephone,30,jul,84.0,4,-1,0,unknown,no
41.0,blue-collar,single,secondary,no,3851.0,no,no,cellular,19,nov,130.0,1,-1,0,unknown,no
36.0,management,single,tertiary,no,442.0,yes,yes,cellular,29,jul,102.0,3,-1,0,unknown,no
56.0,services,married,secondary,no,642.0,yes,no,cellular,30,jan,16.0,1,2,3,other,no
35.0,blue-collar,single,secondary,no,487.0,yes,no,unknown,15,may,117.0,1,-1,0,unknown,no
46.0,admin.,married,secondary,no,171.0,yes,yes,cellular,11,oct,251.0,1,430,1,failure,no
32.0,technician,single,tertiary,no,13711.0,yes,no,cellular,14,may,638.0,1,175,3,success,no
41.0,entrepreneur,married,secondary,no,187.0,no,yes,cellular,21,jul,354.0,1,-1,0,unknown,no
34.0,management,married,tertiary,no,101.0,yes,no,cellular,13,aug,209.0,5,-1,0,unknown,no
48.0,blue-collar,married,primary,no,343.0,no,no,unknown,19,jun,136.0,1,-1,0,unknown,no
31.0,unemployed,single,secondary,no,315.0,no,no,cellular,30,jan,130.0,1,2,1,other,no
41.0,services,married,secondary,no,205.0,yes,no,unknown,8,may,91.0,1,-1,0,unknown,no
36.0,blue-collar,married,primary,no,106.0,yes,no,cellular,29,jul,171.0,13,-1,0,unknown,no
31.0,technician,married,secondary,no,477.0,no,no,cellular,30,apr,146.0,1,-1,0,unknown,no
37.0,management,single,tertiary,no,2875.0,no,no,cellular,20,nov,110.0,2,-1,0,unknown,no
48.0,technician,married,secondary,no,1000.0,no,no,cellular,21,nov,104.0,2,-1,0,unknown,no
31.0,unemployed,married,secondary,no,-825.0,yes,no,unknown,7,may,179.0,2,-1,0,unknown,no
42.0,admin.,married,secondary,no,534.0,yes,no,unknown,16,may,139.0,2,-1,0,unknown,no
50.0,blue-collar,married,unknown,no,452.0,no,no,cellular,20,aug,181.0,2,-1,0,unknown,no
47.0,management,married,secondary,no,623.0,yes,no,cellular,13,may,102.0,6,-1,0,unknown,no
43.0,technician,married,secondary,no,310.0,yes,no,unknown,29,may,291.0,1,-1,0,unknown,no
59.0,housemaid,married,secondary,no,454.0,no,no,cellular,21,aug,162.0,1,-1,0,unknown,no
35.0,management,single,tertiary,no,2306.0,no,no,cellular,18,aug,86.0,7,-1,0,unknown,no
24.0,technician,single,,no,-126.0,yes,yes,unknown,13,may,382.0,2,-1,0,unknown,no
49.0,blue-collar,married,primary,no,399.0,no,no,cellular,29,jan,679.0,1,-1,0,unknown,no
47.0,services,married,secondary,no,0.0,yes,no,telephone,9,jul,250.0,1,-1,0,unknown,no
57.0,self-employed,married,secondary,no,2109.0,no,no,cellular,21,aug,107.0,6,-1,0,unknown,no
29.0,management,married,tertiary,no,0.0,yes,yes,cellular,15,jul,218.0,1,-1,0,unknown,no
50.0,management,married,tertiary,no,-470.0,yes,no,cellular,19,nov,130.0,2,160,1,failure,no
32.0,management,married,tertiary,no,81.0,yes,no,cellular,17,nov,120.0,1,-1,0,unknown,no
23.0,admin.,single,secondary,no,1104.0,yes,no,unknown,12,may,120.0,2,-1,0,unknown,no
41.0,technician,married,secondary,no,457.0,yes,yes,unknown,26,may,181.0,2,-1,0,unknown,no
48.0,blue-collar,divorced,primary,no,0.0,no,no,unknown,6,jun,248.0,2,-1,0,unknown,no
29.0,management,married,tertiary,no,941.0,yes,no,unknown,4,jun,570.0,11,-1,0,unknown,no
42.0,admin.,married,primary,no,-466.0,no,yes,telephone,31,jul,94.0,15,-1,0,unknown,no
38.0,admin.,single,secondary,no,2600.0,yes,no,cellular,19,nov,67.0,1,-1,0,unknown,no
31.0,management,single,tertiary,no,3.0,no,no,cellular,4,feb,406.0,2,-1,0,unknown,no
38.0,technician,married,unknown,no,90.0,yes,yes,unknown,8,may,20.0,2,-1,0,unknown,no
50.0,management,married,tertiary,no,2570.0,no,no,cellular,18,nov,273.0,2,-1,0,unknown,no
36.0,management,single,tertiary,no,181.0,yes,no,cellular,13,may,159.0,2,278,4,failure,no
52.0,blue-collar,married,primary,no,66653.0,no,no,cellular,14,aug,109.0,3,-1,0,unknown,no
50.0,entrepreneur,married,secondary,no,556.0,yes,no,unknown,16,may,130.0,2,-1,0,unknown,no
38.0,housemaid,married,secondary,no,110.0,no,no,cellular,25,may,167.0,1,-1,0,unknown,no
30.0,services,single,secondary,no,9.0,no,yes,cellular,29,jan,194.0,2,205,2,failure,no
46.0,management,married,secondary,no,0.0,no,no,unknown,12,jun,155.0,1,-1,0,unknown,no
54.0,management,married,secondary,yes,5249.0,yes,no,cellular,17,nov,108.0,1,-1,0,unknown,no
46.0,blue-collar,married,primary,no,2499.0,yes,no,unknown,16,may,42.0,3,-1,0,unknown,no
49.0,management,married,tertiary,no,276.0,no,no,cellular,27,aug,62.0,5,-1,0,unknown,no
36.0,management,single,tertiary,no,3343.0,no,no,cellular,18,nov,307.0,1,-1,0,unknown,no
58.0,self-employed,married,secondary,no,9994.0,no,no,cellular,10,jul,400.0,1,-1,0,unknown,no
29.0,admin.,single,secondary,no,613.0,yes,no,unknown,19,jun,779.0,1,-1,0,unknown,no
41.0,blue-collar,single,secondary,no,925.0,yes,no,telephone,13,may,43.0,1,-1,0,unknown,no
32.0,management,married,tertiary,no,393.0,no,no,cellular,28,jan,458.0,2,-1,0,unknown,no
33.0,services,divorced,secondary,yes,339.0,yes,no,unknown,23,may,496.0,4,-1,0,unknown,no
31.0,entrepreneur,married,tertiary,no,1216.0,no,no,cellular,8,aug,150.0,4,-1,0,unknown,no
44.0,technician,married,tertiary,no,1818.0,yes,yes,cellular,30,apr,247.0,1,-1,0,unknown,no
51.0,entrepreneur,divorced,tertiary,no,2109.0,no,no,cellular,12,apr,119.0,1,181,2,success,no
38.0,admin.,married,secondary,no,46.0,no,no,cellular,7,aug,48.0,2,-1,0,unknown,no
38.0,management,married,tertiary,no,,no,no,unknown,3,jun,662.0,5,-1,0,unknown,no
27.0,unemployed,single,tertiary,no,3060.0,no,no,cellular,30,jan,533.0,1,-1,0,unknown,no
41.0,housemaid,married,primary,no,46.0,no,no,cellular,22,aug,268.0,1,-1,0,unknown,no
32.0,blue-collar,married,primary,no,274.0,yes,no,unknown,9,may,21.0,3,-1,0,unknown,no
45.0,admin.,married,secondary,no,805.0,yes,no,unknown,15,may,186.0,3,-1,0,unknown,no
54.0,housemaid,married,primary,no,,no,no,unknown,18,jun,350.0,7,-1,0,unknown,no
36.0,technician,divorced,secondary,no,160.0,yes,no,unknown,26,may,142.0,1,-1,0,unknown,no
33.0,management,married,tertiary,no,0.0,yes,no,cellular,28,jul,54.0,3,-1,0,unknown,no
40.0,services,divorced,secondary,no,694.0,yes,no,cellular,31,jul,75.0,14,-1,0,unknown,no
37.0,blue-collar,married,secondary,no,509.0,yes,no,cellular,20,apr,172.0,1,-1,0,unknown,no
48.0,blue-collar,married,primary,no,237.0,yes,no,unknown,19,jun,18.0,18,-1,0,unknown,no
36.0,management,married,tertiary,no,0.0,yes,no,cellular,29,jan,86.0,1,237,17,other,no
46.0,management,married,tertiary,no,16.0,yes,no,cellular,6,may,304.0,1,-1,0,unknown,no
29.0,admin.,divorced,secondary,no,504.0,yes,no,cellular,7,may,203.0,1,-1,0,unknown,no
41.0,technician,married,secondary,no,-274.0,yes,no,unknown,27,may,182.0,3,-1,0,unknown,no
44.0,management,married,tertiary,no,0.0,yes,no,unknown,28,may,260.0,1,-1,0,unknown,no
40.0,management,married,tertiary,no,0.0,yes,no,cellular,2,feb,19931.0,1,-1,0,unknown,no
33.0,technician,single,tertiary,no,2565.0,yes,no,cellular,13,may,128.0,2,-1,0,unknown,no
60.0,technician,married,tertiary,no,91.0,no,no,,27,aug,105.0,4,-1,0,unknown,no
48.0,blue-collar,married,secondary,no,558.0,yes,no,telephone,5,feb,708.0,8,-1,0,unknown,no
37.0,unemployed,single,tertiary,no,1032.0,no,no,telephone,4,feb,63.0,1,-1,0,unknown,no
39.0,management,married,tertiary,no,351.0,yes,no,unknown,20,may,999.0,3,-1,0,unknown,no
28.0,student,single,secondary,no,231.0,yes,no,cellular,8,may,55.0,1,-1,0,unknown,no
44.0,housemaid,married,primary,no,3706.0,no,no,unknown,17,jun,209.0,3,-1,0,unknown,no
37.0,management,married,tertiary,no,5.0,no,no,cellular,29,aug,36.0,2,-1,0,unknown,no
58.0,management,single,tertiary,no,342.0,no,yes,cellular,11,jul,564.0,2,-1,0,unknown,no
,unemployed,single,secondary,no,588.0,no,no,cellular,31,jul,649.0,3,-1,0,unknown,no
38.0,services,married,secondary,no,3165.0,yes,no,unknown,12,may,152.0,2,-1,0,unknown,no
31.0,management,single,tertiary,no,0.0,no,no,cellular,25,aug,101.0,6,-1,0,unknown,no
33.0,technician,divorced,secondary,no,464.0,no,no,cellular,4,feb,207.0,4,-1,0,unknown,no
35.0,management,single,tertiary,no,837.0,no,no,cellular,4,aug,329.0,1,-1,0,unknown,no
53.0,management,married,tertiary,no,34230.0,yes,yes,cellular,7,may,279.0,1,358,9,other,no
58.0,retired,married,secondary,no,5435.0,yes,no,unknown,6,may,118.0,1,-1,0,unknown,no
26.0,blue-collar,single,primary,no,102.0,yes,no,unknown,16,may,,1,-1,0,unknown,no
34.0,admin.,married,secondary,no,641.0,yes,yes,unknown,16,may,467.0,1,-1,0,unknown,no
50.0,blue-collar,married,primary,no,334.0,no,no,cellular,27,aug,79.0,3,-1,0,unknown,no
42.0,blue-collar,married,unknown,no,149.0,yes,no,telephone,23,jul,329.0,3,-1,0,unknown,no
46.0,admin.,married,secondary,no,179.0,yes,no,cellular,29,jan,194.0,4,436,1,other,no
45.0,blue-collar,married,primary,no,61.0,no,no,cellular,17,apr,108.0,1,-1,0,unknown,no
46.0,services,married,secondary,no,375.0,no,no,telephone,31,jul,172.0,6,-1,0,unknown,no
31.0,technician,single,secondary,no,2088.0,no,no,cellular,9,feb,15.0,14,-1,0,unknown,no
44.0,technician,single,secondary,no,29.0,yes,no,unknown,5,may,151.0,1,-1,0,unknown,no
36.0,management,married,tertiary,no,3839.0,no,no,cellular,19,nov,146.0,1,-1,0,unknown,no
,management,married,secondary,no,2910.0,no,no,telephone,29,jul,790.0,1,-1,0,unknown,no
33.0,management,single,tertiary,no,3770.0,no,no,cellular,28,jan,757.0,2,-1,0,,no
33.0,blue-collar,married,primary,no,141.0,yes,no,unknown,21,may,578.0,2,-1,0,unknown,no
55.0,management,single,tertiary,no,0.0,no,no,cellular,30,apr,156.0,3,-1,0,unknown,no
40.0,services,single,secondary,no,65.0,yes,no,cellular,15,may,15.0,3,-1,0,unknown,no
30.0,technician,married,secondary,no,-306.0,yes,yes,cellular,18,nov,372.0,1,186,1,failure,no
36.0,services,married,secondary,no,3740.0,yes,no,cellular,7,apr,254.0,1,-1,0,unknown,no
34.0,services,divorced,secondary,no,0.0,yes,yes,unknown,20,may,203.0,1,-1,0,unknown,no
46.0,entrepreneur,married,secondary,no,131.0,yes,no,cellular,20,apr,69.0,2,-1,0,unknown,no
55.0,management,married,tertiary,no,23189.0,yes,no,unknown,14,may,77.0,1,-1,0,unknown,no
56.0,blue-collar,divorced,primary,yes,-1.0,no,no,cellular,18,jul,304.0,3,-1,0,unknown,no
34.0,admin.,single,secondary,no,6979.0,yes,no,cellular,15,may,14.0,5,-1,0,unknown,no
42.0,management,married,tertiary,no,187.0,no,no,cellular,11,aug,64.0,1,-1,0,unknown,no
48.0,blue-collar,married,primary,no,1203.0,no,no,cellular,6,aug,61.0,5,-1,0,unknown,no
51.0,management,married,primary,no,6298.0,yes,no,unknown,20,jun,14.0,3,-1,0,unknown,no
45.0,blue-collar,single,tertiary,no,-243.0,no,yes,cellular,8,jul,171.0,2,-1,0,unknown,no
35.0,self-employed,single,primary,no,181.0,yes,no,unknown,15,may,19.0,8,-1,0,unknown,no
63.0,self-employed,married,tertiary,no,661.0,no,no,cellular,2,mar,56.0,2,-1,0,unknown,no
35.0,blue-collar,married,secondary,no,270.0,yes,yes,cellular,6,apr,332.0,2,335,1,failure,no
25.0,student,single,secondary,no,1919.0,yes,no,cellular,15,may,264.0,1,351,4,failure,no
26.0,self-employed,married,secondary,no,492.0,yes,yes,cellular,15,may,439.0,4,-1,0,unknown,no
29.0,management,single,tertiary,no,91.0,no,no,cellular,30,apr,99.0,1,274,4,other,no
26.0,management,married,tertiary,no,775.0,no,no,unknown,19,may,35.0,3,-1,0,unknown,no
26.0,blue-collar,single,secondary,no,2669.0,yes,no,cellular,16,apr,242.0,1,-1,0,unknown,no
23.0,management,single,tertiary,no,2605.0,yes,no,unknown,7,may,278.0,6,-1,0,unknown,no
51.0,management,single,unknown,no,1277.0,no,no,cellular,22,feb,143.0,5,294,1,failure,no
51.0,blue-collar,married,secondary,no,568.0,yes,no,unknown,4,jun,37.0,1,-1,0,unknown,no
43.0,technician,married,secondary,no,2344.0,yes,no,unknown,27,may,111.0,2,-1,0,unknown,no
81.0,retired,divorced,primary,no,4321.0,no,no,cellular,11,aug,163.0,3,-1,0,unknown,no
42.0,management,divorced,tertiary,no,1064.0,no,no,cellular,18,aug,101.0,2,-1,0,unknown,no
41.0,services,married,secondary,no,241.0,yes,yes,unknown,4,jun,144.0,1,-1,0,unknown,no
35.0,technician,single,secondary,no,183.0,no,no,cellular,1,sep,516.0,2,130,2,failure,no
32.0,management,married,tertiary,no,9214.0,no,yes,unknown,18,oct,71.0,1,-1,0,unknown,no
51.0,services,single,,no,513.0,yes,no,cellular,29,jul,331.0,2,-1,0,unknown,no
33.0,technician,married,secondary,no,14850.0,yes,no,cellular,5,feb,122.0,5,-1,0,unknown,no
38.0,self-employed,married,secondary,no,279.0,yes,no,,28,may,110.0,5,-1,0,unknown,no
48.0,retired,married,tertiary,no,4.0,no,yes,cellular,23,jul,70.0,5,-1,0,unknown,no
50.0,technician,divorced,secondary,no,-298.0,yes,no,cellular,6,feb,68.0,8,-1,0,unknown,no
39.0,blue-collar,single,,no,522.0,yes,no,telephone,14,may,225.0,7,350,2,failure,no
30.0,services,single,secondary,no,0.0,yes,no,cellular,7,jul,161.0,2,-1,0,unknown,no
39.0,technician,married,secondary,no,8.0,no,yes,cellular,17,nov,333.0,2,96,2,failure,no
35.0,technician,married,tertiary,no,432.0,no,no,cellular,12,aug,104.0,8,-1,0,unknown,no
41.0,technician,married,secondary,no,-378.0,yes,no,cellular,5,feb,361.0,1,253,2,failure,no
41.0,admin.,married,secondary,no,338.0,yes,no,unknown,16,may,121.0,1,-1,0,unknown,no
35.0,blue-collar,married,primary,no,2878.0,yes,no,cellular,18,nov,140.0,2,-1,0,unknown,no
43.0,management,married,primary,no,62.0,yes,no,cellular,14,may,133.0,1,300,3,failure,no
27.0,services,married,secondary,no,1303.0,yes,yes,unknown,21,may,364.0,1,-1,0,unknown,no
32.0,technician,married,secondary,no,255.0,no,yes,cellular,25,aug,63.0,5,-1,0,unknown,no
39.0,technician,divorced,secondary,no,0.0,yes,yes,cellular,30,apr,85.0,1,-1,0,unknown,no
37.0,management,married,tertiary,no,1125.0,yes,no,unknown,3,jun,301.0,1,-1,0,unknown,no
40.0,entrepreneur,married,secondary,no,1238.0,yes,no,telephone,21,jul,50.0,2,-1,0,unknown,no
33.0,blue-collar,married,secondary,no,370.0,yes,no,cellular,8,apr,249.0,1,-1,0,unknown,no
29.0,management,married,tertiary,no,2417.0,yes,no,cellular,7,may,126.0,2,-1,0,unknown,no
50.0,housemaid,married,primary,no,4.0,no,no,unknown,16,jun,51.0,1,-1,0,unknown,no
39.0,admin.,married,primary,no,444.0,yes,no,cellular,8,may,374.0,2,-1,0,unknown,no
32.0,technician,single,secondary,no,28.0,yes,no,cellular,18,nov,368.0,1,-1,0,unknown,no
49.0,management,married,tertiary,no,2139.0,no,no,cellular,5,aug,278.0,1,-1,0,unknown,no
37.0,blue-collar,married,secondary,no,194.0,yes,no,unknown,12,may,566.0,7,-1,0,unknown,no
57.0,blue-collar,married,primary,yes,195.0,no,yes,telephone,30,jul,185.0,4,-1,0,unknown,no
44.0,management,married,secondary,no,0.0,no,no,cellular,21,aug,167.0,2,-1,0,unknown,no
36.0,self-employed,married,secondary,no,189.0,yes,no,cellular,22,jul,632.0,1,-1,0,unknown,no
55.0,management,single,secondary,no,220.0,yes,no,unknown,6,may,328.0,2,-1,0,unknown,no
40.0,admin.,married,primary,no,189.0,yes,no,unknown,27,may,160.0,2,-1,0,unknown,no
40.0,blue-collar,married,secondary,no,746.0,yes,yes,cellular,2,feb,241.0,1,262,3,other,no
44.0,management,married,secondary,no,13054.0,yes,no,cellular,11,may,471.0,2,174,12,other,no
41.0,services,married,primary,no,0.0,yes,no,cellular,17,jul,18.0,11,-1,0,unknown,no
65.0,retired,married,secondary,no,23421.0,no,no,cellular,2,feb,432.0,1,-1,0,unknown,no
31.0,blue-collar,married,secondary,no,41.0,yes,no,unknown,19,may,265.0,1,-1,0,unknown,no
48.0,blue-collar,married,secondary,no,7408.0,no,yes,cellular,4,feb,101.0,2,-1,0,unknown,no
55.0,retired,married,tertiary,no,101.0,yes,no,cellular,9,jul,111.0,1,-1,0,unknown,no
34.0,admin.,married,secondary,no,384.0,yes,no,cellular,14,may,551.0,2,-1,0,unknown,no
36.0,admin.,single,secondary,no,2556.0,yes,no,cellular,13,apr,342.0,1,-1,0,unknown,no
33.0,management,married,tertiary,no,808.0,yes,no,cellular,19,aug,12.0,16,-1,0,unknown,no
46.0,management,married,tertiary,no,0.0,no,no,cellular,26,may,401.0,1,-1,0,unknown,no
52.0,management,married,tertiary,no,1158.0,no,no,cellular,27,aug,57.0,4,-1,0,unknown,no
33.0,management,married,tertiary,no,334.0,no,no,cellular,25,nov,87.0,1,-1,0,unknown,no
29.0,blue-collar,married,secondary,no,296.0,yes,no,unknown,4,jun,153.0,1,-1,0,unknown,no
36.0,technician,married,primary,no,1653.0,yes,yes,unknown,27,may,336.0,10,-1,0,unknown,no
37.0,admin.,married,secondary,no,1283.0,yes,no,unknown,20,may,209.0,1,-1,0,unknown,no
53.0,blue-collar,married,primary,no,2295.0,no,no,cellular,21,aug,65.0,10,-1,0,unknown,no
28.0,unemployed,married,secondary,no,-42.0,yes,yes,cellular,31,jul,143.0,4,-1,0,unknown,no
19.0,student,single,secondary,no,55.0,no,no,telephone,6,oct,89.0,2,193,1,other,no
41.0,housemaid,married,primary,no,365.0,no,no,cellular,8,aug,203.0,5,-1,0,unknown,no
33.0,services,single,secondary,no,772.0,yes,no,cellular,29,jan,323.0,2,259,3,success,no
28.0,management,single,tertiary,no,334.0,yes,no,unknown,14,may,438.0,4,-1,0,unknown,no
40.0,admin.,married,secondary,no,1060.0,yes,no,cellular,17,apr,14.0,3,-1,0,unknown,no
78.0,retired,married,unknown,no,38.0,no,no,telephone,4,aug,156.0,1,1,3,other,no
29.0,services,single,secondary,no,146.0,yes,no,unknown,19,may,104.0,2,-1,0,unknown,no
36.0,unemployed,married,secondary,no,439.0,yes,no,telephone,6,feb,,6,-1,0,unknown,no
59.0,entrepreneur,married,primary,no,124.0,yes,no,cellular,18,nov,531.0,3,134,7,failure,no
34.0,services,married,secondary,no,190.0,yes,no,cellular,15,may,121.0,3,-1,0,unknown,no
82.0,retired,married,unknown,no,211.0,no,no,telephone,22,apr,195.0,3,-1,0,unknown,no
36.0,management,married,tertiary,no,871.0,no,no,cellular,18,nov,170.0,1,-1,0,unknown,no
48.0,management,married,primary,no,1513.0,no,no,cellular,29,jan,166.0,2,-1,0,unknown,no
36.0,blue-collar,married,primary,no,871.0,yes,yes,telephone,18,nov,2.0,1,-1,0,unknown,no
25.0,technician,single,secondary,no,1298.0,no,no,cellular,2,sep,206.0,7,94,2,other,no
40.0,technician,single,secondary,no,360.0,yes,no,unknown,9,may,73.0,1,-1,0,unknown,no
33.0,services,married,tertiary,no,597.0,no,no,cellular,4,feb,134.0,1,-1,0,,no
30.0,blue-collar,divorced,secondary,yes,457.0,yes,no,unknown,20,jun,115.0,20,-1,0,unknown,no
27.0,services,single,secondary,no,2457.0,yes,no,unknown,29,may,123.0,4,-1,0,unknown,no
34.0,technician,married,tertiary,no,2069.0,no,no,cellular,20,aug,328.0,2,-1,0,unknown,no
28.0,services,single,secondary,no,47.0,no,no,cellular,22,jul,405.0,2,-1,0,unknown,no
40.0,blue-collar,married,primary,no,13.0,yes,no,unknown,4,jul,178.0,1,-1,0,unknown,no
47.0,retired,married,secondary,no,-71.0,yes,no,cellular,11,aug,293.0,5,-1,0,unknown,no
59.0,unknown,divorced,unknown,no,27.0,no,no,unknown,5,may,347.0,3,-1,0,unknown,no
30.0,services,single,secondary,no,-114.0,yes,no,cellular,21,jul,396.0,2,-1,0,unknown,no
39.0,unemployed,single,,no,2645.0,yes,no,unknown,21,may,339.0,3,-1,0,unknown,no
44.0,blue-collar,married,secondary,no,1025.0,yes,no,unknown,18,jun,200.0,1,-1,0,unknown,no
46.0,management,single,tertiary,no,2044.0,no,no,telephone,4,feb,25.0,1,-1,0,unknown,no
32.0,housemaid,married,tertiary,no,10.0,yes,no,unknown,2,jun,658.0,2,-1,0,unknown,no
35.0,admin.,divorced,secondary,no,0.0,no,yes,cellular,14,jul,245.0,2,-1,0,unknown,no
35.0,management,single,tertiary,no,644.0,yes,no,unknown,30,may,120.0,2,-1,0,unknown,no
38.0,management,married,tertiary,no,4293.0,yes,no,cellular,6,may,92.0,2,250,2,failure,no
27.0,housemaid,married,primary,yes,-238.0,no,no,cellular,14,jul,132.0,4,-1,0,unknown,no
32.0,housemaid,divorced,secondary,no,-613.0,yes,no,cellular,15,apr,266.0,2,-1,0,unknown,no
37.0,admin.,divorced,secondary,no,1573.0,yes,no,cellular,12,may,639.0,3,326,10,failure,no
59.0,,married,tertiary,no,1728.0,no,no,cellular,7,jul,575.0,2,-1,0,unknown,no
32.0,technician,married,tertiary,no,15.0,no,no,cellular,14,may,226.0,1,346,1,failure,no
31.0,technician,married,secondary,no,-160.0,yes,no,cellular,14,jul,126.0,6,-1,0,unknown,no
55.0,technician,married,secondary,no,312.0,no,no,cellular,6,feb,13.0,8,9,3,other,no
26.0,technician,single,secondary,no,33.0,no,no,cellular,23,jul,91.0,7,-1,0,unknown,no
30.0,blue-collar,single,secondary,no,80.0,yes,yes,cellular,5,may,145.0,1,337,4,failure,no
34.0,admin.,married,secondary,no,445.0,no,no,cellular,19,aug,256.0,2,-1,0,unknown,no
83.0,retired,divorced,primary,no,4565.0,no,no,cellular,13,sep,175.0,2,-1,0,unknown,no
46.0,self-employed,married,primary,no,3262.0,no,no,cellular,14,aug,77.0,8,-1,0,unknown,no
48.0,blue-collar,married,primary,no,559.0,yes,no,unknown,15,may,1231.0,2,-1,0,unknown,no
47.0,blue-collar,married,secondary,no,4840.0,no,no,unknown,16,jun,53.0,1,-1,0,unknown,no
31.0,technician,married,secondary,no,-302.0,no,no,cellular,13,aug,195.0,2,-1,0,unknown,no
32.0,entrepreneur,married,unknown,no,73.0,yes,no,cellular,21,nov,158.0,1,135,1,failure,no
32.0,technician,married,secondary,no,4790.0,yes,no,cellular,22,jul,314.0,2,-1,0,unknown,no
39.0,admin.,single,secondary,no,1078.0,no,no,unknown,3,jun,199.0,3,-1,0,unknown,no
54.0,management,married,tertiary,no,284.0,yes,yes,telephone,15,may,65.0,5,-1,0,unknown,no
55.0,retired,married,secondary,no,493.0,yes,no,unknown,13,may,647.0,7,-1,0,unknown,no
,technician,single,secondary,no,100.0,yes,no,cellular,13,may,70.0,5,-1,0,unknown,no
48.0,housemaid,single,secondary,no,1042.0,no,no,telephone,18,nov,129.0,2,-1,0,unknown,no
44.0,management,married,tertiary,no,3665.0,no,no,cellular,17,mar,325.0,1,-1,0,unknown,no
47.0,technician,married,secondary,no,-9.0,no,no,cellular,14,aug,457.0,2,-1,0,unknown,no
43.0,blue-collar,married,secondary,no,576.0,yes,yes,unknown,13,may,148.0,1,-1,0,unknown,no
53.0,housemaid,married,primary,yes,945.0,no,no,cellular,29,jan,82.0,2,-1,0,unknown,no
42.0,blue-collar,married,secondary,no,108.0,yes,no,telephone,31,jul,51.0,21,-1,0,unknown,no
39.0,management,single,tertiary,no,93.0,yes,yes,cellular,13,may,196.0,2,331,3,failure,no
37.0,blue-collar,married,secondary,no,-97.0,yes,no,unknown,5,jun,135.0,2,-1,0,unknown,no
58.0,management,married,tertiary,no,3768.0,yes,no,unknown,18,jun,316.0,1,-1,0,unknown,no
31.0,services,single,secondary,no,8.0,no,no,cellular,7,jul,340.0,3,-1,0,unknown,no
40.0,technician,married,secondary,no,66.0,yes,no,unknown,12,may,29.0,8,-1,0,unknown,no
38.0,services,married,secondary,no,0.0,no,yes,cellular,16,jul,1473.0,6,-1,0,unknown,no
,admin.,divorced,secondary,no,-637.0,yes,no,cellular,17,nov,153.0,1,-1,0,unknown,no
31.0,technician,married,secondary,no,0.0,yes,yes,cellular,28,jan,71.0,1,223,9,other,no
32.0,management,married,tertiary,no,26.0,no,no,cellular,22,aug,222.0,6,-1,0,unknown,no
46.0,entrepreneur,married,tertiary,no,4726.0,yes,no,cellular,8,apr,405.0,1,-1,0,unknown,no
25.0,blue-collar,married,secondary,no,1782.0,yes,no,unknown,19,jun,549.0,1,-1,0,unknown,no
28.0,blue-collar,single,secondary,no,3430.0,yes,no,unknown,6,jun,72.0,6,-1,0,unknown,no
40.0,blue-collar,married,primary,no,332.0,yes,no,cellular,12,may,339.0,2,369,3,failure,no
31.0,admin.,single,secondary,no,554.0,yes,no,cellular,5,feb,94.0,1,-1,0,unknown,no
39.0,management,married,secondary,no,0.0,yes,no,cellular,24,jul,21.0,21,-1,0,unknown,no
36.0,admin.,married,secondary,no,542.0,yes,no,unknown,18,jun,604.0,6,-1,0,unknown,no
37.0,services,married,secondary,no,393.0,yes,yes,cellular,13,may,95.0,1,357,1,failure,no
48.0,blue-collar,married,primary,no,134.0,yes,no,unknown,28,may,315.0,2,-1,0,unknown,no
34.0,technician,married,tertiary,no,178.0,yes,no,cellular,18,nov,85.0,1,-1,0,unknown,no
24.0,student,single,primary,no,0.0,no,no,unknown,5,jun,25.0,26,-1,0,unknown,no
,management,single,tertiary,no,23.0,no,no,cellular,20,aug,216.0,3,-1,0,unknown,no
54.0,technician,married,secondary,no,0.0,no,no,telephone,16,nov,986.0,1,94,8,failure,no
56.0,admin.,married,primary,no,202.0,yes,no,unknown,9,may,178.0,2,-1,0,unknown,no
41.0,management,divorced,tertiary,no,647.0,yes,no,unknown,16,may,270.0,1,-1,0,unknown,no
46.0,blue-collar,married,primary,no,143.0,yes,no,unknown,7,may,279.0,1,-1,0,unknown,no
27.0,services,single,secondary,no,1928.0,no,yes,cellular,15,jul,513.0,5,-1,0,unknown,no
32.0,admin.,single,secondary,no,1630.0,yes,no,cellular,30,jan,122.0,1,-1,0,unknown,no
40.0,retired,married,secondary,no,102.0,no,no,cellular,6,may,168.0,1,-1,0,unknown,no
38.0,blue-collar,divorced,primary,no,0.0,no,no,unknown,12,jun,49.0,2,-1,0,unknown,no
36.0,blue-collar,married,secondary,no,1790.0,yes,no,cellular,16,apr,386.0,2,-1,0,unknown,no
33.0,management,single,tertiary,no,0.0,no,no,unknown,27,may,277.0,1,-1,0,unknown,no
31.0,management,single,tertiary,no,1675.0,no,no,cellular,2,sep,114.0,2,363,1,failure,no
34.0,blue-collar,married,secondary,yes,-745.0,yes,yes,cellular,11,jul,131.0,2,-1,0,unknown,no
34.0,self-employed,married,secondary,no,-56.0,yes,no,unknown,19,may,248.0,3,-1,0,unknown,no
45.0,admin.,married,secondary,no,0.0,no,no,cellular,14,aug,113.0,2,-1,0,unknown,no
52.0,blue-collar,married,primary,no,2396.0,yes,no,cellular,15,may,48.0,7,-1,0,unknown,no
37.0,services,single,tertiary,no,223.0,yes,no,unknown,28,may,25.0,1,-1,0,unknown,no
30.0,blue-collar,married,primary,no,5956.0,yes,yes,cellular,20,nov,405.0,1,139,1,failure,no
35.0,technician,single,tertiary,no,122.0,no,no,cellular,20,apr,49.0,5,328,5,failure,no
31.0,technician,single,secondary,no,4888.0,yes,no,telephone,5,may,475.0,4,166,2,failure,no
47.0,housemaid,married,primary,no,183.0,no,no,cellular,13,aug,144.0,1,-1,0,unknown,no
32.0,entrepreneur,married,tertiary,no,0.0,yes,yes,cellular,18,nov,95.0,1,-1,0,unknown,no
32.0,technician,divorced,secondary,no,-262.0,yes,no,telephone,28,aug,85.0,24,-1,0,unknown,no
39.0,blue-collar,single,secondary,no,169.0,yes,no,unknown,9,may,38.0,1,-1,0,unknown,no
31.0,blue-collar,married,secondary,no,3364.0,yes,no,cellular,20,nov,290.0,1,-1,0,unknown,no
31.0,technician,married,tertiary,no,15.0,no,no,unknown,2,jun,389.0,1,-1,0,unknown,no
44.0,management,married,tertiary,no,126.0,yes,no,unknown,13,may,92.0,1,-1,0,unknown,no
40.0,entrepreneur,married,tertiary,no,1953.0,yes,no,unknown,6,jun,112.0,5,-1,0,unknown,no
77.0,retired,married,primary,no,1385.0,no,no,telephone,8,sep,160.0,4,-1,0,unknown,no
34.0,blue-collar,married,secondary,no,261.0,yes,no,cellular,3,feb,88.0,5,251,3,failure,no
48.0,technician,married,secondary,no,178.0,yes,no,unknown,17,jun,320.0,4,-1,0,unknown,no
31.0,technician,single,secondary,no,1819.0,yes,no,unknown,15,may,226.0,2,-1,0,unknown,no
31.0,management,single,tertiary,no,0.0,no,no,cellular,19,aug,155.0,4,-1,0,unknown,no
32.0,blue-collar,single,secondary,no,6337.0,yes,no,cellular,19,nov,126.0,2,-1,0,unknown,no
42.0,admin.,married,secondary,no,214.0,yes,no,unknown,28,may,21.0,24,-1,0,unknown,no
35.0,management,single,tertiary,no,0.0,no,no,cellular,25,aug,81.0,6,-1,0,unknown,no
57.0,entrepreneur,married,primary,no,1153.0,yes,yes,unknown,9,jun,238.0,6,-1,0,unknown,no
56.0,retired,married,secondary,no,415.0,no,no,cellular,22,aug,158.0,2,-1,0,unknown,no
34.0,management,married,tertiary,no,101.0,no,no,cellular,8,aug,472.0,2,-1,0,unknown,no
52.0,technician,married,secondary,no,1490.0,no,yes,unknown,17,jun,,4,-1,0,unknown,no
31.0,admin.,single,secondary,no,779.0,yes,yes,cellular,3,apr,219.0,2,-1,0,unknown,no
42.0,technician,single,secondary,no,2036.0,yes,no,cellular,19,nov,259.0,2,-1,0,unknown,no
46.0,blue-collar,married,primary,no,333.0,yes,no,cellular,31,jul,284.0,4,-1,0,unknown,no
32.0,technician,married,secondary,no,963.0,no,no,cellular,28,aug,15.0,13,-1,0,unknown,no
47.0,blue-collar,married,secondary,no,4709.0,no,no,cellular,22,aug,78.0,4,-1,0,unknown,no
46.0,blue-collar,divorced,secondary,no,1074.0,yes,no,cellular,14,may,277.0,2,-1,0,unknown,no
41.0,admin.,single,secondary,no,90.0,yes,no,cellular,15,may,77.0,2,347,4,failure,no
42.0,admin.,single,secondary,no,,yes,no,unknown,14,may,46.0,5,-1,0,unknown,no
31.0,self-employed,married,tertiary,no,414.0,no,no,cellular,14,aug,169.0,5,-1,0,unknown,no
47.0,admin.,single,tertiary,no,0.0,no,no,cellular,29,jan,137.0,1,-1,0,unknown,no
60.0,retired,married,tertiary,no,2196.0,no,no,cellular,15,jun,318.0,3,-1,0,unknown,no
35.0,entrepreneur,single,tertiary,no,1416.0,yes,no,cellular,6,may,100.0,1,169,12,other,no
unknown,services,divorced,secondary,no,281.0,yes,yes,cellular,6,may,267.0,1,-1,0,unknown,no
40.0,services,married,secondary,no,518.0,no,no,telephone,17,jul,84.0,1,-1,0,unknown,no
48.0,unknown,married,unknown,no,3.0,no,no,cellular,19,aug,104.0,2,-1,0,unknown,no
52.0,blue-collar,married,primary,no,36.0,no,no,cellular,13,aug,109.0,2,-1,0,unknown,no
50.0,blue-collar,married,primary,no,9301.0,yes,no,cellular,7,jul,136.0,4,-1,0,unknown,no
34.0,technician,married,secondary,no,883.0,no,no,telephone,3,feb,166.0,2,173,3,failure,no
34.0,admin.,married,tertiary,no,21.0,no,yes,cellular,2,jun,269.0,1,92,2,failure,no
44.0,management,married,tertiary,no,3091.0,yes,no,unknown,17,jun,331.0,4,-1,0,unknown,no
44.0,blue-collar,married,primary,no,2791.0,no,no,unknown,18,jun,335.0,1,-1,0,unknown,no
28.0,services,single,secondary,no,217.0,yes,no,cellular,9,feb,379.0,3,-1,0,unknown,no
28.0,self-employed,single,tertiary,no,1579.0,no,no,cellular,14,oct,122.0,3,-1,0,unknown,no
29.0,management,married,secondary,no,0.0,yes,no,unknown,2,jun,85.0,4,-1,0,unknown,no
29.0,student,single,secondary,no,314.0,no,no,cellular,13,aug,485.0,3,105,1,success,no
55.0,management,married,tertiary,no,,no,no,cellular,28,jul,167.0,6,-1,0,unknown,no
31.0,admin.,married,secondary,no,212.0,yes,no,cellular,18,jul,191.0,3,-1,0,unknown,no
31.0,admin.,single,secondary,no,523.0,no,yes,cellular,2,feb,323.0,1,109,5,failure,no
32.0,management,single,tertiary,no,111.0,yes,no,unknown,8,may,162.0,2,-1,0,unknown,no
31.0,technician,single,tertiary,no,1166.0,yes,no,unknown,3,jun,207.0,1,-1,0,unknown,no
47.0,housemaid,married,secondary,no,,no,no,cellular,13,aug,73.0,1,-1,0,unknown,no
34.0,technician,single,secondary,no,513.0,yes,no,cellular,5,may,165.0,3,169,5,other,no
53.0,management,married,tertiary,no,75.0,no,no,cellular,20,aug,216.0,2,-1,0,unknown,no
29.0,admin.,single,secondary,no,1992.0,no,no,cellular,12,apr,119.0,2,-1,0,unknown,no
50.0,management,married,,no,2910.0,no,no,telephone,19,nov,433.0,1,113,1,failure,no
49.0,services,married,secondary,no,66.0,yes,yes,cellular,21,nov,59.0,4,-1,0,unknown,no
32.0,technician,married,secondary,no,599.0,no,no,cellular,19,nov,79.0,1,-1,0,unknown,no
42.0,technician,married,secondary,no,89.0,yes,no,cellular,5,may,159.0,1,-1,0,unknown,no
37.0,admin.,single,secondary,no,796.0,yes,no,telephone,29,jan,143.0,3,-1,0,unknown,no
36.0,technician,married,tertiary,no,571.0,yes,yes,cellular,31,jul,46.0,3,-1,0,unknown,no
33.0,blue-collar,married,secondary,no,215.0,no,no,cellular,15,apr,166.0,1,-1,0,unknown,no
36.0,blue-collar,married,secondary,no,1088.0,yes,no,cellular,13,may,77.0,2,345,2,failure,no
30.0,services,married,secondary,no,,yes,no,unknown,15,may,365.0,1,-1,0,unknown,no
57.0,self-employed,married,secondary,no,11494.0,no,no,cellular,19,nov,198.0,1,-1,0,unknown,no
37.0,admin.,married,tertiary,no,2741.0,no,no,unknown,16,jun,204.0,4,-1,0,unknown,no
25.0,services,divorced,secondary,no,1694.0,no,no,cellular,7,jul,159.0,2,-1,0,unknown,no
70.0,retired,divorced,primary,no,383.0,no,no,cellular,28,apr,50.0,2,-1,0,unknown,no
41.0,management,married,tertiary,no,298.0,no,no,cellular,4,may,63.0,3,272,1,other,no
26.0,management,single,tertiary,no,155.0,yes,no,cellular,27,may,74.0,4,43,5,other,no
53.0,entrepreneur,married,primary,no,694.0,yes,no,unknown,14,may,157.0,1,-1,0,unknown,no
55.0,management,married,unknown,no,179.0,no,no,unknown,19,jun,97.0,1,-1,0,unknown,no
23.0,technician,single,secondary,no,356.0,yes,no,cellular,18,may,224.0,2,356,2,failure,no
45.0,management,married,tertiary,no,0.0,yes,no,cellular,5,may,469.0,2,342,1,failure,no
34.0,self-employed,married,secondary,no,179.0,yes,yes,cellular,24,jul,137.0,4,-1,0,unknown,no
35.0,management,married,tertiary,no,244.0,yes,no,cellular,19,nov,138.0,1,-1,0,unknown,no
30.0,management,divorced,tertiary,no,46.0,no,no,cellular,13,aug,382.0,3,-1,0,unknown,no
36.0,admin.,divorced,secondary,no,246.0,yes,no,unknown,16,may,206.0,2,-1,0,unknown,no
48.0,self-employed,married,tertiary,no,7.0,yes,no,unknown,5,may,286.0,1,-1,0,unknown,no
67.0,retired,divorced,primary,no,1746.0,no,no,cellular,5,aug,134.0,1,-1,0,unknown,no
35.0,technician,single,tertiary,no,992.0,yes,no,cellular,26,aug,79.0,1,114,3,failure,no
38.0,housemaid,divorced,tertiary,no,4312.0,no,no,cellular,15,may,67.0,4,175,6,failure,no
44.0,blue-collar,married,primary,no,103.0,yes,no,cellular,12,may,79.0,1,329,2,failure,no
54.0,blue-collar,married,secondary,no,506.0,yes,no,cellular,18,nov,172.0,2,104,2,failure,no
42.0,management,divorced,tertiary,no,461.0,yes,no,unknown,3,jun,72.0,1,-1,0,unknown,no
36.0,technician,single,tertiary,no,268.0,no,no,cellular,29,aug,54.0,12,-1,0,unknown,no
26.0,technician,single,secondary,yes,-454.0,no,yes,cellular,18,jul,652.0,2,-1,0,unknown,no
35.0,management,married,tertiary,no,365.0,no,no,cellular,21,nov,168.0,2,-1,0,unknown,no
33.0,technician,divorced,secondary,no,2.0,yes,no,cellular,7,may,600.0,2,330,17,failure,no
58.0,services,married,secondary,no,1667.0,yes,yes,unknown,6,may,85.0,1,-1,0,unknown,no
21.0,blue-collar,single,secondary,no,2265.0,no,no,cellular,27,may,156.0,4,99,2,success,no
34.0,blue-collar,married,secondary,no,4622.0,yes,yes,unknown,20,may,217.0,1,-1,0,unknown,no
38.0,blue-collar,single,secondary,no,0.0,no,no,cellular,13,aug,255.0,2,105,1,failure,no
41.0,technician,married,secondary,no,188.0,no,yes,telephone,31,jul,15.0,25,-1,0,unknown,no
36.0,management,single,secondary,no,0.0,no,no,cellular,13,aug,333.0,5,-1,0,unknown,no
38.0,self-employed,single,secondary,no,592.0,no,no,cellular,6,may,,1,-1,0,unknown,no
25.0,technician,married,secondary,no,-276.0,yes,no,unknown,4,jun,105.0,1,-1,0,unknown,no
34.0,technician,married,secondary,no,1254.0,no,no,cellular,6,may,77.0,3,-1,0,unknown,no
,technician,married,secondary,no,652.0,yes,yes,cellular,18,jul,50.0,4,-1,0,unknown,no
,blue-collar,married,secondary,no,192.0,yes,no,,13,may,154.0,5,176,1,other,no
30.0,technician,single,secondary,no,148.0,yes,yes,cellular,15,may,115.0,5,-1,0,unknown,no
42.0,technician,married,secondary,no,1812.0,yes,no,cellular,31,jul,84.0,2,-1,0,unknown,no
50.0,unemployed,married,secondary,no,3478.0,yes,no,unknown,13,may,342.0,3,-1,0,unknown,no
33.0,technician,married,secondary,no,264.0,no,no,cellular,28,aug,180.0,4,-1,0,unknown,no
35.0,management,married,tertiary,no,71.0,yes,no,cellular,30,apr,510.0,2,-1,0,unknown,no
59.0,blue-collar,married,secondary,no,1376.0,no,yes,unknown,9,may,61.0,4,-1,0,unknown,no
38.0,blue-collar,married,primary,no,668.0,no,no,unknown,8,may,238.0,1,-1,0,unknown,no
33.0,services,married,secondary,no,703.0,no,no,cellular,18,nov,160.0,2,-1,0,unknown,no
45.0,technician,divorced,unknown,yes,-25.0,no,yes,unknown,3,jul,158.0,3,-1,0,unknown,no
37.0,unemployed,single,secondary,no,48.0,no,no,cellular,31,jul,40.0,10,-1,0,unknown,no
35.0,technician,single,tertiary,no,2453.0,yes,no,cellular,13,aug,119.0,2,-1,0,unknown,no
41.0,blue-collar,single,primary,no,0.0,yes,no,unknown,16,may,522.0,5,-1,0,unknown,no
33.0,management,married,tertiary,no,133.0,yes,no,unknown,26,may,308.0,4,-1,0,unknown,no
30.0,management,single,tertiary,no,277.0,yes,no,cellular,8,may,166.0,1,42,1,other,no
49.0,housemaid,married,primary,no,78.0,no,no,telephone,10,jul,139.0,1,-1,0,unknown,no
39.0,management,married,secondary,no,517.0,yes,no,cellular,18,nov,387.0,3,196,2,failure,no
44.0,entrepreneur,divorced,secondary,no,1.0,no,no,cellular,31,jul,388.0,4,-1,0,unknown,no
38.0,,married,primary,no,7944.0,no,no,unknown,17,jun,116.0,3,-1,0,unknown,no
27.0,admin.,single,secondary,no,3.0,yes,no,cellular,8,may,346.0,2,-1,0,unknown,no
45.0,management,married,tertiary,no,623.0,no,no,cellular,9,sep,405.0,3,-1,0,unknown,no
40.0,management,divorced,tertiary,no,290.0,yes,no,unknown,27,may,184.0,1,-1,0,unknown,no
53.0,services,married,primary,no,8918.0,yes,no,telephone,23,jul,173.0,2,-1,0,unknown,no
32.0,management,single,tertiary,no,41.0,yes,no,cellular,7,may,449.0,1,338,1,other,no
34.0,blue-collar,married,secondary,no,199.0,yes,no,unknown,8,may,627.0,3,-1,0,unknown,no
29.0,blue-collar,married,secondary,no,100.0,yes,yes,cellular,6,may,152.0,4,344,2,failure,no
34.0,services,single,secondary,no,313.0,yes,no,cellular,14,jul,634.0,3,-1,0,unknown,no
40.0,admin.,married,secondary,no,419.0,yes,yes,cellular,12,may,92.0,1,369,1,failure,no
44.0,technician,married,secondary,no,0.0,yes,no,unknown,30,may,243.0,3,-1,0,unknown,no
36.0,management,single,tertiary,no,0.0,no,yes,cellular,18,nov,300.0,1,96,4,failure,no
39.0,technician,married,tertiary,no,437.0,no,no,telephone,27,may,186.0,2,-1,0,unknown,no
58.0,blue-collar,married,primary,no,1357.0,yes,no,unknown,13,may,150.0,2,-1,0,unknown,no
37.0,technician,married,secondary,no,1610.0,no,no,unknown,16,jun,140.0,2,-1,0,unknown,no
31.0,management,married,tertiary,no,0.0,yes,no,cellular,4,may,108.0,2,167,1,failure,no
46.0,blue-collar,divorced,secondary,no,709.0,yes,no,cellular,18,jul,100.0,4,-1,0,unknown,no
26.0,student,single,tertiary,no,10086.0,no,no,cellular,8,jul,475.0,3,78,2,success,no
37.0,services,married,secondary,no,0.0,yes,no,cellular,14,jul,330.0,4,-1,0,unknown,no
39.0,services,married,secondary,no,-311.0,yes,no,cellular,6,may,55.0,2,345,2,other,no
36.0,management,married,tertiary,no,9324.0,yes,no,cellular,30,mar,138.0,8,-1,0,unknown,no
29.0,management,married,tertiary,no,7832.0,yes,no,unknown,27,may,304.0,2,-1,0,unknown,no
47.0,technician,divorced,secondary,no,191.0,no,no,cellular,19,aug,228.0,5,-1,0,unknown,no
47.0,management,married,tertiary,no,6637.0,yes,no,cellular,17,apr,174.0,2,-1,0,unknown,no
44.0,services,single,secondary,no,0.0,yes,no,unknown,14,may,198.0,1,-1,0,unknown,no
24.0,admin.,single,secondary,no,172.0,no,no,cellular,3,feb,114.0,1,-1,0,unknown,no
30.0,blue-collar,married,secondary,no,1131.0,yes,yes,cellular,18,nov,189.0,1,144,5,failure,no
55.0,management,single,tertiary,no,797.0,no,no,cellular,29,jul,24.0,2,-1,0,unknown,no
41.0,admin.,married,secondary,no,120.0,no,yes,cellular,8,jul,489.0,1,-1,0,unknown,no
57.0,admin.,married,primary,no,215.0,yes,yes,cellular,17,jul,210.0,2,-1,0,unknown,no
34.0,blue-collar,married,primary,no,425.0,yes,no,cellular,16,jul,1389.0,7,-1,0,,no
31.0,admin.,single,secondary,no,476.0,no,no,cellular,9,feb,284.0,2,-1,0,unknown,no
56.0,entrepreneur,divorced,primary,no,29.0,no,no,cellular,29,jan,52.0,2,227,1,failure,no
53.0,management,married,unknown,no,527.0,yes,no,cellular,23,jul,71.0,3,-1,0,unknown,no
33.0,management,single,tertiary,no,0.0,no,no,cellular,27,aug,191.0,4,-1,0,unknown,no
67.0,admin.,married,primary,no,1093.0,no,no,telephone,8,jul,64.0,3,-1,0,unknown,no
53.0,housemaid,married,primary,no,70.0,no,no,cellular,21,aug,77.0,8,-1,0,unknown,no
41.0,housemaid,married,primary,no,39.0,no,no,cellular,21,aug,299.0,4,-1,0,unknown,no
46.0,housemaid,married,primary,no,296.0,yes,no,unknown,20,jun,205.0,4,-1,0,unknown,no
58.0,admin.,married,secondary,no,1464.0,yes,yes,unknown,5,jun,53.0,29,-1,0,unknown,no
39.0,blue-collar,married,primary,no,2226.0,yes,no,unknown,6,may,158.0,1,-1,0,unknown,no
30.0,technician,single,secondary,no,1286.0,no,no,telephone,28,aug,44.0,12,-1,0,unknown,no
37.0,blue-collar,married,primary,no,-738.0,yes,no,cellular,5,may,303.0,1,-1,0,unknown,no
45.0,management,married,tertiary,no,3643.0,no,no,cellular,21,nov,162.0,1,-1,0,unknown,no
50.0,housemaid,married,tertiary,no,5260.0,yes,no,cellular,24,jul,51.0,2,-1,0,unknown,no
30.0,technician,single,secondary,no,3096.0,yes,no,cellular,11,aug,272.0,4,-1,0,unknown,no
29.0,blue-collar,married,secondary,no,-312.0,yes,yes,cellular,14,may,130.0,2,-1,0,unknown,no
32.0,self-employed,married,primary,no,286.0,yes,no,cellular,6,aug,175.0,1,-1,0,unknown,no
37.0,management,married,tertiary,no,89.0,yes,no,unknown,19,may,162.0,10,-1,0,unknown,no
26.0,services,single,secondary,no,-72.0,yes,no,unknown,30,jun,82.0,9,-1,0,unknown,no
51.0,management,single,tertiary,no,4305.0,yes,no,cellular,4,may,126.0,1,-1,0,unknown,no
38.0,admin.,married,primary,no,1487.0,no,no,unknown,9,jun,332.0,2,-1,0,unknown,no
72.0,retired,divorced,primary,no,0.0,no,no,telephone,28,aug,359.0,1,-1,0,unknown,no
42.0,technician,divorced,secondary,no,-78.0,yes,yes,cellular,29,jul,10.0,23,-1,0,unknown,no
57.0,blue-collar,single,primary,no,3495.0,no,yes,cellular,19,nov,362.0,3,-1,0,unknown,no
22.0,student,single,unknown,no,3317.0,no,no,cellular,10,aug,148.0,1,-1,0,unknown,no
46.0,management,married,tertiary,no,1906.0,no,no,cellular,28,aug,44.0,6,-1,0,unknown,no
32.0,unemployed,married,secondary,no,2996.0,yes,no,unknown,19,may,68.0,1,-1,0,unknown,no
42.0,technician,married,tertiary,no,-150000.0,no,no,cellular,6,aug,286.0,3,-1,0,unknown,no
37.0,blue-collar,married,secondary,no,1590.0,no,no,unknown,12,jun,305.0,2,-1,0,unknown,no
27.0,self-employed,single,tertiary,no,,yes,no,unknown,28,may,94.0,1,-1,0,unknown,no
30.0,management,married,tertiary,no,134.0,yes,no,unknown,19,may,70.0,1,-1,0,unknown,no
34.0,management,married,tertiary,no,8.0,no,no,cellular,25,aug,169.0,4,-1,0,unknown,no
56.0,management,married,tertiary,no,3120.0,yes,no,cellular,7,aug,666.0,2,-1,0,unknown,no
54.0,services,married,secondary,no,171.0,no,yes,cellular,14,jul,673.0,8,-1,0,unknown,no
57.0,management,married,secondary,no,39.0,yes,no,cellular,15,may,114.0,2,-1,0,unknown,no
56.0,management,married,tertiary,no,171.0,no,yes,telephone,17,jul,610.0,2,-1,0,unknown,no
41.0,services,married,secondary,no,-140.0,no,yes,unknown,6,jun,190.0,1,-1,0,unknown,no
,management,single,tertiary,no,728.0,yes,no,unknown,21,may,125.0,1,-1,0,unknown,no
34.0,services,married,secondary,no,1637.0,yes,no,cellular,21,nov,107.0,4,-1,0,unknown,no
30.0,services,single,secondary,no,-143.0,yes,no,cellular,15,may,85.0,1,-1,0,unknown,no
42.0,technician,divorced,tertiary,no,802.0,no,no,telephone,28,jan,119.0,2,-1,0,unknown,no
40.0,housemaid,married,tertiary,no,795.0,yes,no,unknown,29,may,725.0,3,-1,0,unknown,no
36.0,technician,single,secondary,no,265.0,yes,yes,unknown,5,may,348.0,1,-1,0,unknown,no
42.0,services,married,primary,no,2567.0,yes,no,unknown,19,may,401.0,2,-1,0,unknown,no
34.0,management,married,tertiary,no,3402.0,no,no,cellular,3,jun,88.0,2,-1,0,unknown,no
30.0,services,divorced,secondary,no,1336.0,yes,no,cellular,18,may,13.0,3,355,5,failure,no
35.0,blue-collar,married,secondary,no,306.0,no,no,unknown,20,jun,12.0,8,-1,0,unknown,no
44.0,blue-collar,single,primary,no,10984.0,no,no,unknown,20,jun,258.0,18,-1,0,unknown,no
46.0,admin.,married,secondary,no,526.0,no,yes,cellular,31,jul,251.0,3,-1,0,unknown,no
38.0,services,married,tertiary,no,563.0,yes,no,cellular,7,may,251.0,2,-1,0,unknown,no
32.0,services,single,tertiary,no,0.0,no,no,cellular,28,aug,23.0,12,-1,0,unknown,no
34.0,management,married,tertiary,no,0.0,no,no,cellular,29,aug,120.0,2,-1,0,unknown,no
53.0,services,divorced,primary,no,3107.0,no,no,unknown,5,jun,152.0,1,-1,0,unknown,no
,services,married,primary,no,0.0,no,no,cellular,28,jul,33.0,3,-1,0,unknown,no
54.0,management,married,tertiary,no,1146.0,yes,no,cellular,12,aug,205.0,2,-1,0,unknown,no
32.0,blue-collar,single,secondary,no,5252.0,yes,no,cellular,20,nov,232.0,2,183,2,failure,no
33.0,management,married,tertiary,no,1195.0,yes,no,telephone,13,may,355.0,4,-1,0,unknown,no
46.0,technician,married,secondary,no,488.0,no,no,unknown,5,jun,92.0,1,-1,0,unknown,no
49.0,management,married,tertiary,no,1887.0,no,no,cellular,18,nov,244.0,3,-1,0,unknown,no
37.0,management,married,tertiary,no,49.0,no,yes,cellular,22,aug,132.0,1,-1,0,unknown,no
40.0,blue-collar,married,secondary,no,280.0,yes,no,cellular,8,may,435.0,2,340,3,failure,no
35.0,blue-collar,married,secondary,no,-461.0,no,no,unknown,23,may,339.0,1,-1,0,unknown,no
26.0,services,divorced,primary,no,633.0,yes,no,unknown,27,may,326.0,2,-1,0,unknown,no
27.0,blue-collar,single,primary,no,3955.0,yes,no,unknown,28,may,205.0,3,-1,0,unknown,no
39.0,management,married,tertiary,no,-233.0,yes,no,cellular,19,nov,249.0,1,-1,0,unknown,no
31.0,services,single,tertiary,no,1626.0,no,no,unknown,31,jul,15.0,1,-1,0,unknown,no
53.0,blue-collar,married,secondary,no,1103.0,yes,yes,cellular,4,feb,101.0,2,250,4,failure,no
50.0,entrepreneur,divorced,tertiary,no,223.0,no,no,cellular,7,jul,264.0,5,-1,0,unknown,no
36.0,blue-collar,single,secondary,no,-175.0,yes,no,unknown,15,may,180.0,2,-1,0,unknown,no
46.0,blue-collar,married,secondary,no,-3.0,yes,no,unknown,9,may,92.0,2,-1,0,unknown,no
36.0,services,married,tertiary,no,0.0,yes,no,cellular,8,may,52.0,1,-1,0,unknown,no
38.0,housemaid,married,primary,no,3918.0,no,no,cellular,27,aug,101.0,3,-1,0,unknown,no
44.0,management,married,tertiary,no,284.0,yes,yes,cellular,10,jul,109.0,5,-1,0,unknown,no
56.0,retired,married,secondary,no,4577.0,no,no,cellular,29,aug,133.0,2,-1,0,unknown,no
37.0,management,single,tertiary,no,876.0,yes,no,cellular,15,apr,140.0,4,327,2,failure,no
51.0,blue-collar,married,primary,no,3754.0,no,yes,cellular,13,aug,202.0,3,-1,0,unknown,no
41.0,technician,married,secondary,no,128.0,yes,no,cellular,27,aug,100.0,2,-1,0,unknown,no
55.0,technician,divorced,tertiary,no,0.0,yes,no,unknown,30,may,234.0,1,-1,0,unknown,no
38.0,management,divorced,tertiary,no,547.0,yes,no,unknown,14,may,137.0,4,-1,0,unknown,no
21.0,management,single,tertiary,no,243.0,no,yes,cellular,17,jun,181.0,2,-1,0,unknown,no
40.0,entrepreneur,married,tertiary,no,3571.0,no,no,unknown,9,jun,222.0,3,-1,0,unknown,no
39.0,technician,married,secondary,no,130.0,no,no,cellular,8,jul,202.0,2,-1,0,unknown,no
30.0,blue-collar,married,secondary,no,-529.0,yes,no,cellular,12,may,416.0,4,-1,0,unknown,no
28.0,services,single,secondary,no,1636.0,yes,no,cellular,18,may,97.0,1,355,2,failure,no
58.0,services,married,secondary,no,12180.0,no,no,unknown,16,jun,121.0,5,-1,0,unknown,no
50.0,unemployed,married,secondary,no,297.0,yes,no,cellular,31,jul,29.0,10,-1,0,unknown,no
32.0,blue-collar,single,secondary,no,413.0,yes,no,cellular,19,nov,270.0,1,-1,0,unknown,no
44.0,technician,single,secondary,no,,yes,no,cellular,12,may,373.0,3,-1,0,unknown,no
47.0,technician,married,secondary,no,19.0,yes,no,unknown,6,may,105.0,2,-1,0,unknown,no
45.0,unknown,married,primary,no,44.0,no,no,unknown,11,jun,81.0,1,-1,0,unknown,no
48.0,services,divorced,secondary,no,62.0,yes,no,cellular,8,may,561.0,1,-1,0,unknown,no
60.0,management,married,tertiary,no,79.0,no,no,unknown,11,jun,48.0,3,-1,0,unknown,no
45.0,blue-collar,married,secondary,no,226.0,no,no,telephone,4,feb,170.0,2,212,2,failure,no
31.0,,single,secondary,no,2388.0,no,no,cellular,5,aug,123.0,1,-1,0,unknown,no
30.0,admin.,single,secondary,no,98.0,yes,no,cellular,23,jul,100.0,5,-1,0,unknown,no
52.0,management,married,primary,no,48.0,no,no,unknown,9,jun,135.0,2,-1,0,unknown,no
,blue-collar,married,secondary,no,255.0,yes,yes,cellular,18,may,295.0,1,-1,0,unknown,no
53.0,blue-collar,married,secondary,no,2.0,yes,no,unknown,16,may,851.0,2,-1,0,unknown,no
47.0,blue-collar,married,primary,no,643.0,yes,no,unknown,20,jun,18.0,6,-1,0,unknown,no
42.0,technician,married,tertiary,no,13410.0,no,yes,cellular,14,aug,149.0,2,-1,0,unknown,no
57.0,admin.,married,unknown,no,0.0,yes,no,unknown,15,may,215.0,2,-1,0,unknown,no
35.0,self-employed,divorced,secondary,no,3443.0,no,no,cellular,30,jul,409.0,4,-1,0,unknown,no
47.0,unemployed,married,primary,no,2946.0,no,no,unknown,5,jun,60.0,1,-1,0,unknown,no
37.0,management,married,tertiary,no,21.0,yes,no,unknown,29,may,52.0,2,-1,0,unknown,no
,unemployed,married,primary,no,1212.0,no,no,cellular,31,aug,241.0,1,92,1,failure,no
58.0,management,married,tertiary,no,2183.0,yes,no,cellular,22,jul,209.0,1,-1,0,unknown,no
33.0,entrepreneur,married,secondary,no,135.0,yes,no,cellular,17,apr,114.0,1,345,2,failure,no
29.0,blue-collar,married,secondary,no,5903.0,yes,no,unknown,8,may,194.0,1,-1,0,unknown,no
41.0,unemployed,divorced,secondary,no,271.0,yes,no,unknown,19,jun,196.0,2,-1,0,unknown,no
53.0,retired,married,secondary,no,303.0,yes,no,unknown,6,may,593.0,2,-1,0,unknown,no
41.0,entrepreneur,single,primary,no,7264.0,no,yes,,1,jul,125.0,3,-1,0,unknown,no
42.0,unemployed,married,tertiary,no,0.0,no,no,cellular,8,oct,113.0,1,-1,0,unknown,no
,admin.,married,primary,no,204.0,no,no,cellular,19,aug,123.0,2,-1,0,unknown,no
42.0,services,divorced,secondary,no,444.0,no,no,cellular,21,nov,171.0,1,-1,0,unknown,no
33.0,services,single,,no,-27.0,yes,no,unknown,26,may,165.0,1,-1,0,unknown,no
44.0,blue-collar,single,primary,no,287.0,no,no,cellular,29,jan,301.0,1,-1,0,unknown,no
53.0,,married,tertiary,no,800.0,no,no,cellular,18,nov,90.0,1,-1,0,unknown,no
35.0,technician,single,secondary,no,4645.0,yes,no,cellular,11,jan,502.0,3,270,40,other,no
47.0,entrepreneur,married,unknown,no,1481.0,yes,no,cellular,6,may,64.0,2,364,3,failure,no
59.0,admin.,married,secondary,no,1575.0,yes,no,cellular,12,may,301.0,3,263,11,success,no
31.0,management,single,tertiary,no,5691.0,yes,no,cellular,21,nov,37.0,2,123,1,failure,no
40.0,management,married,tertiary,no,294.0,yes,no,cellular,23,jul,97.0,5,-1,0,unknown,no
55.0,management,married,tertiary,no,154.0,no,no,telephone,11,may,70.0,2,367,3,failure,no
41.0,self-employed,single,tertiary,no,3950.0,yes,no,unknown,30,may,96.0,2,-1,0,unknown,no
46.0,blue-collar,married,secondary,no,624.0,yes,no,cellular,16,apr,201.0,1,-1,0,unknown,no
35.0,services,divorced,secondary,no,-504.0,no,no,cellular,10,jul,228.0,1,-1,0,unknown,no
46.0,technician,divorced,secondary,no,111.0,yes,no,cellular,19,nov,178.0,3,183,2,other,no
31.0,blue-collar,married,secondary,no,1131.0,yes,yes,cellular,15,apr,126.0,1,148,6,failure,no
49.0,management,married,tertiary,no,322.0,no,no,cellular,6,aug,72.0,4,-1,0,unknown,no
37.0,technician,married,secondary,no,0.0,yes,no,cellular,16,apr,657.0,4,149,1,other,no
41.0,technician,single,tertiary,no,-89.0,yes,no,cellular,3,feb,195.0,4,251,4,failure,no
42.0,blue-collar,married,secondary,no,3.0,yes,no,unknown,14,may,34.0,1,-1,0,unknown,no
34.0,technician,single,secondary,no,1313.0,no,no,cellular,19,apr,237.0,4,-1,0,unknown,no
55.0,technician,married,secondary,no,462.0,no,no,cellular,11,aug,116.0,2,-1,0,unknown,no
49.0,unemployed,married,primary,yes,11.0,yes,no,telephone,31,jul,166.0,8,-1,0,unknown,no
59.0,technician,married,primary,no,3163.0,yes,no,unknown,29,may,240.0,2,-1,0,unknown,no
26.0,technician,single,secondary,no,2.0,yes,yes,unknown,15,may,461.0,1,-1,0,unknown,no
43.0,self-employed,married,tertiary,no,3157.0,no,no,cellular,21,apr,381.0,2,330,17,other,no
35.0,management,single,tertiary,no,4348.0,yes,no,cellular,2,apr,1074.0,3,217,8,failure,no
43.0,management,married,tertiary,no,-391.0,yes,no,cellular,28,jul,193.0,8,-1,0,unknown,no
51.0,blue-collar,married,tertiary,no,7816.0,yes,no,unknown,12,may,76.0,2,-1,0,unknown,no
29.0,technician,single,secondary,no,5763.0,no,yes,cellular,5,jun,271.0,2,92,2,success,no
42.0,self-employed,married,secondary,no,240.0,yes,no,cellular,4,feb,183.0,1,189,16,other,no
73.0,retired,married,primary,no,508.0,no,no,cellular,14,jun,154.0,4,97,1,success,no
39.0,services,married,secondary,no,2.0,yes,no,cellular,25,jul,174.0,10,-1,0,unknown,no
39.0,management,married,tertiary,no,1654.0,no,yes,cellular,21,nov,151.0,1,-1,0,unknown,no
44.0,entrepreneur,married,secondary,no,860.0,yes,yes,cellular,6,may,96.0,2,295,5,failure,no
30.0,admin.,single,secondary,no,154.0,yes,no,cellular,21,nov,24.0,2,-1,0,unknown,no
32.0,admin.,married,tertiary,no,281.0,yes,no,unknown,6,may,226.0,1,-1,0,unknown,no
57.0,retired,married,secondary,no,427.0,no,no,cellular,29,jan,246.0,1,-1,0,unknown,no
55.0,blue-collar,married,secondary,no,467.0,no,no,cellular,25,aug,129.0,5,-1,0,unknown,no
24.0,self-employed,single,tertiary,no,,yes,no,cellular,15,may,134.0,2,-1,0,unknown,no
41.0,services,married,secondary,no,1319.0,yes,no,cellular,11,may,305.0,1,-1,0,unknown,no
39.0,admin.,married,tertiary,no,259.0,yes,no,unknown,19,may,27.0,1,-1,0,unknown,no
52.0,self-employed,married,secondary,no,-488.0,yes,no,unknown,29,may,322.0,1,-1,0,unknown,no
28.0,services,single,secondary,no,60.0,no,yes,cellular,29,jan,248.0,1,-1,0,unknown,no
56.0,management,married,primary,no,405.0,no,no,,21,jul,251.0,2,-1,0,unknown,no
33.0,technician,married,secondary,no,177.0,yes,yes,cellular,12,may,22.0,8,-1,0,unknown,no
41.0,management,married,tertiary,no,-412.0,yes,no,cellular,29,jan,85.0,1,195,5,other,no
32.0,management,married,tertiary,no,,no,no,cellular,22,aug,92.0,2,-1,0,unknown,no
50.0,housemaid,married,tertiary,no,6181.0,no,no,unknown,17,jun,1162.0,2,-1,0,unknown,no
28.0,services,single,secondary,no,373.0,yes,no,cellular,18,may,115.0,2,-1,0,unknown,no
36.0,management,married,tertiary,no,-92.0,no,yes,cellular,18,nov,196.0,3,-1,0,unknown,no
36.0,blue-collar,married,primary,no,49.0,yes,no,cellular,15,may,232.0,2,365,5,other,no
53.0,housemaid,married,primary,no,0.0,no,no,unknown,24,jun,51.0,8,-1,0,unknown,no
40.0,admin.,married,secondary,no,-283.0,no,no,unknown,20,jun,253.0,2,-1,0,unknown,no
34.0,technician,single,secondary,no,1313.0,no,no,cellular,12,aug,176.0,1,21,6,failure,no
35.0,admin.,single,secondary,no,2452.0,yes,no,unknown,5,jun,91.0,2,-1,0,unknown,no
55.0,technician,married,secondary,no,517.0,yes,yes,unknown,19,may,61.0,4,-1,0,unknown,no
49.0,management,married,tertiary,no,350.0,no,no,cellular,12,aug,238.0,6,-1,0,unknown,no
57.0,retired,married,primary,no,1623.0,yes,yes,cellular,18,jul,246.0,1,-1,0,unknown,no
44.0,blue-collar,single,secondary,no,-435.0,yes,no,unknown,27,may,141.0,2,-1,0,unknown,no
57.0,retired,married,primary,no,333.0,no,no,unknown,22,aug,336.0,2,-1,0,unknown,no
36.0,management,married,tertiary,no,3770.0,yes,no,cellular,31,jul,150.0,4,-1,0,unknown,no
53.0,services,divorced,primary,no,778.0,yes,no,cellular,17,apr,221.0,2,-1,0,unknown,no
25.0,admin.,single,secondary,no,483.0,no,yes,cellular,30,apr,68.0,1,86,1,success,no
,unemployed,single,tertiary,no,2170.0,no,no,cellular,3,feb,317.0,1,-1,0,unknown,no
33.0,management,single,tertiary,no,541.0,yes,yes,unknown,21,may,572.0,1,-1,0,unknown,no
33.0,admin.,married,tertiary,no,205.0,no,no,unknown,1,jul,156.0,2,-1,0,unknown,no
29.0,technician,single,tertiary,no,2269.0,yes,no,cellular,20,apr,53.0,1,346,1,failure,no
34.0,admin.,divorced,secondary,no,0.0,yes,no,cellular,6,may,153.0,1,-1,0,unknown,no
46.0,services,divorced,unknown,no,973.0,no,no,cellular,2,feb,297.0,1,-1,0,unknown,no
25.0,admin.,married,secondary,no,894.0,yes,no,unknown,28,may,328.0,1,-1,0,unknown,no
57.0,retired,married,primary,no,-12.0,no,yes,cellular,12,aug,80.0,8,-1,0,unknown,no
50.0,management,married,tertiary,no,0.0,no,no,cellular,30,jan,199.0,1,205,1,failure,no
48.0,blue-collar,married,primary,no,5154.0,yes,no,unknown,14,may,70.0,1,-1,0,unknown,no
32.0,admin.,single,secondary,no,-32.0,no,no,cellular,29,jan,320.0,1,185,5,other,no
45.0,blue-collar,single,primary,no,999.0,no,no,cellular,29,jan,182.0,2,-1,0,unknown,no
32.0,services,married,secondary,no,24.0,yes,yes,cellular,12,may,185.0,1,-1,0,unknown,no
34.0,management,married,tertiary,no,0.0,yes,no,unknown,20,may,150.0,1,-1,0,unknown,no
56.0,blue-collar,married,secondary,no,771.0,yes,yes,unknown,19,jun,254.0,1,-1,0,unknown,no
49.0,management,single,tertiary,no,1350.0,yes,yes,cellular,11,may,716.0,1,-1,0,unknown,no
54.0,admin.,married,tertiary,no,19.0,no,no,cellular,26,aug,131.0,2,-1,0,unknown,no
44.0,management,single,tertiary,no,709.0,yes,no,cellular,19,nov,54.0,1,-1,0,unknown,no
35.0,blue-collar,single,primary,no,2040.0,no,no,cellular,21,nov,258.0,1,157,4,failure,no
31.0,management,married,tertiary,no,303.0,yes,no,unknown,14,may,143.0,1,-1,0,unknown,no
34.0,management,married,secondary,no,-311.0,yes,no,unknown,27,may,305.0,2,-1,0,unknown,no
38.0,management,single,tertiary,no,690.0,yes,no,unknown,20,may,34.0,1,-1,0,unknown,no
56.0,,married,tertiary,no,2551.0,yes,no,cellular,17,nov,150.0,2,-1,0,unknown,no
49.0,technician,married,secondary,no,-142.0,yes,yes,cellular,23,jul,73.0,4,-1,0,unknown,no
44.0,blue-collar,married,secondary,no,-448.0,yes,no,unknown,18,jun,149.0,2,-1,0,unknown,no
33.0,admin.,married,tertiary,no,99.0,yes,yes,cellular,18,nov,55.0,2,-1,0,unknown,no
33.0,technician,single,secondary,no,18.0,no,no,cellular,22,aug,93.0,2,-1,0,unknown,no
29.0,services,single,secondary,no,37.0,no,yes,cellular,17,jul,309.0,2,-1,0,unknown,no
34.0,blue-collar,married,primary,no,3868.0,yes,no,cellular,18,may,134.0,1,350,1,failure,no
57.0,blue-collar,divorced,primary,no,5041.0,yes,no,cellular,16,apr,284.0,1,336,1,failure,no
34.0,admin.,married,secondary,no,260.0,no,no,cellular,28,jan,50.0,1,-1,0,unknown,no
55.0,blue-collar,married,secondary,yes,67.0,no,no,cellular,8,jul,267.0,2,-1,0,unknown,no
47.0,technician,divorced,secondary,no,157.0,yes,no,cellular,25,aug,163.0,8,-1,0,unknown,no
48.0,blue-collar,married,secondary,no,1513.0,no,yes,cellular,17,jul,1171.0,1,-1,0,unknown,no
36.0,technician,single,secondary,no,1044.0,yes,no,cellular,20,aug,15.0,19,-1,0,unknown,no
34.0,blue-collar,married,secondary,no,113.0,yes,no,cellular,13,may,16.0,2,-1,0,unknown,no
43.0,blue-collar,married,unknown,no,245.0,yes,no,cellular,16,apr,829.0,1,-1,0,unknown,no
55.0,management,married,tertiary,no,505.0,yes,no,cellular,17,apr,58.0,1,316,1,other,no
58.0,admin.,married,secondary,no,92.0,yes,no,unknown,27,may,180.0,1,-1,0,unknown,no
62.0,self-employed,married,tertiary,no,3685.0,no,no,cellular,3,feb,181.0,3,-1,0,unknown,no
32.0,management,married,tertiary,no,1636.0,yes,no,cellular,18,nov,124.0,1,-1,0,unknown,no
35.0,management,married,tertiary,no,0.0,yes,no,cellular,5,may,310.0,1,-1,0,unknown,no
33.0,management,single,tertiary,no,349.0,no,no,cellular,22,aug,182.0,1,-1,0,unknown,no
54.0,technician,married,primary,no,3067.0,yes,no,telephone,29,jul,222.0,3,-1,0,unknown,no
41.0,blue-collar,married,secondary,no,338.0,yes,no,unknown,14,may,87.0,1,-1,0,unknown,no
58.0,retired,married,primary,no,282.0,yes,no,cellular,28,jul,40.0,4,-1,0,unknown,no
34.0,management,single,tertiary,no,1190.0,no,no,cellular,3,feb,,7,-1,0,unknown,no
58.0,blue-collar,married,primary,no,73.0,no,no,unknown,17,jun,116.0,1,-1,0,unknown,no
30.0,technician,married,secondary,no,384.0,no,no,cellular,25,aug,73.0,3,-1,0,unknown,no
40.0,blue-collar,married,primary,no,-388.0,yes,no,cellular,4,may,195.0,3,340,1,failure,no
35.0,management,married,tertiary,no,354.0,no,yes,cellular,9,feb,117.0,4,12,2,other,no
37.0,admin.,single,secondary,no,,yes,no,unknown,23,may,105.0,2,-1,0,unknown,no
32.0,blue-collar,single,secondary,no,70.0,yes,no,unknown,26,may,118.0,6,-1,0,unknown,no
33.0,services,married,secondary,no,22.0,yes,no,unknown,5,may,71.0,1,-1,0,unknown,no
48.0,technician,married,secondary,no,335.0,no,no,unknown,17,jun,214.0,3,-1,0,unknown,no
46.0,blue-collar,divorced,primary,no,2775.0,no,yes,cellular,8,jul,188.0,1,-1,0,unknown,no
35.0,management,single,tertiary,no,592.0,no,yes,unknown,14,may,192.0,1,-1,0,unknown,no
32.0,management,single,tertiary,no,1271.0,yes,no,unknown,20,may,51.0,1,-1,0,unknown,no
30.0,self-employed,single,tertiary,no,48.0,no,no,cellular,27,may,144.0,2,187,1,failure,no
46.0,technician,married,tertiary,no,0.0,no,no,unknown,6,jun,159.0,1,-1,0,unknown,no
27.0,student,single,tertiary,no,4869.0,yes,no,cellular,15,may,258.0,2,343,4,other,no
40.0,blue-collar,married,secondary,no,737.0,yes,no,unknown,30,may,135.0,2,-1,0,unknown,no
60.0,entrepreneur,married,primary,no,83.0,yes,no,cellular,17,jul,302.0,2,-1,0,unknown,no
28.0,admin.,single,tertiary,no,1104.0,yes,no,cellular,28,jul,73.0,7,-1,0,unknown,no
27.0,admin.,single,unknown,no,5.0,yes,no,cellular,17,jul,225.0,2,-1,0,unknown,no
31.0,blue-collar,single,secondary,no,23.0,no,no,cellular,21,nov,116.0,1,-1,0,unknown,no
28.0,blue-collar,married,secondary,no,1137.0,no,no,cellular,6,feb,129.0,4,211,3,other,no
27.0,blue-collar,single,secondary,no,181.0,no,no,unknown,13,may,147.0,1,-1,0,unknown,no
36.0,unemployed,divorced,secondary,no,8267.0,no,no,unknown,18,jun,321.0,2,-1,0,,no
41.0,technician,married,secondary,no,871.0,yes,no,unknown,6,may,145.0,1,-1,0,unknown,no
,services,single,secondary,no,1824.0,yes,no,cellular,21,jul,153.0,2,-1,0,unknown,no
52.0,management,single,tertiary,no,4.0,no,yes,cellular,28,jul,30.0,9,-1,0,unknown,no
35.0,admin.,married,secondary,no,421.0,yes,no,cellular,18,nov,350.0,1,-1,0,unknown,no
37.0,housemaid,single,tertiary,no,561.0,no,no,cellular,18,nov,188.0,1,165,2,failure,no
37.0,services,married,secondary,no,1498.0,yes,no,cellular,20,apr,107.0,1,-1,0,unknown,no
48.0,management,divorced,tertiary,no,657.0,no,yes,cellular,29,jan,251.0,2,-1,0,unknown,no
38.0,unemployed,married,secondary,no,0.0,no,no,cellular,24,jul,168.0,2,-1,0,unknown,no
44.0,technician,divorced,tertiary,no,9192.0,yes,no,unknown,6,jun,59.0,3,-1,0,unknown,no
43.0,technician,married,secondary,no,7876.0,yes,no,cellular,11,aug,209.0,2,-1,0,unknown,no
35.0,blue-collar,single,,no,0.0,yes,no,cellular,9,feb,226.0,3,280,1,other,no
40.0,technician,married,secondary,no,192.0,no,no,cellular,7,aug,266.0,2,-1,0,unknown,no
42.0,blue-collar,married,primary,no,803.0,yes,no,unknown,7,may,171.0,2,-1,0,unknown,no
51.0,blue-collar,married,primary,no,1694.0,no,no,cellular,13,aug,186.0,2,-1,0,unknown,no
46.0,management,married,secondary,no,5559.0,no,no,unknown,17,jun,483.0,1,-1,0,unknown,no
40.0,blue-collar,divorced,primary,no,737.0,yes,yes,unknown,12,may,102.0,1,-1,0,unknown,no
51.0,housemaid,married,unknown,no,174.0,no,no,telephone,29,jul,308.0,3,-1,0,unknown,no
24.0,self-employed,single,tertiary,no,931.0,yes,no,unknown,28,may,200.0,4,-1,0,unknown,no
31.0,technician,married,tertiary,no,95.0,no,no,cellular,21,nov,48.0,6,-1,0,unknown,no
41.0,entrepreneur,married,primary,no,0.0,no,no,unknown,16,jun,630.0,2,-1,0,unknown,no
34.0,technician,single,secondary,no,4367.0,no,no,cellular,13,aug,,2,-1,0,unknown,no
31.0,blue-collar,married,primary,no,68.0,yes,no,unknown,8,may,226.0,1,-1,0,unknown,no
31.0,management,single,tertiary,no,1308.0,no,no,cellular,22,aug,323.0,3,-1,0,unknown,no
52.0,retired,divorced,primary,no,353.0,no,no,cellular,31,jul,395.0,4,-1,0,unknown,no
38.0,blue-collar,married,secondary,no,-40.0,yes,no,unknown,23,may,227.0,1,-1,0,unknown,no
31.0,blue-collar,married,secondary,no,,yes,no,unknown,9,may,133.0,1,-1,0,unknown,no
34.0,admin.,married,secondary,no,-312.0,yes,no,unknown,9,may,232.0,1,-1,0,unknown,no
22.0,student,single,unknown,no,549.0,no,no,cellular,2,sep,154.0,1,-1,0,unknown,no
60.0,services,married,secondary,no,8837.0,yes,no,unknown,16,may,144.0,4,-1,0,unknown,no
28.0,blue-collar,married,secondary,no,1020.0,yes,no,unknown,28,may,251.0,1,-1,0,unknown,no
31.0,admin.,married,secondary,no,3540.0,yes,no,cellular,21,nov,441.0,1,-1,0,unknown,no
32.0,management,married,tertiary,no,663.0,no,yes,cellular,22,jul,62.0,3,-1,0,unknown,no
77.0,retired,married,primary,no,2590.0,no,no,telephone,15,feb,112.0,5,94,15,success,no
70.0,retired,married,primary,no,4982.0,no,no,cellular,4,may,794.0,2,-1,0,unknown,no
29.0,services,married,tertiary,no,6.0,yes,no,unknown,28,may,143.0,2,-1,0,unknown,no
34.0,management,married,tertiary,no,118.0,no,yes,telephone,17,jul,171.0,3,-1,0,unknown,no
38.0,blue-collar,divorced,primary,no,-258.0,yes,no,cellular,14,may,134.0,2,370,4,other,no
45.0,blue-collar,married,secondary,no,-221.0,yes,yes,unknown,3,jun,170.0,1,-1,0,unknown,no
40.0,management,married,secondary,no,2596.0,no,no,unknown,12,jun,236.0,1,-1,0,unknown,no
34.0,blue-collar,married,secondary,no,467.0,yes,no,cellular,13,may,195.0,2,357,2,failure,no
30.0,technician,divorced,secondary,no,3100.0,yes,no,cellular,20,nov,125.0,1,183,4,failure,no
,management,divorced,tertiary,no,,no,no,cellular,19,feb,134.0,3,94,2,failure,no
50.0,technician,married,secondary,no,797.0,yes,no,unknown,6,may,354.0,1,-1,0,unknown,no
53.0,technician,married,tertiary,no,476.0,yes,no,cellular,28,jan,160.0,1,-1,0,unknown,no
48.0,unknown,married,unknown,no,558.0,no,no,cellular,25,aug,433.0,6,-1,0,unknown,no
53.0,entrepreneur,married,secondary,no,162.0,yes,no,cellular,7,may,270.0,2,-1,0,unknown,no
27.0,technician,single,secondary,no,1842.0,yes,yes,cellular,18,may,687.0,2,300,1,failure,no
46.0,blue-collar,married,secondary,no,,no,no,cellular,17,nov,182.0,1,-1,0,unknown,no
54.0,retired,married,primary,no,11.0,yes,yes,cellular,18,aug,48.0,10,-1,0,unknown,no
36.0,blue-collar,married,secondary,no,2103.0,no,yes,unknown,26,jun,71.0,1,-1,0,unknown,no
31.0,technician,single,tertiary,no,967.0,no,no,cellular,21,nov,210.0,3,-1,0,unknown,no
58.0,technician,married,secondary,no,116.0,no,no,unknown,16,jun,580.0,3,-1,0,unknown,no
48.0,services,divorced,primary,no,2805.0,no,yes,cellular,23,jul,212.0,2,-1,0,unknown,no
29.0,services,married,secondary,no,1386.0,yes,no,unknown,28,may,166.0,1,-1,0,unknown,no
57.0,management,divorced,unknown,no,,no,no,cellular,27,mar,102.0,1,-1,0,unknown,no
37.0,admin.,married,secondary,no,0.0,yes,no,cellular,22,jul,185.0,1,-1,0,unknown,no
53.0,management,married,secondary,no,90.0,yes,no,telephone,20,apr,67.0,5,-1,0,unknown,no
58.0,management,married,secondary,no,37.0,no,no,cellular,18,aug,84.0,11,-1,0,unknown,no
33.0,admin.,married,secondary,no,7.0,yes,no,cellular,17,apr,612.0,1,148,1,failure,no
38.0,management,married,tertiary,no,676.0,no,no,cellular,15,may,59.0,3,-1,0,unknown,no
28.0,blue-collar,single,secondary,no,3817.0,yes,no,cellular,4,may,528.0,3,-1,0,unknown,no
28.0,admin.,single,secondary,no,144.0,no,yes,cellular,8,jul,136.0,1,-1,0,unknown,no
37.0,management,single,tertiary,no,230.0,yes,yes,cellular,2,feb,120.0,2,272,1,failure,no
27.0,management,single,tertiary,yes,0.0,yes,no,unknown,19,may,352.0,1,-1,0,unknown,no
36.0,technician,married,tertiary,no,1109.0,no,no,cellular,13,aug,328.0,2,-1,0,unknown,no
53.0,services,married,secondary,no,2925.0,yes,no,unknown,15,may,1392.0,4,-1,0,unknown,no
26.0,services,single,secondary,no,397.0,no,no,cellular,29,jan,268.0,1,-1,0,unknown,no
59.0,unemployed,single,secondary,no,865.0,no,no,cellular,4,feb,1086.0,1,-1,0,unknown,no
31.0,technician,single,secondary,no,816.0,no,no,cellular,9,jun,100.0,2,-1,0,unknown,no
59.0,management,married,primary,no,396.0,yes,no,unknown,2,jun,72.0,3,-1,0,unknown,no
40.0,blue-collar,divorced,secondary,no,0.0,yes,no,unknown,6,may,121.0,2,-1,0,unknown,no
27.0,technician,married,secondary,no,241.0,no,yes,unknown,26,feb,889.0,1,-1,0,unknown,no
32.0,services,married,secondary,no,243.0,yes,yes,unknown,6,may,144.0,1,-1,0,unknown,no
42.0,entrepreneur,married,tertiary,no,233.0,no,no,cellular,5,feb,446.0,1,-1,0,unknown,no
43.0,services,married,secondary,no,43.0,yes,no,cellular,18,may,199.0,1,-1,0,unknown,no
53.0,self-employed,married,tertiary,no,290.0,no,yes,cellular,24,jul,303.0,3,-1,0,unknown,no
30.0,services,single,secondary,no,101.0,yes,no,cellular,19,nov,85.0,2,-1,0,unknown,no
53.0,admin.,divorced,secondary,no,1151.0,yes,no,unknown,5,may,412.0,1,-1,0,unknown,no
53.0,technician,divorced,secondary,no,45.0,no,no,unknown,28,may,171.0,6,-1,0,unknown,no
57.0,management,married,tertiary,no,1410.0,yes,no,cellular,10,jul,185.0,1,-1,0,unknown,no
33.0,technician,married,secondary,no,1234.0,no,no,telephone,9,nov,61.0,1,-1,0,unknown,no
38.0,technician,married,secondary,no,2767.0,yes,no,cellular,21,nov,711.0,2,-1,0,unknown,no
33.0,student,single,unknown,no,5969.0,no,no,cellular,30,apr,110.0,1,83,7,failure,no
42.0,management,divorced,secondary,no,-272.0,no,no,cellular,8,jul,186.0,1,-1,0,unknown,no
32.0,blue-collar,single,,no,1036.0,yes,yes,unknown,30,may,62.0,2,-1,0,unknown,no
42.0,technician,married,secondary,no,9324.0,no,no,cellular,27,aug,67.0,4,-1,0,unknown,no
41.0,technician,married,secondary,no,1043.0,yes,yes,unknown,14,may,225.0,1,-1,0,unknown,no
35.0,technician,married,tertiary,no,1473.0,yes,no,unknown,12,may,84.0,3,-1,0,unknown,no
48.0,entrepreneur,married,secondary,no,183.0,yes,no,unknown,3,jun,203.0,9,-1,0,unknown,no
24.0,management,single,secondary,no,86.0,no,no,unknown,2,jun,1075.0,2,-1,0,unknown,no
59.0,blue-collar,married,secondary,no,0.0,yes,no,unknown,20,may,217.0,4,-1,0,unknown,no
45.0,blue-collar,married,primary,no,2388.0,no,no,cellular,11,aug,317.0,2,-1,0,unknown,no
39.0,admin.,divorced,secondary,no,160.0,yes,no,cellular,5,aug,156.0,1,-1,0,unknown,no
46.0,management,married,tertiary,no,385.0,yes,no,unknown,29,may,52.0,4,-1,0,unknown,no
38.0,entrepreneur,married,tertiary,no,4.0,yes,no,cellular,16,jul,158.0,1,-1,0,unknown,no
30.0,management,single,tertiary,no,119.0,no,no,cellular,28,jan,430.0,1,-1,0,unknown,no
52.0,technician,married,tertiary,no,0.0,no,yes,cellular,5,aug,409.0,1,-1,0,unknown,no
42.0,management,divorced,tertiary,no,742.0,yes,no,unknown,5,may,58.0,3,-1,0,unknown,no
46.0,self-employed,divorced,secondary,no,0.0,no,no,unknown,10,aug,6.0,1,-1,0,unknown,no
33.0,management,single,tertiary,no,1724.0,no,no,cellular,3,feb,252.0,6,-1,0,unknown,no
52.0,retired,married,secondary,no,0.0,no,no,cellular,22,aug,351.0,5,-1,0,unknown,no
49.0,self-employed,married,tertiary,no,503.0,yes,no,cellular,6,feb,310.0,4,200,1,failure,no
59.0,management,single,tertiary,no,68.0,yes,no,unknown,28,may,176.0,2,-1,0,unknown,no
58.0,management,divorced,primary,no,5914.0,no,no,unknown,17,jun,69.0,4,-1,0,unknown,no
26.0,technician,single,tertiary,no,192.0,yes,no,unknown,15,may,477.0,1,-1,0,unknown,no
41.0,management,married,tertiary,no,15.0,no,no,unknown,20,jun,13.0,5,-1,0,unknown,no
41.0,blue-collar,married,secondary,no,2157.0,yes,no,unknown,14,may,154.0,2,-1,0,,no
39.0,technician,married,secondary,no,3494.0,yes,no,cellular,19,nov,139.0,1,92,4,failure,no
27.0,housemaid,married,primary,no,275.0,yes,no,cellular,14,may,196.0,2,-1,0,unknown,no
47.0,self-employed,married,secondary,no,318.0,no,no,cellular,21,nov,83.0,1,-1,0,unknown,no
52.0,retired,married,tertiary,no,350.0,no,yes,cellular,9,jul,156.0,1,-1,0,unknown,no
37.0,technician,married,secondary,no,588.0,yes,no,cellular,14,aug,65.0,4,-1,0,unknown,no
38.0,blue-collar,married,secondary,no,2008.0,yes,no,cellular,18,nov,354.0,1,-1,0,unknown,no
42.0,technician,single,tertiary,no,35.0,yes,yes,cellular,17,nov,38.0,1,115,5,other,no
41.0,technician,married,secondary,no,2152.0,no,no,cellular,30,sep,134.0,1,121,1,other,no
46.0,entrepreneur,married,secondary,no,122.0,no,no,cellular,6,feb,1047.0,2,1,7,failure,no
40.0,services,divorced,secondary,no,160.0,no,no,cellular,14,jul,123.0,3,-1,0,unknown,no
41.0,student,single,secondary,no,1934.0,yes,no,cellular,21,nov,162.0,2,-1,0,unknown,no
60.0,retired,married,tertiary,no,0.0,yes,no,unknown,13,may,34.0,4,-1,0,unknown,no
,retired,married,unknown,no,613.0,no,no,cellular,19,aug,75.0,2,-1,0,unknown,no
59.0,retired,married,primary,no,574.0,no,no,cellular,18,aug,197.0,6,-1,0,unknown,no
28.0,blue-collar,single,primary,no,0.0,yes,yes,unknown,3,jun,380.0,4,-1,0,unknown,no
45.0,admin.,single,secondary,no,341.0,yes,yes,cellular,5,may,77.0,2,-1,0,unknown,no
31.0,blue-collar,divorced,primary,no,158.0,yes,no,unknown,28,may,157.0,1,-1,0,unknown,no
31.0,unemployed,single,tertiary,no,1489.0,yes,no,cellular,3,feb,678.0,1,-1,0,unknown,no
46.0,unknown,married,unknown,no,2911.0,no,no,telephone,7,jul,41.0,9,-1,0,unknown,no
51.0,self-employed,married,secondary,no,1178.0,no,no,cellular,6,aug,530.0,2,-1,0,unknown,no
37.0,admin.,married,secondary,no,96.0,no,no,cellular,5,feb,102.0,1,182,3,success,no
40.0,services,married,secondary,no,4157.0,yes,no,unknown,15,may,735.0,1,-1,0,unknown,no
,blue-collar,single,secondary,yes,-575.0,yes,no,unknown,2,jun,153.0,9,-1,0,unknown,no
38.0,blue-collar,married,primary,no,3419.0,yes,no,unknown,20,jun,324.0,5,-1,0,unknown,no
39.0,technician,single,secondary,no,1104.0,no,no,cellular,20,nov,333.0,2,105,2,success,no
29.0,services,married,secondary,no,57.0,yes,no,telephone,21,jul,342.0,9,-1,0,unknown,no
65.0,retired,married,primary,no,343.0,no,no,telephone,5,feb,159.0,2,-1,0,unknown,no
26.0,,single,secondary,no,-326.0,yes,no,unknown,19,may,128.0,3,-1,0,unknown,no
44.0,admin.,married,secondary,no,0.0,no,no,cellular,31,jul,209.0,1,-1,0,unknown,no
27.0,management,single,tertiary,no,3104.0,yes,no,unknown,28,may,160.0,2,-1,0,unknown,no
35.0,management,married,tertiary,no,648.0,no,no,cellular,30,jul,674.0,2,-1,0,unknown,no
36.0,admin.,single,secondary,no,10041.0,yes,no,cellular,20,nov,91.0,2,184,1,other,no
36.0,management,single,tertiary,yes,-508.0,yes,no,cellular,17,apr,832.0,2,-1,0,unknown,no
24.0,blue-collar,single,secondary,no,327.0,yes,no,unknown,28,may,333.0,2,-1,0,unknown,no
33.0,management,single,tertiary,no,1150.0,yes,no,telephone,12,may,109.0,2,-1,0,unknown,no
53.0,management,single,tertiary,no,1074.0,yes,no,unknown,15,may,523.0,2,-1,0,unknown,no
45.0,services,married,secondary,no,27.0,yes,yes,cellular,31,jul,43.0,2,-1,0,unknown,no
37.0,technician,married,secondary,no,3720.0,yes,no,cellular,28,jan,561.0,1,-1,0,unknown,no
60.0,blue-collar,divorced,primary,no,92.0,yes,no,unknown,6,jun,70.0,3,-1,0,unknown,no
30.0,management,single,tertiary,no,7845.0,yes,no,unknown,3,jun,59.0,1,-1,0,unknown,no
37.0,blue-collar,married,primary,no,157.0,yes,no,unknown,30,may,833.0,8,-1,0,unknown,no
34.0,unemployed,married,secondary,no,428.0,yes,no,cellular,7,apr,221.0,2,267,3,other,no
28.0,blue-collar,married,secondary,no,0.0,yes,no,cellular,15,may,6.0,4,-1,0,unknown,no
44.0,technician,single,secondary,no,54.0,no,yes,cellular,19,aug,199.0,2,-1,0,unknown,no
34.0,management,married,tertiary,no,13.0,yes,no,cellular,21,jul,47.0,1,-1,0,unknown,no
70.0,retired,married,primary,no,3230.0,no,no,cellular,24,nov,112.0,1,-1,0,unknown,no
38.0,management,single,tertiary,no,1637.0,no,yes,cellular,5,aug,231.0,1,-1,0,unknown,no
32.0,admin.,single,secondary,no,6981.0,yes,no,cellular,2,jun,154.0,1,194,3,failure,no
39.0,entrepreneur,married,tertiary,yes,1.0,yes,yes,unknown,29,may,102.0,1,-1,0,unknown,no
38.0,technician,divorced,secondary,no,631.0,yes,no,cellular,25,aug,343.0,2,-1,0,unknown,no
36.0,housemaid,divorced,tertiary,no,7296.0,yes,no,cellular,18,aug,108.0,6,-1,0,unknown,no
32.0,blue-collar,single,tertiary,no,3014.0,yes,no,cellular,7,may,291.0,2,-1,0,unknown,no
34.0,technician,single,secondary,no,920.0,yes,no,cellular,29,oct,250.0,1,342,5,failure,no
49.0,management,married,tertiary,no,735.0,yes,no,unknown,13,may,50.0,3,-1,0,unknown,no
45.0,management,married,tertiary,no,1300.0,no,no,cellular,30,jul,135.0,3,-1,0,unknown,no
24.0,admin.,married,secondary,no,541.0,yes,no,unknown,5,jun,622.0,4,-1,0,unknown,no
47.0,management,married,tertiary,no,0.0,no,no,,19,aug,213.0,2,-1,0,unknown,no
36.0,management,married,tertiary,no,1257.0,no,no,cellular,8,feb,108.0,9,101,1,other,no
25.0,services,married,secondary,no,4522.0,yes,no,cellular,18,may,177.0,4,-1,0,unknown,no
30.0,admin.,single,secondary,no,585.0,no,yes,cellular,2,feb,7.0,6,-1,0,unknown,no
29.0,unemployed,single,tertiary,no,150.0,yes,no,cellular,5,may,165.0,1,-1,0,unknown,no
27.0,services,married,secondary,no,202.0,yes,no,telephone,8,jul,212.0,2,-1,0,unknown,no
57.0,admin.,married,secondary,no,2137.0,no,no,telephone,8,jul,132.0,7,-1,0,unknown,no
38.0,self-employed,divorced,secondary,no,2674.0,yes,no,unknown,19,jun,163.0,2,-1,0,unknown,no
43.0,blue-collar,married,secondary,no,625.0,yes,no,unknown,30,sep,175.0,1,-1,0,unknown,no
35.0,management,single,secondary,no,73.0,yes,no,unknown,28,may,79.0,2,-1,0,unknown,no
38.0,management,married,tertiary,no,2656.0,no,no,cellular,8,jul,230.0,2,-1,0,unknown,no
71.0,retired,married,secondary,no,3.0,no,no,cellular,13,aug,1175.0,3,189,1,other,no
36.0,blue-collar,married,secondary,no,0.0,no,no,cellular,15,jul,794.0,1,-1,0,unknown,no
40.0,blue-collar,married,secondary,no,95.0,no,yes,unknown,20,jun,61.0,4,-1,0,unknown,no
50.0,blue-collar,married,primary,no,106.0,no,no,cellular,12,aug,460.0,2,-1,0,unknown,no
31.0,,married,tertiary,no,477.0,yes,no,cellular,21,nov,77.0,5,-1,0,unknown,no
33.0,services,divorced,secondary,no,1529.0,yes,no,telephone,18,nov,41.0,1,-1,0,unknown,no
57.0,technician,married,secondary,no,28.0,yes,no,cellular,8,may,163.0,1,358,1,failure,no
32.0,services,single,tertiary,no,1743.0,yes,no,cellular,1,apr,1156.0,1,261,3,other,no
52.0,blue-collar,married,primary,no,924.0,no,no,cellular,21,aug,93.0,4,-1,0,unknown,no
30.0,admin.,single,secondary,no,457.0,no,no,cellular,27,apr,90.0,2,-1,0,unknown,no
40.0,admin.,married,secondary,no,0.0,yes,no,cellular,3,feb,561.0,1,201,1,failure,no
50.0,admin.,married,secondary,no,736.0,yes,no,unknown,14,may,74.0,1,-1,0,unknown,no
32.0,management,married,tertiary,no,0.0,no,no,cellular,29,aug,183.0,2,-1,0,unknown,no
36.0,admin.,single,secondary,no,787.0,no,no,unknown,17,jun,92.0,1,-1,0,unknown,no
60.0,admin.,married,secondary,no,-396.0,yes,no,cellular,11,may,443.0,1,350,1,failure,no
48.0,services,married,secondary,no,1573.0,no,no,cellular,5,aug,165.0,1,-1,0,unknown,no
72.0,retired,married,primary,no,0.0,no,no,cellular,29,dec,215.0,2,-1,0,unknown,no
46.0,blue-collar,married,secondary,no,524.0,yes,no,telephone,5,may,15.0,7,-1,0,unknown,no
45.0,blue-collar,married,primary,no,1558.0,yes,no,cellular,6,may,179.0,1,-1,0,unknown,no
50.0,admin.,married,secondary,no,159.0,yes,no,unknown,7,may,216.0,2,-1,0,unknown,no
29.0,management,married,tertiary,yes,53.0,yes,no,cellular,31,jul,27.0,17,-1,0,unknown,no
40.0,management,single,unknown,no,838.0,yes,no,unknown,12,may,619.0,3,-1,0,unknown,no
49.0,technician,married,secondary,no,3144.0,no,no,cellular,31,jul,349.0,2,-1,0,unknown,no
42.0,services,married,secondary,no,737.0,yes,no,unknown,14,may,762.0,2,-1,0,unknown,no
43.0,technician,married,secondary,no,4056.0,no,no,cellular,4,may,13.0,6,89,2,failure,no
36.0,admin.,married,secondary,no,162.0,yes,yes,cellular,20,apr,340.0,2,-1,0,unknown,no
37.0,technician,married,primary,no,0.0,yes,no,unknown,6,may,76.0,4,-1,0,unknown,no
59.0,retired,divorced,primary,no,217.0,yes,no,unknown,26,may,574.0,3,-1,0,unknown,no
75.0,retired,married,primary,no,3324.0,no,no,cellular,2,feb,149.0,1,-1,0,unknown,no
53.0,management,married,secondary,no,2895.0,yes,no,unknown,29,may,74.0,1,-1,0,unknown,no
53.0,management,married,tertiary,no,0.0,yes,no,cellular,14,jul,85.0,3,-1,0,unknown,no
57.0,retired,married,tertiary,no,11254.0,no,no,cellular,30,jul,229.0,2,-1,0,unknown,no
30.0,technician,married,secondary,no,-280.0,yes,no,cellular,17,apr,609.0,2,266,2,failure,no
44.0,services,married,secondary,no,808.0,yes,no,unknown,2,jun,67.0,2,-1,0,unknown,no
51.0,blue-collar,married,primary,no,0.0,no,no,unknown,9,jun,166.0,2,-1,0,unknown,no
30.0,blue-collar,married,secondary,no,246.0,yes,no,cellular,18,nov,166.0,2,113,5,failure,no
42.0,blue-collar,married,secondary,no,-972.0,yes,no,unknown,29,may,146.0,1,-1,0,unknown,no
48.0,blue-collar,married,secondary,no,750.0,no,no,cellular,5,feb,85.0,2,8,2,other,no
40.0,unemployed,married,tertiary,no,2430.0,no,no,cellular,24,aug,87.0,2,-1,0,unknown,no
36.0,technician,married,secondary,no,-179.0,yes,no,cellular,17,jul,144.0,1,-1,0,unknown,no
40.0,admin.,married,secondary,no,1412.0,no,no,cellular,31,jul,48.0,3,-1,0,unknown,no
47.0,housemaid,married,secondary,yes,-1531.0,yes,no,cellular,31,jul,156.0,8,-1,0,unknown,no
39.0,management,married,tertiary,no,51.0,no,no,cellular,20,aug,140.0,2,-1,0,unknown,no
41.0,services,married,unknown,no,88.0,yes,no,cellular,11,may,105.0,1,336,2,failure,no
42.0,housemaid,married,primary,no,-209.0,no,yes,cellular,11,aug,90.0,2,-1,0,unknown,no
50.0,housemaid,single,secondary,no,799.0,no,no,telephone,28,jan,63.0,1,-1,0,unknown,no
58.0,retired,married,tertiary,no,4048.0,no,yes,cellular,15,jul,270.0,5,-1,0,unknown,no
70.0,retired,married,secondary,no,1310.0,no,no,cellular,15,oct,634.0,1,-1,0,unknown,no
29.0,management,single,tertiary,no,573.0,yes,yes,unknown,16,jun,190.0,4,-1,0,unknown,no
56.0,management,married,tertiary,no,6798.0,yes,no,cellular,17,nov,250.0,1,-1,0,unknown,no
32.0,self-employed,married,tertiary,no,1214.0,no,no,cellular,11,aug,104.0,2,-1,0,unknown,no
39.0,technician,single,unknown,no,75.0,no,no,unknown,6,jun,26.0,1,-1,0,unknown,no
33.0,management,divorced,tertiary,no,387.0,no,no,cellular,6,feb,17.0,5,-1,0,unknown,no
47.0,technician,married,secondary,no,2246.0,yes,no,cellular,10,jul,330.0,1,-1,0,unknown,no
39.0,blue-collar,divorced,primary,no,3.0,no,yes,unknown,1,jul,625.0,1,-1,0,unknown,no
34.0,technician,married,secondary,no,883.0,no,no,cellular,14,aug,163.0,3,-1,0,unknown,no
36.0,blue-collar,married,primary,no,1503.0,no,no,cellular,19,nov,138.0,1,-1,0,unknown,no
40.0,blue-collar,married,primary,no,-322.0,yes,yes,unknown,6,may,144.0,1,-1,0,unknown,no
34.0,technician,married,primary,no,1301.0,no,no,cellular,2,feb,56.0,1,-1,0,unknown,no
54.0,blue-collar,married,primary,no,950.0,yes,no,unknown,15,may,285.0,2,-1,0,unknown,no
36.0,management,married,tertiary,no,2326.0,yes,no,cellular,20,nov,7.0,5,-1,0,unknown,no
34.0,blue-collar,married,primary,no,-78.0,yes,no,unknown,9,may,198.0,1,-1,0,unknown,no
50.0,admin.,divorced,secondary,yes,2405.0,yes,no,cellular,6,may,114.0,1,287,8,failure,no
48.0,technician,divorced,tertiary,no,113.0,no,yes,cellular,22,jul,38.0,1,-1,0,unknown,no
35.0,services,married,tertiary,no,4564.0,no,no,cellular,18,aug,45.0,6,-1,0,unknown,no
33.0,services,married,secondary,no,387.0,yes,no,cellular,7,apr,327.0,2,138,2,failure,no
42.0,technician,married,secondary,no,1865.0,yes,no,unknown,15,may,164.0,1,-1,0,unknown,no
31.0,technician,single,secondary,no,4105.0,no,no,cellular,30,apr,264.0,1,-1,0,unknown,no
54.0,blue-collar,married,primary,no,258.0,no,no,telephone,25,may,86.0,1,88,1,failure,no
55.0,management,married,primary,no,19.0,yes,no,unknown,16,may,56.0,3,-1,0,unknown,no
30.0,management,single,tertiary,no,3773.0,yes,no,cellular,9,feb,75.0,4,258,1,failure,no
30.0,services,married,secondary,no,1808.0,yes,no,cellular,18,may,83.0,2,-1,0,unknown,no
59.0,management,divorced,tertiary,no,1304.0,no,no,unknown,18,jun,220.0,1,-1,0,unknown,no
50.0,admin.,single,secondary,no,3702.0,no,no,cellular,16,oct,109.0,5,-1,0,unknown,no
59.0,retired,married,secondary,no,163.0,no,no,cellular,24,jul,464.0,1,-1,0,unknown,no
27.0,services,single,secondary,no,-151.0,no,no,cellular,8,jul,283.0,2,-1,0,unknown,no
25.0,management,single,tertiary,no,1602.0,yes,no,cellular,26,may,154.0,1,-1,0,unknown,no
37.0,admin.,married,secondary,no,1314.0,yes,no,cellular,22,may,74.0,1,14,9,failure,no
36.0,technician,married,secondary,no,84.0,yes,no,unknown,20,may,67.0,1,-1,0,unknown,no
56.0,retired,married,,no,1906.0,no,yes,unknown,19,jun,45.0,9,-1,0,unknown,no
52.0,management,married,tertiary,no,291.0,no,no,cellular,21,aug,150.0,3,-1,0,unknown,no
36.0,services,divorced,secondary,no,223.0,yes,yes,cellular,11,may,80.0,1,-1,0,unknown,no
30.0,technician,married,secondary,no,207.0,yes,no,unknown,23,may,72.0,2,-1,0,unknown,no
31.0,management,single,tertiary,no,518.0,yes,no,cellular,18,may,399.0,1,-1,0,unknown,no
55.0,retired,married,secondary,no,241.0,yes,no,unknown,20,jun,14.0,6,-1,0,unknown,no
28.0,admin.,single,secondary,no,-126.0,no,yes,cellular,8,jul,360.0,4,-1,0,unknown,no
44.0,management,single,secondary,no,421.0,no,yes,cellular,5,aug,307.0,1,-1,0,unknown,no
28.0,blue-collar,single,secondary,no,38.0,yes,no,unknown,23,may,31.0,1,-1,0,unknown,no
25.0,technician,single,tertiary,no,800.0,yes,no,unknown,13,may,151.0,4,-1,0,unknown,no
39.0,admin.,divorced,secondary,no,32.0,no,yes,unknown,20,jun,8.0,10,-1,0,unknown,no
32.0,management,married,secondary,no,1477.0,yes,no,cellular,18,nov,111.0,1,-1,0,unknown,no
42.0,blue-collar,married,secondary,no,160.0,yes,yes,unknown,26,jun,190.0,1,-1,0,unknown,no
,blue-collar,single,secondary,no,,yes,no,unknown,2,jun,329.0,1,-1,0,unknown,no
38.0,technician,divorced,secondary,no,-397.0,yes,yes,cellular,21,jul,91.0,9,-1,0,unknown,no
30.0,admin.,married,secondary,no,590.0,no,no,cellular,11,aug,443.0,3,-1,0,unknown,no
50.0,technician,married,secondary,no,778.0,no,no,cellular,23,jul,16.0,1,-1,0,unknown,no
50.0,management,married,tertiary,no,19.0,no,yes,cellular,23,jul,205.0,1,-1,0,unknown,no
47.0,unemployed,married,secondary,yes,0.0,no,no,cellular,18,nov,81.0,2,-1,0,unknown,no
29.0,blue-collar,married,secondary,no,-28.0,yes,no,unknown,12,may,393.0,1,-1,0,unknown,no
34.0,entrepreneur,married,secondary,no,3119.0,yes,no,unknown,21,may,250.0,4,-1,0,unknown,no
54.0,management,married,tertiary,no,122.0,yes,no,cellular,22,jul,126.0,3,-1,0,unknown,no
43.0,admin.,married,secondary,no,0.0,no,no,unknown,20,jun,804.0,12,-1,0,unknown,no
47.0,blue-collar,married,primary,no,4157.0,no,no,unknown,11,jun,90.0,3,-1,0,unknown,no
55.0,retired,married,secondary,no,102.0,yes,no,unknown,7,may,74.0,1,-1,0,unknown,no
35.0,services,married,secondary,no,437.0,yes,no,unknown,26,may,240.0,1,-1,0,unknown,no
32.0,blue-collar,married,secondary,no,1.0,yes,no,cellular,18,nov,77.0,3,-1,0,unknown,no
49.0,blue-collar,married,primary,yes,-354.0,no,yes,cellular,7,jul,455.0,1,-1,0,unknown,no
39.0,management,single,tertiary,no,1234.0,no,no,telephone,29,jul,64.0,4,-1,0,unknown,no
32.0,technician,married,secondary,no,901.0,yes,no,unknown,21,may,102.0,3,-1,0,unknown,no
49.0,blue-collar,married,primary,no,247.0,no,yes,cellular,22,jul,283.0,1,-1,0,unknown,no
32.0,blue-collar,single,primary,no,180.0,yes,no,cellular,13,may,804.0,1,-1,0,unknown,no
47.0,management,married,tertiary,no,274.0,no,yes,cellular,4,feb,313.0,2,-1,0,unknown,no
42.0,blue-collar,single,primary,no,92.0,no,no,cellular,30,jul,86.0,2,-1,0,unknown,no
52.0,admin.,married,primary,no,813.0,no,yes,cellular,5,aug,113.0,2,-1,0,unknown,no
31.0,technician,single,secondary,no,1170.0,yes,no,unknown,2,jun,120.0,2,-1,0,unknown,no
52.0,blue-collar,divorced,primary,yes,-183.0,yes,no,unknown,6,may,145.0,1,-1,0,unknown,no
38.0,management,married,tertiary,no,0.0,no,no,cellular,28,aug,77.0,18,-1,0,unknown,no
53.0,blue-collar,married,secondary,no,136.0,yes,no,unknown,15,may,99.0,1,-1,0,unknown,no
40.0,technician,married,tertiary,no,103.0,yes,no,unknown,8,may,135.0,2,-1,0,unknown,no
31.0,admin.,married,secondary,no,23.0,no,no,cellular,28,aug,322.0,7,-1,0,unknown,no
53.0,technician,married,unknown,no,2242.0,no,no,cellular,10,jul,154.0,14,-1,0,unknown,no
46.0,blue-collar,married,secondary,no,137.0,no,no,unknown,20,jun,252.0,3,-1,0,unknown,no
49.0,admin.,married,secondary,no,1047.0,no,no,cellular,8,aug,133.0,4,-1,0,unknown,no
34.0,technician,single,secondary,no,5731.0,yes,no,cellular,21,jul,101.0,3,-1,0,unknown,no
63.0,entrepreneur,married,tertiary,no,2707.0,no,no,telephone,16,nov,57.0,4,-1,0,unknown,no
41.0,technician,married,secondary,no,-329.0,no,no,telephone,5,feb,13.0,8,238,9,other,no
55.0,blue-collar,married,primary,no,158.0,yes,no,unknown,15,may,176.0,18,-1,0,unknown,no
29.0,entrepreneur,single,tertiary,no,219.0,yes,no,cellular,18,may,76.0,2,356,1,failure,no
47.0,blue-collar,married,secondary,no,2775.0,no,no,unknown,14,may,262.0,1,-1,0,unknown,no
37.0,blue-collar,married,primary,no,461.0,yes,no,unknown,30,may,272.0,2,-1,0,unknown,no
38.0,technician,single,secondary,no,145.0,yes,no,unknown,27,may,109.0,2,-1,0,unknown,no
29.0,technician,single,secondary,no,309.0,yes,no,unknown,13,may,214.0,1,-1,0,unknown,no
41.0,management,married,primary,no,733.0,yes,no,cellular,7,may,69.0,1,335,7,failure,no
53.0,technician,married,secondary,no,8417.0,yes,no,unknown,14,may,435.0,1,-1,0,unknown,no
40.0,retired,single,secondary,no,1400.0,no,no,unknown,20,jun,20.0,7,-1,0,unknown,no
56.0,services,divorced,secondary,no,72.0,yes,yes,cellular,7,may,263.0,1,357,4,failure,no
34.0,management,single,tertiary,no,0.0,yes,no,unknown,21,may,759.0,1,-1,0,unknown,no
28.0,management,single,tertiary,no,9710.0,no,no,cellular,14,oct,786.0,2,-1,0,unknown,no
41.0,self-employed,married,unknown,no,1377.0,yes,no,cellular,15,may,111.0,4,371,2,other,no
32.0,unemployed,married,unknown,no,881.0,no,no,cellular,9,feb,79.0,5,-1,0,unknown,no
51.0,blue-collar,married,secondary,no,0.0,yes,no,unknown,5,may,173.0,2,-1,0,unknown,no
33.0,blue-collar,married,secondary,no,285.0,no,yes,unknown,3,jul,267.0,1,-1,0,unknown,no
34.0,blue-collar,single,secondary,no,550.0,yes,no,cellular,20,apr,90.0,3,346,1,failure,no
26.0,unemployed,married,secondary,no,285.0,yes,no,cellular,6,may,265.0,2,342,2,failure,no
31.0,technician,married,secondary,no,-360.0,yes,no,unknown,27,may,93.0,2,-1,0,unknown,no
39.0,entrepreneur,married,secondary,no,0.0,no,no,cellular,21,nov,108.0,7,-1,0,unknown,no
50.0,management,married,tertiary,yes,72.0,no,no,cellular,22,aug,171.0,13,-1,0,unknown,no
33.0,services,married,secondary,no,930.0,no,yes,cellular,24,jul,149.0,2,-1,0,unknown,no
44.0,technician,married,tertiary,no,717.0,no,no,cellular,3,jun,150.0,2,-1,0,unknown,no
38.0,blue-collar,married,secondary,no,67.0,no,no,cellular,28,jan,74.0,1,239,2,failure,no
33.0,blue-collar,married,secondary,no,6227.0,yes,no,unknown,23,may,76.0,2,-1,0,unknown,no
32.0,blue-collar,single,secondary,no,5252.0,yes,no,unknown,21,may,1162.0,2,-1,0,unknown,no
33.0,management,single,tertiary,no,561.0,no,no,cellular,7,apr,104.0,1,-1,0,unknown,no
55.0,technician,married,unknown,no,1393.0,yes,yes,telephone,21,nov,55.0,5,-1,0,unknown,no
27.0,blue-collar,married,secondary,no,-330.0,yes,yes,cellular,14,may,88.0,1,353,2,failure,no
,management,divorced,tertiary,no,3261.0,yes,no,unknown,9,jun,150.0,17,-1,0,unknown,no
21.0,services,single,secondary,no,361.0,no,no,telephone,5,jun,329.0,1,95,1,other,no
57.0,blue-collar,married,unknown,no,807.0,yes,no,unknown,6,may,211.0,2,-1,0,unknown,no
29.0,self-employed,married,tertiary,no,2305.0,no,no,cellular,27,may,82.0,2,-1,0,unknown,no
45.0,admin.,single,secondary,no,-11.0,yes,no,cellular,5,may,247.0,1,-1,0,unknown,no
46.0,management,single,tertiary,no,2223.0,no,no,unknown,12,jun,67.0,3,-1,0,unknown,no
47.0,admin.,married,secondary,no,29.0,no,yes,cellular,22,aug,150.0,8,-1,0,unknown,no
44.0,blue-collar,single,primary,no,1308.0,no,yes,unknown,19,jun,161.0,1,-1,0,unknown,no
43.0,self-employed,single,primary,no,1337.0,yes,yes,cellular,20,nov,632.0,2,-1,0,unknown,no
44.0,management,married,tertiary,no,17361.0,no,no,unknown,18,jun,476.0,1,-1,0,unknown,no
52.0,retired,married,primary,no,6.0,no,no,cellular,22,aug,82.0,2,-1,0,unknown,no
33.0,technician,divorced,secondary,no,370.0,yes,no,cellular,11,aug,145.0,4,-1,0,unknown,no
27.0,technician,married,tertiary,no,8.0,yes,yes,cellular,18,may,398.0,1,370,2,failure,no
43.0,management,divorced,tertiary,no,666.0,no,no,cellular,13,aug,160.0,3,-1,0,unknown,no
29.0,admin.,married,secondary,no,0.0,yes,no,unknown,9,may,121.0,1,-1,0,unknown,no
43.0,management,married,tertiary,no,1336.0,yes,yes,cellular,27,may,82.0,2,309,1,failure,no
34.0,blue-collar,married,tertiary,no,17672.0,no,no,cellular,20,nov,548.0,1,-1,0,unknown,no
30.0,management,single,tertiary,yes,35.0,no,no,cellular,30,jul,185.0,4,-1,0,unknown,no
56.0,management,married,tertiary,no,705.0,no,no,cellular,19,nov,164.0,2,-1,0,unknown,no
46.0,admin.,divorced,secondary,no,2087.0,no,no,cellular,1,jun,111.0,1,119,4,other,no
42.0,technician,married,secondary,no,4466.0,no,no,cellular,17,nov,158.0,2,-1,0,unknown,no
51.0,blue-collar,married,primary,no,844.0,yes,no,unknown,29,may,184.0,3,-1,0,unknown,no
30.0,,married,secondary,no,321.0,yes,no,cellular,20,nov,738.0,2,-1,0,unknown,no
41.0,management,married,,no,2781.0,yes,no,cellular,12,aug,95.0,2,-1,0,unknown,no
57.0,retired,married,tertiary,no,34.0,no,yes,cellular,28,jan,139.0,1,-1,0,unknown,no
36.0,blue-collar,married,secondary,no,29.0,yes,yes,cellular,31,jul,345.0,1,-1,0,unknown,no
47.0,blue-collar,single,unknown,no,2443.0,no,no,unknown,18,jun,422.0,1,-1,0,unknown,no
37.0,admin.,divorced,secondary,no,3975.0,yes,no,cellular,11,may,163.0,2,-1,0,unknown,no
33.0,technician,married,secondary,no,256.0,yes,no,cellular,18,nov,76.0,1,-1,0,unknown,no
49.0,management,divorced,tertiary,no,696.0,yes,no,unknown,2,jun,310.0,3,-1,0,unknown,no
34.0,management,married,tertiary,no,63.0,no,no,cellular,18,nov,83.0,1,102,2,failure,no
54.0,blue-collar,married,primary,no,316.0,yes,no,cellular,14,may,240.0,1,-1,0,unknown,no
39.0,blue-collar,married,primary,no,-119.0,no,no,unknown,17,jun,135.0,6,-1,0,unknown,no
58.0,retired,single,primary,no,6570.0,no,no,cellular,21,jul,106.0,3,-1,0,unknown,no
36.0,blue-collar,married,secondary,no,418.0,yes,yes,cellular,13,may,132.0,2,-1,0,unknown,no
46.0,management,married,tertiary,no,0.0,yes,no,cellular,14,jul,247.0,2,-1,0,unknown,no
31.0,admin.,married,secondary,no,8784.0,yes,no,unknown,21,may,63.0,2,-1,0,unknown,no
31.0,technician,single,secondary,no,1970.0,no,no,telephone,17,apr,284.0,3,-1,0,unknown,no
50.0,blue-collar,divorced,secondary,no,204.0,yes,yes,unknown,14,may,421.0,1,-1,0,unknown,no
40.0,management,married,secondary,no,643.0,yes,no,cellular,17,apr,74.0,2,256,1,failure,no
47.0,blue-collar,married,primary,no,304.0,yes,no,unknown,12,may,185.0,1,-1,0,unknown,no
26.0,management,single,,no,1177.0,no,no,cellular,19,oct,116.0,1,-1,0,unknown,no
29.0,technician,single,secondary,no,544.0,yes,no,unknown,13,may,360.0,1,-1,0,unknown,no
38.0,management,married,tertiary,no,-498.0,no,no,cellular,14,aug,85.0,6,-1,0,unknown,no
57.0,services,married,secondary,no,0.0,yes,no,cellular,14,may,16.0,9,282,3,other,no
47.0,blue-collar,married,primary,no,209.0,no,no,cellular,27,aug,77.0,6,-1,0,unknown,no
56.0,blue-collar,married,unknown,no,665.0,yes,no,unknown,20,jun,109.0,2,-1,0,unknown,no
37.0,entrepreneur,married,tertiary,no,310.0,no,no,cellular,1,sep,76.0,1,-1,0,unknown,no
66.0,management,married,unknown,no,2149.0,yes,no,cellular,30,nov,19242.0,6,103,4,other,no
49.0,unemployed,married,secondary,no,13818.0,no,no,cellular,21,nov,201.0,1,113,2,failure,no
31.0,unknown,married,tertiary,no,526.0,no,no,cellular,26,aug,130.0,13,-1,0,unknown,no
30.0,management,single,tertiary,no,-218.0,yes,no,cellular,27,aug,13.0,15,-1,0,unknown,no
42.0,blue-collar,divorced,primary,no,419.0,yes,yes,unknown,14,may,96.0,4,-1,0,unknown,no
55.0,technician,married,secondary,no,517.0,yes,yes,cellular,6,feb,47.0,3,263,4,failure,no
33.0,admin.,single,secondary,no,61.0,no,no,cellular,24,jul,286.0,4,-1,0,unknown,no
33.0,management,married,tertiary,no,0.0,yes,yes,cellular,14,may,83.0,2,-1,0,unknown,no
43.0,blue-collar,married,secondary,no,514.0,yes,yes,cellular,20,apr,34.0,2,-1,0,unknown,no
32.0,unemployed,married,secondary,no,365.0,yes,no,cellular,30,jan,210.0,3,-1,0,unknown,no
42.0,blue-collar,married,primary,no,480.0,yes,no,unknown,6,jun,288.0,12,-1,0,unknown,no
53.0,entrepreneur,single,unknown,no,717.0,no,no,cellular,30,jul,594.0,2,-1,0,unknown,no
42.0,management,married,tertiary,no,24780.0,no,no,cellular,6,aug,184.0,2,-1,0,unknown,no
37.0,admin.,married,secondary,no,1396.0,yes,no,cellular,22,jul,199.0,2,-1,0,unknown,no
31.0,services,married,secondary,no,414.0,yes,no,unknown,7,may,215.0,1,-1,0,unknown,no
57.0,admin.,divorced,secondary,no,3100.0,no,yes,cellular,29,jul,165.0,2,-1,0,unknown,no
33.0,admin.,married,secondary,no,0.0,no,yes,cellular,6,feb,214.0,5,-1,0,unknown,no
57.0,management,married,tertiary,yes,1218.0,yes,no,cellular,18,jul,317.0,6,-1,0,unknown,no
30.0,technician,divorced,secondary,no,789.0,yes,no,cellular,12,may,356.0,1,-1,0,unknown,no
31.0,management,married,tertiary,no,859.0,yes,yes,cellular,4,aug,182.0,3,-1,0,unknown,no
33.0,technician,married,secondary,no,0.0,no,no,cellular,25,aug,,8,-1,0,unknown,no
33.0,blue-collar,married,primary,no,3868.0,yes,no,unknown,2,jun,445.0,1,-1,0,unknown,no
53.0,management,married,tertiary,no,232.0,yes,no,telephone,29,jan,32.0,1,-1,0,unknown,no
38.0,blue-collar,divorced,secondary,no,1686.0,yes,no,unknown,19,jun,9.0,28,-1,0,unknown,no
60.0,blue-collar,married,primary,no,29184.0,no,no,telephone,15,jun,94.0,2,-1,0,unknown,no
36.0,technician,single,secondary,no,144.0,no,no,cellular,26,may,,1,308,2,failure,no
27.0,services,single,secondary,no,194.0,yes,no,unknown,16,may,326.0,1,-1,0,unknown,no
32.0,entrepreneur,single,tertiary,no,7641.0,yes,yes,cellular,21,nov,39.0,10,-1,0,unknown,no
45.0,blue-collar,married,primary,no,351.0,yes,no,unknown,19,jun,66.0,1,-1,0,unknown,no
28.0,management,single,tertiary,no,150.0,yes,no,unknown,8,may,491.0,1,-1,0,unknown,no
57.0,retired,married,primary,no,1532.0,no,no,telephone,6,feb,286.0,3,-1,0,unknown,no
37.0,self-employed,married,secondary,no,1549.0,yes,no,unknown,20,jun,161.0,7,-1,0,unknown,no
47.0,management,married,tertiary,no,1057.0,no,no,cellular,4,aug,488.0,2,-1,0,unknown,no
35.0,management,married,secondary,no,839.0,yes,no,unknown,23,may,50.0,3,-1,0,unknown,no
32.0,blue-collar,divorced,secondary,no,880.0,yes,yes,unknown,4,jun,112.0,1,-1,0,unknown,no
41.0,admin.,single,secondary,no,4464.0,yes,no,telephone,21,jul,1425.0,2,-1,0,unknown,no
35.0,technician,married,tertiary,no,6.0,yes,no,cellular,18,nov,47.0,1,-1,0,unknown,no
26.0,technician,single,secondary,no,0.0,no,yes,cellular,30,jul,65.0,26,-1,0,unknown,no
47.0,technician,divorced,tertiary,no,694.0,yes,no,cellular,11,may,1001.0,4,-1,0,unknown,no
36.0,,married,secondary,no,153.0,yes,no,cellular,8,may,263.0,1,171,2,failure,no
46.0,management,married,tertiary,no,110.0,yes,yes,cellular,20,aug,243.0,5,-1,0,unknown,no
30.0,management,single,tertiary,no,640.0,no,no,cellular,6,feb,124.0,4,213,2,failure,no
44.0,blue-collar,married,secondary,no,3060.0,yes,no,cellular,20,nov,113.0,1,189,2,failure,no
47.0,technician,divorced,secondary,no,2836.0,no,yes,cellular,14,aug,10.0,2,-1,0,unknown,no
49.0,blue-collar,married,secondary,no,1127.0,yes,yes,cellular,17,apr,162.0,2,281,1,failure,no
55.0,technician,married,tertiary,no,11.0,no,no,cellular,21,aug,588.0,2,-1,0,unknown,no
,blue-collar,married,unknown,no,982.0,yes,yes,cellular,7,may,135.0,2,-1,0,unknown,no
28.0,services,married,secondary,no,222.0,yes,no,unknown,29,may,101.0,23,-1,0,unknown,no
34.0,admin.,divorced,secondary,no,627.0,yes,no,unknown,7,may,283.0,2,-1,0,unknown,no
55.0,management,married,tertiary,no,5010.0,no,no,cellular,18,nov,530.0,1,-1,0,unknown,no
27.0,student,single,unknown,no,468.0,no,no,cellular,4,feb,270.0,2,-1,0,unknown,no
38.0,management,divorced,tertiary,no,155.0,yes,no,unknown,20,jun,25.0,26,-1,0,unknown,no
43.0,services,married,secondary,no,2478.0,yes,no,cellular,28,jan,347.0,1,230,1,failure,no
55.0,management,divorced,tertiary,no,668.0,no,no,cellular,28,aug,25.0,6,-1,0,unknown,no
30.0,blue-collar,married,primary,no,35.0,yes,no,cellular,11,jul,366.0,2,-1,0,unknown,no
48.0,blue-collar,married,primary,no,3304.0,no,no,unknown,11,jun,409.0,3,-1,0,unknown,no
30.0,blue-collar,married,secondary,no,0.0,yes,no,unknown,26,may,,1,-1,0,unknown,no
58.0,housemaid,married,primary,no,237.0,no,no,telephone,18,jul,200.0,3,-1,0,unknown,no
39.0,unknown,single,unknown,no,0.0,no,no,telephone,28,jan,28.0,1,-1,0,unknown,no
35.0,technician,single,secondary,no,-54.0,yes,no,unknown,30,may,70.0,2,-1,0,unknown,no
41.0,blue-collar,married,secondary,no,0.0,no,no,unknown,5,jun,85.0,2,-1,0,unknown,no
,technician,married,tertiary,no,240.0,yes,yes,cellular,14,jul,86.0,3,-1,0,unknown,no
48.0,technician,married,secondary,no,759.0,yes,no,cellular,28,jul,84.0,5,-1,0,unknown,no
76.0,retired,married,unknown,no,992.0,no,no,cellular,27,oct,139.0,2,-1,0,unknown,no
43.0,management,married,tertiary,no,1379.0,yes,no,unknown,27,may,383.0,3,-1,0,unknown,no
46.0,unknown,married,tertiary,no,8564.0,no,no,cellular,2,aug,397.0,2,342,1,failure,no
59.0,retired,married,unknown,no,0.0,no,no,cellular,25,aug,213.0,4,-1,0,unknown,no
29.0,management,single,tertiary,no,119.0,yes,no,unknown,28,may,136.0,2,-1,0,unknown,no
31.0,technician,married,secondary,no,450.0,no,yes,cellular,20,nov,111.0,2,129,4,failure,no
36.0,admin.,married,secondary,no,746.0,yes,no,cellular,17,nov,581.0,3,-1,0,unknown,no
,self-employed,single,primary,no,2032.0,no,no,cellular,30,jul,424.0,2,-1,0,unknown,no
37.0,management,married,tertiary,no,636.0,no,yes,unknown,5,jun,338.0,2,-1,0,unknown,no
48.0,technician,married,secondary,no,-938.0,yes,no,cellular,7,may,134.0,1,344,2,failure,no
31.0,management,single,tertiary,no,2007.0,yes,no,unknown,20,may,253.0,1,-1,0,unknown,no
39.0,blue-collar,divorced,secondary,no,33.0,no,no,cellular,29,jan,593.0,4,-1,0,unknown,no
39.0,management,single,unknown,no,2887.0,yes,no,unknown,7,may,42.0,2,-1,0,unknown,no
39.0,housemaid,married,secondary,no,1444.0,no,no,cellular,19,nov,100.0,1,117,8,success,no
55.0,management,married,tertiary,no,42.0,yes,no,telephone,11,may,386.0,2,-1,0,unknown,no
54.0,retired,married,secondary,no,522.0,no,yes,cellular,14,jul,81.0,3,-1,0,unknown,no
32.0,housemaid,married,secondary,no,0.0,no,no,cellular,21,aug,435.0,2,-1,0,unknown,no
37.0,blue-collar,married,secondary,no,3884.0,yes,no,cellular,20,apr,28.0,5,-1,0,unknown,no
36.0,services,married,secondary,no,472.0,yes,no,unknown,19,jun,1017.0,1,-1,0,unknown,no
60.0,retired,married,secondary,no,2060.0,no,no,cellular,26,mar,454.0,1,88,3,other,no
25.0,services,single,secondary,no,628.0,no,no,cellular,8,jul,266.0,1,-1,0,unknown,no
50.0,management,married,tertiary,no,398.0,no,no,telephone,30,jul,1567.0,5,-1,0,unknown,no
59.0,retired,married,secondary,no,417.0,yes,no,cellular,7,may,476.0,2,-1,0,unknown,no
58.0,unemployed,married,secondary,no,610.0,yes,no,telephone,29,jul,246.0,2,-1,0,unknown,no
49.0,technician,single,tertiary,no,2585.0,no,no,unknown,11,jun,64.0,1,-1,0,unknown,no
47.0,technician,married,secondary,no,321.0,yes,yes,unknown,4,jul,111.0,1,-1,0,unknown,no
38.0,services,married,primary,no,0.0,yes,no,cellular,17,nov,960.0,2,-1,0,unknown,no
32.0,management,single,tertiary,yes,4.0,no,no,cellular,29,jan,181.0,1,-1,0,unknown,no
40.0,blue-collar,single,unknown,no,29.0,no,no,telephone,7,jul,118.0,2,-1,0,unknown,no
50.0,technician,married,secondary,no,892.0,yes,yes,unknown,15,may,234.0,1,-1,0,unknown,no
35.0,management,single,tertiary,no,0.0,no,yes,cellular,14,aug,370.0,4,-1,0,unknown,no
47.0,admin.,married,secondary,no,1387.0,yes,no,cellular,14,oct,158.0,1,826,1,failure,no
27.0,admin.,single,secondary,no,454.0,no,yes,cellular,15,jul,331.0,2,-1,0,unknown,no
48.0,housemaid,single,secondary,no,71.0,no,no,cellular,28,aug,97.0,3,-1,0,unknown,no
40.0,blue-collar,married,primary,no,-35.0,yes,no,cellular,18,may,194.0,3,-1,0,unknown,no
35.0,self-employed,married,secondary,no,2251.0,no,no,cellular,19,aug,151.0,8,-1,0,unknown,no
39.0,housemaid,married,primary,no,2460.0,no,no,cellular,11,jul,194.0,3,-1,0,unknown,no
34.0,blue-collar,married,,no,34.0,no,no,cellular,30,jan,379.0,1,-1,0,unknown,no
36.0,admin.,single,secondary,no,1281.0,no,no,telephone,24,jul,119.0,2,-1,0,unknown,no
56.0,blue-collar,divorced,primary,no,3021.0,no,no,unknown,9,jun,419.0,2,-1,0,unknown,no
30.0,technician,married,tertiary,no,141.0,no,no,cellular,29,jan,166.0,2,-1,0,unknown,no
51.0,blue-collar,married,secondary,no,500.0,no,no,cellular,14,may,,1,-1,0,unknown,no
41.0,blue-collar,married,secondary,no,1459.0,no,no,unknown,5,jun,,1,-1,0,unknown,no
35.0,admin.,married,secondary,no,-244.0,yes,yes,cellular,6,may,118.0,1,-1,0,unknown,no
unknown,management,married,tertiary,no,1356.0,yes,no,cellular,9,nov,371.0,2,96,4,failure,no
25.0,blue-collar,single,primary,no,-289.0,yes,no,telephone,13,may,56.0,2,-1,0,unknown,no
34.0,management,single,tertiary,no,1396.0,yes,no,cellular,17,jul,630.0,1,-1,0,unknown,no
29.0,services,single,secondary,no,9.0,no,yes,cellular,8,jul,202.0,2,-1,0,unknown,no
33.0,services,married,secondary,no,70.0,yes,no,cellular,21,jul,333.0,3,-1,0,unknown,no
43.0,admin.,married,secondary,no,877.0,yes,no,cellular,2,feb,135.0,1,-1,0,unknown,no
47.0,blue-collar,married,primary,no,113.0,yes,no,unknown,13,may,276.0,1,-1,0,unknown,no
35.0,admin.,single,secondary,no,368.0,yes,no,unknown,16,may,218.0,3,-1,0,unknown,no
49.0,entrepreneur,married,secondary,no,89.0,yes,no,cellular,12,may,351.0,1,-1,0,unknown,no
41.0,services,married,primary,no,450.0,yes,no,unknown,14,may,374.0,2,-1,0,unknown,no
49.0,services,married,unknown,no,463.0,yes,no,telephone,15,jul,541.0,2,-1,0,unknown,no
44.0,blue-collar,married,secondary,no,1397.0,no,no,cellular,20,nov,326.0,1,-1,0,unknown,no
32.0,services,single,secondary,no,310.0,yes,no,unknown,6,may,144.0,1,-1,0,unknown,no
27.0,self-employed,single,tertiary,no,270.0,yes,no,unknown,27,may,470.0,2,-1,0,unknown,no
53.0,technician,married,secondary,no,65.0,no,no,cellular,25,nov,99.0,1,92,2,failure,no
55.0,admin.,married,secondary,no,865.0,yes,no,cellular,8,jul,105.0,1,82,2,failure,no
60.0,retired,married,secondary,no,7.0,no,yes,cellular,18,aug,87.0,5,-1,0,unknown,no
27.0,management,single,secondary,no,145.0,yes,no,cellular,5,may,121.0,4,89,3,failure,no
58.0,self-employed,married,tertiary,no,327.0,no,yes,cellular,14,jul,145.0,2,-1,0,unknown,no
42.0,blue-collar,married,secondary,no,429.0,yes,no,cellular,18,may,110.0,1,370,1,failure,no
31.0,services,married,secondary,no,1167.0,yes,yes,cellular,20,nov,279.0,1,-1,0,unknown,no
30.0,management,single,tertiary,no,2995.0,yes,no,cellular,18,nov,329.0,1,-1,0,unknown,no
32.0,management,single,tertiary,no,974.0,yes,no,unknown,3,jun,228.0,1,-1,0,unknown,no
56.0,self-employed,married,secondary,no,784.0,no,yes,cellular,30,jul,149.0,2,-1,0,unknown,no
57.0,retired,divorced,secondary,no,316.0,no,no,cellular,28,jan,935.0,2,-1,0,unknown,no
57.0,management,married,tertiary,no,0.0,yes,no,cellular,21,nov,67.0,1,-1,0,unknown,no
39.0,technician,married,secondary,no,211.0,no,no,telephone,6,feb,53.0,2,-1,0,unknown,no
37.0,blue-collar,married,secondary,no,342.0,yes,no,cellular,12,may,340.0,2,175,1,failure,no
32.0,management,married,tertiary,no,628.0,no,no,cellular,30,apr,280.0,1,-1,0,unknown,no
41.0,blue-collar,married,secondary,no,0.0,yes,no,cellular,1,apr,625.0,2,-1,0,unknown,no
49.0,unemployed,married,secondary,no,769.0,yes,no,unknown,14,may,257.0,1,-1,0,unknown,no
36.0,blue-collar,divorced,secondary,no,2278.0,yes,no,unknown,23,may,152.0,2,-1,0,unknown,no
58.0,retired,married,primary,no,1351.0,yes,no,telephone,17,apr,,3,-1,0,unknown,no
58.0,technician,married,unknown,no,49.0,yes,no,unknown,15,may,75.0,2,-1,0,unknown,no
33.0,services,married,secondary,no,1082.0,yes,yes,cellular,19,nov,351.0,1,-1,0,unknown,no
31.0,management,single,tertiary,no,5691.0,yes,no,cellular,21,jul,357.0,1,-1,0,unknown,no
46.0,blue-collar,divorced,primary,no,916.0,yes,no,cellular,11,may,472.0,2,-1,0,unknown,no
42.0,unemployed,divorced,secondary,no,325.0,yes,no,unknown,28,may,97.0,4,-1,0,unknown,no
46.0,admin.,married,secondary,no,0.0,yes,yes,cellular,20,apr,239.0,2,259,2,failure,no
47.0,management,married,,no,2475.0,yes,no,cellular,20,nov,1476.0,4,-1,0,unknown,no
42.0,self-employed,married,primary,no,3717.0,no,no,unknown,20,jun,235.0,1,-1,0,unknown,no
53.0,entrepreneur,married,secondary,no,288.0,no,no,,6,may,69.0,1,-1,0,unknown,no
31.0,admin.,married,secondary,no,1130.0,yes,no,cellular,23,jul,236.0,5,-1,0,unknown,no
39.0,blue-collar,married,primary,no,2715.0,yes,no,unknown,2,jun,201.0,3,-1,0,unknown,no
57.0,blue-collar,married,primary,no,23.0,yes,no,telephone,31,jul,25.0,8,-1,0,unknown,no
29.0,blue-collar,single,secondary,no,0.0,no,no,cellular,6,feb,437.0,2,-1,0,unknown,no
32.0,blue-collar,single,secondary,no,-84.0,yes,no,cellular,11,may,426.0,1,-1,0,unknown,no
,self-employed,married,secondary,no,290.0,yes,no,unknown,20,may,369.0,1,-1,0,unknown,no
34.0,self-employed,single,tertiary,no,36.0,no,no,telephone,28,jan,55.0,1,-1,0,unknown,no
35.0,admin.,married,secondary,no,-488.0,yes,no,unknown,2,jun,97.0,4,-1,0,unknown,no
55.0,blue-collar,married,secondary,no,-473.0,yes,no,unknown,26,may,233.0,1,-1,0,unknown,no
42.0,management,married,tertiary,no,1272.0,yes,no,cellular,5,may,117.0,1,169,1,failure,no
32.0,management,married,secondary,no,0.0,no,no,cellular,20,aug,162.0,4,-1,0,unknown,no
50.0,management,divorced,primary,no,-6.0,yes,no,unknown,19,may,92.0,2,-1,0,unknown,no
56.0,admin.,married,secondary,no,510.0,yes,no,cellular,10,jul,288.0,1,-1,0,unknown,no
36.0,technician,single,secondary,no,,yes,yes,cellular,19,aug,96.0,4,-1,0,unknown,no
49.0,management,married,secondary,no,543.0,yes,no,unknown,20,may,213.0,3,-1,0,unknown,no
48.0,management,married,tertiary,no,7867.0,yes,yes,unknown,30,may,306.0,3,-1,0,unknown,no
32.0,technician,single,tertiary,no,1212.0,yes,no,unknown,23,may,,2,-1,0,unknown,no
35.0,management,married,secondary,no,533.0,no,no,cellular,6,aug,221.0,12,-1,0,unknown,no
48.0,management,married,tertiary,no,291.0,yes,no,telephone,23,jul,350.0,2,-1,0,unknown,no
40.0,services,single,secondary,no,573.0,yes,no,cellular,14,may,329.0,1,-1,0,unknown,no
55.0,retired,married,secondary,no,1279.0,yes,no,cellular,13,may,446.0,3,357,8,other,no
50.0,blue-collar,married,primary,no,280.0,yes,no,unknown,18,jun,61.0,23,-1,0,unknown,no
55.0,technician,married,unknown,no,574.0,yes,no,cellular,29,jan,243.0,2,-1,0,unknown,no
26.0,blue-collar,single,secondary,no,658.0,no,yes,telephone,23,jul,34.0,4,-1,0,unknown,no
34.0,technician,married,secondary,no,2019.0,yes,yes,unknown,27,jun,102.0,1,-1,0,unknown,no
45.0,management,married,tertiary,no,22815.0,no,no,cellular,26,aug,653.0,8,-1,0,unknown,no
44.0,entrepreneur,married,secondary,no,887.0,yes,no,cellular,17,apr,519.0,1,14,2,failure,no
34.0,management,married,tertiary,no,303.0,yes,no,cellular,29,jan,50.0,1,195,2,failure,no
39.0,services,single,secondary,no,326.0,yes,no,unknown,27,may,115.0,1,-1,0,unknown,no
31.0,management,single,secondary,no,453.0,yes,no,unknown,9,may,384.0,2,-1,0,unknown,no
27.0,management,single,tertiary,yes,0.0,no,yes,cellular,8,jul,46.0,1,-1,0,unknown,no
41.0,management,married,tertiary,no,4063.0,yes,no,cellular,12,may,14.0,5,172,2,failure,no
45.0,technician,married,secondary,no,2403.0,no,no,cellular,21,nov,207.0,1,-1,0,unknown,no
28.0,services,single,secondary,no,123.0,yes,no,cellular,6,may,115.0,1,359,3,failure,no
39.0,unemployed,married,secondary,no,270.0,yes,no,unknown,3,jun,116.0,1,-1,0,unknown,no
31.0,technician,single,,no,424.0,no,no,cellular,29,jan,106.0,1,161,2,failure,no
31.0,management,married,tertiary,no,,yes,no,unknown,27,may,290.0,4,-1,0,unknown,no
31.0,admin.,single,secondary,no,387.0,yes,no,cellular,13,may,228.0,2,370,1,failure,no
35.0,technician,single,primary,no,744.0,yes,no,cellular,7,apr,1096.0,1,-1,0,unknown,no
32.0,technician,single,tertiary,no,696.0,no,yes,cellular,13,aug,101.0,4,105,4,failure,no
49.0,management,married,tertiary,no,4594.0,no,no,cellular,11,aug,157.0,3,-1,0,unknown,no
42.0,entrepreneur,married,secondary,no,1002.0,no,no,unknown,20,jun,109.0,3,-1,0,unknown,no
31.0,management,single,tertiary,no,-173.0,yes,no,unknown,6,may,396.0,2,-1,0,unknown,no
35.0,services,single,secondary,no,1239.0,yes,no,cellular,5,may,60.0,2,347,1,failure,no
31.0,technician,single,secondary,no,354.0,no,yes,cellular,22,aug,186.0,2,-1,0,unknown,no
45.0,admin.,single,secondary,no,375.0,no,yes,unknown,22,sep,10.0,1,594,6,failure,no
24.0,blue-collar,single,secondary,no,3.0,yes,no,cellular,15,may,311.0,1,-1,0,unknown,no
49.0,self-employed,divorced,secondary,no,6116.0,yes,no,cellular,21,nov,43.0,1,-1,0,unknown,no
36.0,self-employed,married,tertiary,no,4515.0,yes,no,unknown,17,jun,408.0,2,-1,0,unknown,no
28.0,blue-collar,single,tertiary,no,727.0,yes,no,unknown,6,jun,144.0,4,-1,0,unknown,no
54.0,retired,married,secondary,no,3846.0,yes,yes,unknown,19,jun,216.0,2,-1,0,unknown,no
27.0,blue-collar,single,primary,no,1128.0,yes,no,unknown,30,jun,88.0,4,-1,0,unknown,no
34.0,management,divorced,tertiary,no,1173.0,no,yes,cellular,18,jul,93.0,1,-1,0,unknown,no
40.0,management,single,tertiary,no,27.0,no,no,,27,aug,165.0,6,-1,0,unknown,no
32.0,admin.,single,tertiary,no,328.0,yes,yes,unknown,26,jun,271.0,1,-1,0,unknown,no
41.0,admin.,married,secondary,no,0.0,yes,no,cellular,17,nov,595.0,2,-1,0,unknown,no
38.0,services,single,primary,no,-87.0,yes,no,cellular,13,may,531.0,1,-1,0,unknown,no
35.0,admin.,single,secondary,no,2830.0,no,no,unknown,20,jun,22.0,12,-1,0,unknown,no
31.0,technician,married,secondary,no,4.0,no,no,unknown,20,may,199.0,4,-1,0,unknown,no
47.0,entrepreneur,married,secondary,no,0.0,no,no,unknown,19,jun,563.0,2,-1,0,unknown,no
41.0,admin.,married,secondary,no,80.0,no,no,cellular,19,nov,202.0,1,-1,0,unknown,no
29.0,admin.,single,secondary,no,2768.0,yes,no,unknown,2,jun,121.0,4,-1,0,unknown,no
33.0,management,married,tertiary,no,5.0,yes,no,unknown,7,aug,12.0,1,-1,0,unknown,no
89.0,retired,married,tertiary,no,553.0,no,no,telephone,19,aug,19918.0,5,-1,0,unknown,no
54.0,blue-collar,married,secondary,no,-102.0,yes,no,cellular,27,aug,164.0,7,-1,0,unknown,no
72.0,retired,married,primary,no,2079.0,no,no,cellular,13,aug,100.0,1,191,3,other,no
29.0,blue-collar,married,secondary,no,1.0,yes,no,unknown,6,may,215.0,1,-1,0,unknown,no
41.0,blue-collar,married,secondary,no,598.0,yes,no,cellular,12,may,69.0,3,364,11,failure,no
39.0,housemaid,married,primary,no,34.0,yes,no,cellular,14,jul,377.0,3,-1,0,unknown,no
41.0,services,divorced,secondary,no,-19.0,yes,no,unknown,19,may,201.0,1,-1,0,unknown,no
31.0,blue-collar,married,primary,no,,yes,yes,unknown,30,may,,18,-1,0,unknown,no
32.0,services,married,secondary,no,144.0,yes,no,unknown,19,may,260.0,11,-1,0,unknown,no
52.0,admin.,married,secondary,no,1113.0,no,yes,cellular,8,jul,83.0,1,-1,0,unknown,no
41.0,entrepreneur,married,tertiary,no,121.0,yes,no,cellular,5,may,456.0,1,287,1,failure,no
45.0,management,married,tertiary,no,904.0,yes,yes,unknown,20,jun,14.0,9,-1,0,unknown,no
29.0,admin.,single,secondary,no,-498.0,yes,no,cellular,2,feb,99.0,3,227,14,failure,no
32.0,admin.,married,tertiary,no,0.0,yes,no,unknown,5,may,138.0,1,-1,0,unknown,no
35.0,blue-collar,married,secondary,no,67.0,no,no,unknown,20,may,60.0,6,-1,0,unknown,no
54.0,technician,married,secondary,no,3967.0,no,yes,cellular,29,jul,missing,3,-1,0,unknown,no
41.0,self-employed,married,secondary,no,305.0,yes,no,cellular,13,may,174.0,2,-1,0,unknown,no
42.0,blue-collar,married,primary,no,260.0,yes,no,telephone,31,jul,175.0,2,-1,0,unknown,no
59.0,management,divorced,tertiary,no,258.0,yes,no,cellular,20,apr,33.0,1,173,1,success,no
58.0,,married,primary,no,0.0,no,no,cellular,4,aug,506.0,1,-1,0,unknown,no
32.0,services,single,secondary,no,72.0,no,no,cellular,28,jul,88.0,9,-1,0,unknown,no
56.0,technician,single,primary,no,145.0,yes,no,telephone,6,feb,124.0,2,9,2,other,no
50.0,management,divorced,tertiary,no,2564.0,yes,no,cellular,21,nov,124.0,4,113,8,failure,no
45.0,services,married,primary,no,7811.0,no,no,unknown,16,jun,143.0,2,-1,0,unknown,no
59.0,retired,married,secondary,no,5744.0,no,no,unknown,18,jun,632.0,1,-1,0,unknown,no
47.0,blue-collar,married,primary,no,673.0,yes,yes,unknown,6,jun,118.0,4,-1,0,unknown,no
54.0,management,single,secondary,no,602.0,no,no,cellular,30,jul,101.0,2,-1,0,unknown,no
40.0,services,married,secondary,no,9374.0,yes,no,cellular,21,nov,7.0,8,185,1,failure,no
37.0,management,married,tertiary,no,5016.0,no,no,cellular,8,aug,119.0,1,-1,0,unknown,no
29.0,blue-collar,married,secondary,no,508.0,yes,yes,unknown,19,jun,,5,-1,0,unknown,no
36.0,blue-collar,married,primary,no,156.0,yes,no,cellular,21,nov,219.0,2,-1,0,unknown,no
33.0,management,married,tertiary,no,0.0,yes,no,cellular,9,jul,310.0,1,-1,0,unknown,no
32.0,management,divorced,tertiary,no,12.0,no,no,cellular,17,jul,321.0,1,-1,0,unknown,no
53.0,technician,married,secondary,no,7984.0,yes,no,cellular,2,feb,151.0,1,-1,0,unknown,no
33.0,services,married,secondary,no,255.0,yes,yes,cellular,21,nov,588.0,2,184,2,failure,no
36.0,admin.,married,tertiary,no,211.0,yes,no,unknown,5,may,146.0,2,-1,0,unknown,no
43.0,unemployed,divorced,secondary,no,1854.0,no,no,cellular,13,nov,131.0,2,197,1,success,no
45.0,self-employed,married,tertiary,no,-497.0,yes,yes,cellular,15,may,217.0,1,176,1,failure,no
52.0,services,married,secondary,no,431.0,no,no,cellular,26,aug,73.0,17,-1,0,unknown,no
48.0,blue-collar,divorced,secondary,no,-314.0,yes,no,cellular,18,may,7.0,5,-1,0,unknown,no
40.0,management,married,tertiary,no,552.0,no,no,cellular,28,jul,761.0,8,-1,0,unknown,no
31.0,technician,married,secondary,no,465.0,yes,no,cellular,12,may,,3,-1,0,unknown,no
34.0,services,single,secondary,no,544.0,yes,no,unknown,27,may,257.0,2,-1,0,unknown,no
54.0,blue-collar,married,primary,no,-636.0,yes,no,unknown,30,may,324.0,3,-1,0,unknown,no
40.0,management,married,tertiary,no,7780.0,no,no,telephone,4,may,364.0,1,355,1,other,no
55.0,unemployed,single,primary,no,274.0,no,no,cellular,9,feb,,5,-1,0,unknown,no
33.0,management,married,tertiary,no,1148.0,no,no,cellular,19,nov,299.0,1,-1,0,unknown,no
50.0,management,married,tertiary,no,67.0,no,yes,unknown,20,jun,156.0,3,-1,0,unknown,no
59.0,retired,divorced,secondary,no,914.0,no,no,cellular,28,jan,192.0,1,-1,0,unknown,no
40.0,services,married,secondary,no,1293.0,yes,no,cellular,13,apr,128.0,3,-1,0,unknown,no
45.0,admin.,married,secondary,no,111.0,yes,no,cellular,11,aug,173.0,1,-1,0,unknown,no
32.0,management,married,tertiary,no,937.0,no,no,cellular,28,aug,90.0,1,94,2,failure,no
50.0,blue-collar,married,unknown,no,605.0,yes,no,unknown,15,may,200.0,1,-1,0,unknown,no
58.0,blue-collar,married,secondary,no,1457.0,yes,no,cellular,8,jul,144.0,4,-1,0,unknown,no
38.0,management,married,tertiary,no,1617.0,yes,no,cellular,16,apr,691.0,1,-1,0,unknown,no
,technician,married,secondary,no,29207.0,yes,no,telephone,21,nov,232.0,2,-1,0,unknown,no
31.0,blue-collar,married,secondary,no,812.0,yes,no,cellular,23,sep,245.0,1,-1,0,unknown,no
69.0,retired,married,primary,no,324.0,no,no,cellular,12,aug,875.0,1,189,4,success,no
26.0,admin.,single,secondary,no,1327.0,no,no,cellular,30,mar,171.0,4,-1,0,unknown,no
30.0,admin.,married,secondary,no,482.0,no,no,cellular,23,apr,86.0,1,-1,0,unknown,no
49.0,blue-collar,married,secondary,no,134.0,yes,yes,unknown,27,may,265.0,2,-1,0,unknown,no
36.0,blue-collar,married,primary,no,347.0,no,no,cellular,4,feb,167.0,2,-1,0,unknown,no
37.0,technician,married,secondary,no,1824.0,yes,no,cellular,3,jul,112.0,2,324,2,other,no
55.0,blue-collar,divorced,primary,no,410.0,no,yes,cellular,11,jul,221.0,2,-1,0,,no
36.0,management,single,tertiary,no,-38.0,yes,no,unknown,14,may,784.0,1,-1,0,unknown,no
31.0,self-employed,married,secondary,no,581.0,yes,no,cellular,13,oct,845.0,1,152,6,failure,no
30.0,technician,divorced,secondary,no,3100.0,yes,no,unknown,21,may,154.0,4,-1,0,unknown,no
36.0,services,married,secondary,no,0.0,yes,yes,cellular,15,jul,201.0,4,-1,0,unknown,no
50.0,self-employed,married,secondary,no,1138.0,no,no,cellular,14,aug,219.0,10,-1,0,unknown,no
53.0,unknown,married,unknown,no,0.0,no,no,cellular,25,aug,209.0,5,-1,0,unknown,no
39.0,services,married,secondary,no,304.0,yes,yes,unknown,9,may,323.0,1,-1,0,unknown,no
31.0,technician,married,tertiary,no,313.0,yes,no,cellular,27,aug,114.0,2,-1,0,unknown,no
49.0,blue-collar,married,primary,no,1898.0,no,no,cellular,21,aug,159.0,1,-1,0,unknown,no
35.0,services,married,secondary,no,142.0,yes,no,cellular,20,nov,315.0,2,196,4,failure,no
45.0,blue-collar,married,primary,no,4696.0,no,no,unknown,17,jun,99.0,1,-1,0,unknown,no
30.0,management,single,secondary,no,135.0,no,no,cellular,14,aug,112.0,2,-1,0,unknown,no
47.0,self-employed,married,primary,no,574.0,yes,no,cellular,20,nov,137.0,5,-1,0,unknown,no
37.0,blue-collar,married,primary,no,1322.0,yes,no,cellular,21,nov,14.0,8,185,1,other,no
35.0,technician,married,tertiary,no,703.0,no,no,cellular,20,apr,169.0,1,-1,0,unknown,no
,management,single,tertiary,no,0.0,no,no,cellular,7,aug,91.0,2,-1,0,unknown,no
35.0,unemployed,married,secondary,no,1.0,yes,no,cellular,28,jul,173.0,8,-1,0,unknown,no
60.0,retired,married,primary,no,55.0,no,no,cellular,4,jun,207.0,1,-1,0,unknown,no
58.0,technician,married,secondary,no,786.0,yes,no,unknown,7,may,165.0,3,-1,0,unknown,no
28.0,management,married,tertiary,no,22.0,yes,no,cellular,31,jul,59.0,3,-1,0,unknown,no
57.0,unemployed,married,secondary,no,890.0,no,no,cellular,5,feb,343.0,4,-1,0,unknown,no
35.0,management,married,tertiary,no,-100000.0,yes,no,cellular,17,apr,220.0,6,-1,0,unknown,no
54.0,admin.,married,tertiary,no,59.0,yes,no,cellular,10,jul,268.0,1,-1,0,unknown,no
31.0,management,single,tertiary,no,15.0,no,no,cellular,11,aug,119.0,2,-1,0,unknown,no
32.0,blue-collar,single,secondary,no,15341.0,no,no,unknown,21,may,738.0,3,-1,0,unknown,no
56.0,admin.,single,secondary,no,-273.0,no,no,cellular,8,jul,119.0,2,-1,0,unknown,no
35.0,self-employed,married,tertiary,yes,28.0,no,yes,cellular,8,jul,259.0,1,-1,0,unknown,no
33.0,blue-collar,married,secondary,no,58.0,no,no,unknown,16,may,144.0,2,-1,0,unknown,no
50.0,technician,married,secondary,no,103.0,yes,no,cellular,3,feb,109.0,4,267,6,failure,no
46.0,management,single,secondary,no,244.0,yes,no,unknown,15,may,244.0,1,-1,0,unknown,no
35.0,services,married,secondary,no,0.0,no,no,unknown,9,jun,115.0,4,-1,0,unknown,no
49.0,admin.,married,secondary,no,880.0,yes,yes,cellular,18,may,22.0,3,-1,0,unknown,no
56.0,management,divorced,tertiary,no,-141.0,no,no,cellular,28,jul,101.0,4,-1,0,unknown,no
33.0,blue-collar,single,primary,no,447.0,yes,no,unknown,9,may,180.0,2,-1,0,unknown,no
37.0,entrepreneur,married,primary,no,62.0,no,no,cellular,31,jul,404.0,2,-1,0,,no
30.0,blue-collar,single,secondary,no,148.0,no,no,cellular,2,apr,206.0,1,-1,0,unknown,no
34.0,admin.,single,secondary,no,,yes,no,cellular,28,jul,219.0,3,-1,0,unknown,no
29.0,blue-collar,single,secondary,no,9.0,yes,no,cellular,11,may,262.0,3,-1,0,unknown,no
32.0,management,married,tertiary,no,578.0,no,yes,cellular,22,jul,29.0,2,-1,0,unknown,no
29.0,blue-collar,married,primary,no,-382.0,yes,no,cellular,28,jul,35.0,2,-1,0,unknown,no
50.0,blue-collar,married,primary,no,888.0,no,yes,telephone,10,jul,160.0,3,-1,0,unknown,no
58.0,technician,single,secondary,no,382.0,no,no,cellular,13,aug,460.0,2,-1,0,unknown,no
30.0,management,married,tertiary,no,1390.0,no,no,cellular,20,aug,552.0,4,-1,0,unknown,no
52.0,entrepreneur,married,primary,no,-104.0,no,yes,cellular,10,jul,124.0,1,-1,0,unknown,no
39.0,management,married,tertiary,no,22.0,yes,no,unknown,2,jun,493.0,1,-1,0,unknown,no
43.0,technician,divorced,secondary,no,-36.0,yes,no,cellular,17,nov,190.0,1,104,1,failure,no
51.0,technician,married,secondary,no,130.0,no,no,cellular,22,aug,547.0,3,-1,0,unknown,no
38.0,admin.,single,secondary,no,77.0,no,no,cellular,20,nov,441.0,4,-1,0,unknown,no
30.0,self-employed,single,secondary,no,1031.0,no,no,unknown,20,oct,7.0,1,-1,0,unknown,no
52.0,management,divorced,primary,no,92.0,no,yes,cellular,16,jul,469.0,7,-1,0,unknown,no
40.0,technician,married,tertiary,no,1063.0,yes,yes,cellular,19,aug,264.0,2,-1,0,unknown,no
37.0,technician,married,secondary,no,0.0,yes,yes,cellular,15,jul,101.0,3,-1,0,unknown,no
30.0,blue-collar,married,secondary,no,-250000.0,yes,yes,unknown,23,may,148.0,2,-1,0,unknown,no
51.0,management,married,tertiary,no,1394.0,yes,no,cellular,5,aug,115.0,1,-1,0,unknown,no
27.0,technician,single,secondary,no,16.0,no,no,unknown,19,may,193.0,1,-1,0,unknown,no
35.0,blue-collar,married,secondary,no,975.0,yes,no,cellular,16,jul,102.0,1,-1,0,unknown,no
47.0,admin.,married,tertiary,no,12276.0,no,no,unknown,20,jun,77.0,5,-1,0,unknown,no
29.0,blue-collar,married,secondary,no,313.0,yes,no,cellular,20,apr,172.0,2,343,3,other,no
52.0,admin.,married,secondary,no,1648.0,yes,no,cellular,19,nov,172.0,3,-1,0,unknown,no
43.0,admin.,single,secondary,no,6.0,no,no,cellular,4,feb,58.0,1,264,1,failure,no
31.0,blue-collar,married,primary,no,1127.0,yes,no,telephone,13,may,43.0,1,349,1,failure,no
54.0,blue-collar,married,secondary,no,1070.0,no,no,cellular,18,nov,373.0,4,-1,0,unknown,no
59.0,housemaid,married,secondary,no,1040.0,no,no,cellular,5,aug,123.0,2,-1,0,unknown,no
51.0,blue-collar,married,secondary,no,50.0,yes,yes,unknown,6,may,121.0,1,-1,0,unknown,no
32.0,management,married,tertiary,no,62.0,yes,no,telephone,13,nov,45.0,1,-1,0,unknown,no
42.0,blue-collar,married,secondary,no,-755.0,yes,yes,unknown,2,jun,312.0,1,-1,0,unknown,no
46.0,blue-collar,married,secondary,no,4707.0,yes,no,unknown,23,may,93.0,8,-1,0,unknown,no
30.0,technician,single,secondary,no,925.0,no,no,cellular,20,nov,240.0,1,-1,0,unknown,no
42.0,management,divorced,primary,no,0.0,yes,no,cellular,19,nov,73.0,5,-1,0,unknown,no
39.0,blue-collar,married,primary,no,867.0,yes,no,unknown,7,may,481.0,1,-1,0,unknown,no
31.0,management,single,tertiary,no,-201.0,yes,no,cellular,22,aug,81.0,4,-1,0,unknown,no
35.0,blue-collar,married,secondary,no,120.0,yes,no,unknown,28,may,245.0,2,-1,0,unknown,no
34.0,admin.,married,secondary,no,61.0,no,yes,unknown,5,may,21.0,1,-1,0,unknown,no
42.0,technician,divorced,secondary,no,0.0,yes,no,unknown,28,may,471.0,2,-1,0,unknown,no
57.0,management,married,primary,no,687.0,yes,yes,telephone,21,jul,107.0,3,-1,0,unknown,no
38.0,management,single,tertiary,no,38.0,no,no,cellular,20,aug,105.0,2,-1,0,unknown,no
29.0,blue-collar,single,secondary,no,2806.0,no,no,cellular,15,oct,294.0,1,93,5,other,no
46.0,management,married,secondary,no,-27.0,yes,no,cellular,6,may,289.0,1,-1,0,unknown,no
48.0,management,married,tertiary,no,2498.0,no,no,cellular,14,aug,98.0,2,-1,0,unknown,no
33.0,technician,married,secondary,no,390.0,no,no,cellular,13,aug,460.0,2,-1,0,unknown,no
59.0,admin.,single,secondary,no,-423.0,yes,yes,cellular,20,apr,84.0,1,-1,0,unknown,no
23.0,technician,single,secondary,no,1587.0,yes,yes,cellular,14,may,502.0,2,-1,0,unknown,no
37.0,blue-collar,married,secondary,no,288.0,yes,no,cellular,5,may,159.0,6,-1,0,unknown,no
40.0,technician,single,secondary,no,822.0,yes,yes,cellular,29,jan,155.0,2,245,3,failure,no
44.0,blue-collar,divorced,secondary,no,-222.0,yes,no,unknown,27,may,112.0,3,-1,0,unknown,no
37.0,blue-collar,single,secondary,no,197.0,yes,no,unknown,16,may,251.0,3,-1,0,unknown,no
28.0,services,single,secondary,no,159.0,yes,no,telephone,12,may,345.0,2,-1,0,unknown,no
39.0,technician,single,secondary,no,681.0,yes,no,unknown,5,jun,170.0,1,-1,0,unknown,no
57.0,retired,divorced,primary,yes,0.0,no,yes,cellular,24,jul,125.0,2,-1,0,unknown,no
38.0,blue-collar,single,unknown,no,495.0,yes,no,unknown,8,may,297.0,1,-1,0,unknown,no
60.0,blue-collar,married,secondary,no,414.0,no,no,cellular,4,feb,147.0,1,-1,0,unknown,no
38.0,management,divorced,tertiary,no,151.0,yes,no,cellular,17,jul,50.0,1,-1,0,unknown,no
26.0,student,single,secondary,no,2572.0,yes,no,cellular,5,may,620.0,1,-1,0,unknown,no
32.0,blue-collar,married,secondary,no,320.0,yes,no,unknown,6,may,198.0,2,-1,0,unknown,no
35.0,management,single,tertiary,no,304.0,yes,no,cellular,19,nov,274.0,2,-1,0,unknown,no
30.0,management,single,secondary,no,1299.0,no,no,cellular,14,aug,515.0,2,-1,0,unknown,no
37.0,blue-collar,married,secondary,no,740.0,yes,no,cellular,7,may,434.0,3,342,2,failure,no
36.0,blue-collar,married,secondary,no,537.0,no,yes,cellular,7,jul,206.0,6,-1,0,unknown,no
34.0,admin.,single,secondary,no,1581.0,yes,yes,unknown,20,may,52.0,11,-1,0,unknown,no
28.0,blue-collar,married,secondary,no,708.0,yes,no,unknown,6,jun,339.0,5,-1,0,,no
37.0,blue-collar,married,primary,no,178.0,yes,yes,unknown,9,jun,72.0,1,-1,0,unknown,no
31.0,services,single,secondary,no,671.0,yes,no,unknown,7,may,193.0,3,-1,0,unknown,no
34.0,blue-collar,married,primary,no,3.0,yes,no,telephone,8,may,26.0,1,-1,0,unknown,no
28.0,technician,single,secondary,no,981.0,yes,no,cellular,24,jul,225.0,1,-1,0,unknown,no
38.0,technician,married,tertiary,no,1042.0,yes,no,cellular,4,feb,419.0,2,-1,0,unknown,no
80.0,retired,married,primary,no,1021.0,no,no,telephone,26,feb,37.0,1,-1,0,unknown,no
59.0,retired,married,secondary,no,1035.0,yes,yes,cellular,5,aug,223.0,1,-1,0,unknown,no
54.0,management,married,tertiary,no,1114.0,yes,no,cellular,21,nov,1195.0,2,175,1,other,no
29.0,blue-collar,single,tertiary,no,98.0,no,no,cellular,10,aug,170.0,2,-1,0,unknown,no
39.0,technician,married,secondary,no,24.0,yes,no,cellular,28,jan,79.0,4,-1,0,unknown,no
30.0,technician,single,secondary,no,486.0,no,no,cellular,28,jan,335.0,3,-1,0,unknown,no
41.0,services,divorced,secondary,no,727.0,yes,no,cellular,11,may,246.0,1,-1,0,unknown,no
48.0,technician,married,secondary,no,-205.0,yes,yes,cellular,9,jul,112.0,1,-1,0,unknown,no
26.0,blue-collar,married,secondary,no,895.0,yes,no,cellular,4,feb,820.0,3,-1,0,unknown,no
55.0,admin.,married,primary,no,319.0,no,no,cellular,21,nov,124.0,3,-1,0,unknown,no
36.0,admin.,single,secondary,no,206.0,yes,no,unknown,8,may,183.0,1,-1,0,unknown,no
31.0,services,married,secondary,no,-414.0,yes,no,cellular,6,may,1369.0,3,-1,0,unknown,no
35.0,blue-collar,married,primary,yes,-1489.0,yes,yes,unknown,29,may,177.0,1,-1,0,unknown,no
30.0,management,married,tertiary,no,0.0,no,no,cellular,7,aug,74.0,1,-1,0,unknown,no
26.0,blue-collar,single,secondary,no,249.0,yes,no,cellular,29,jan,235.0,3,262,5,failure,no
32.0,management,married,tertiary,no,927.0,no,no,cellular,8,oct,282.0,1,-1,0,unknown,no
43.0,blue-collar,divorced,primary,no,515.0,yes,no,cellular,18,nov,182.0,1,-1,0,unknown,no
48.0,admin.,married,secondary,no,1060.0,yes,no,cellular,20,apr,87.0,2,318,3,failure,no
49.0,technician,married,secondary,no,308.0,no,no,cellular,27,jul,266.0,5,-1,0,unknown,no
34.0,blue-collar,married,secondary,no,808.0,yes,yes,cellular,17,jul,20.0,3,-1,0,unknown,no
27.0,blue-collar,single,primary,no,431.0,yes,no,unknown,15,may,286.0,2,-1,0,unknown,no
31.0,admin.,single,secondary,no,396.0,yes,no,unknown,19,may,104.0,1,-1,0,unknown,no
35.0,technician,single,secondary,no,-89.0,yes,no,cellular,15,may,75.0,1,368,1,failure,no
40.0,admin.,married,secondary,no,-253.0,yes,no,cellular,9,jul,177.0,1,-1,0,unknown,no
39.0,services,married,secondary,no,0.0,yes,no,unknown,20,may,793.0,2,-1,0,unknown,no
19.0,student,single,unknown,no,60.0,no,no,cellular,14,aug,253.0,1,-1,0,unknown,no
40.0,services,married,secondary,no,695.0,yes,no,cellular,11,may,270.0,1,348,10,failure,no
25.0,admin.,single,tertiary,no,1141.0,yes,no,cellular,5,may,718.0,1,347,1,failure,no
38.0,technician,divorced,tertiary,no,791.0,yes,no,unknown,26,may,89.0,2,-1,0,unknown,no
62.0,blue-collar,married,primary,no,1381.0,no,no,cellular,19,oct,1020.0,1,-1,0,unknown,no
27.0,services,married,secondary,no,0.0,yes,no,cellular,23,jul,198.0,13,-1,0,unknown,no
40.0,technician,married,secondary,no,-28.0,yes,yes,unknown,30,may,289.0,2,-1,0,unknown,no
56.0,management,married,tertiary,no,412.0,no,no,telephone,20,nov,179.0,6,-1,0,unknown,no
33.0,management,married,tertiary,no,310.0,no,no,cellular,29,aug,179.0,2,-1,0,unknown,no
52.0,blue-collar,married,secondary,no,1319.0,no,no,telephone,30,apr,37.0,2,-1,0,unknown,no
33.0,blue-collar,married,secondary,no,0.0,yes,yes,cellular,28,jul,83.0,12,-1,0,unknown,no
38.0,services,married,secondary,no,-314.0,yes,no,unknown,28,may,66.0,2,-1,0,unknown,no
27.0,services,married,secondary,no,511.0,yes,no,unknown,30,jun,85.0,5,-1,0,unknown,no
54.0,retired,married,secondary,no,-152.0,yes,yes,unknown,26,may,14.0,11,-1,0,unknown,no
35.0,admin.,married,secondary,no,907.0,no,yes,unknown,2,jul,97.0,4,-1,0,unknown,no
41.0,blue-collar,single,primary,no,22.0,yes,no,unknown,14,may,152.0,1,-1,0,unknown,no
137.0,blue-collar,single,secondary,no,0.0,no,yes,cellular,31,jul,11.0,21,-1,0,unknown,no
55.0,management,divorced,tertiary,no,8044.0,yes,no,cellular,11,may,175.0,5,333,19,other,no
56.0,admin.,single,secondary,no,1854.0,yes,no,telephone,7,may,45.0,1,342,2,failure,no
33.0,blue-collar,single,secondary,no,1794.0,yes,no,cellular,12,may,360.0,1,173,1,other,no
42.0,technician,married,secondary,no,2.0,no,no,unknown,29,may,249.0,2,-1,0,unknown,no
34.0,student,single,,no,2321.0,no,no,cellular,9,nov,600.0,2,99,5,failure,no
35.0,technician,single,secondary,no,144.0,no,no,cellular,22,jul,163.0,2,-1,0,unknown,no
46.0,technician,divorced,secondary,no,1.0,yes,yes,unknown,26,may,200.0,3,-1,0,unknown,no
31.0,self-employed,single,secondary,no,762.0,no,no,cellular,11,aug,312.0,3,-1,0,unknown,no
48.0,self-employed,married,tertiary,no,16.0,yes,yes,cellular,18,nov,214.0,1,-1,0,unknown,no
38.0,technician,married,secondary,no,20.0,no,no,cellular,2,feb,147.0,1,-1,0,unknown,no
47.0,services,married,secondary,no,2070.0,yes,yes,unknown,26,may,136.0,1,-1,0,unknown,no
48.0,management,married,tertiary,no,308.0,yes,no,cellular,14,jul,125.0,5,-1,0,unknown,no
57.0,technician,married,,no,1617.0,yes,no,unknown,7,may,96.0,2,-1,0,unknown,no
30.0,admin.,married,secondary,no,39.0,yes,no,cellular,28,jul,101.0,3,-1,0,unknown,no
39.0,blue-collar,married,primary,no,332.0,yes,no,unknown,8,may,277.0,3,-1,0,unknown,no
31.0,management,single,tertiary,no,713.0,no,no,cellular,28,aug,162.0,1,-1,0,unknown,no
44.0,blue-collar,married,secondary,no,2885.0,yes,no,unknown,30,may,63.0,3,-1,0,unknown,no
38.0,services,married,secondary,no,968.0,yes,no,cellular,6,apr,272.0,1,-1,0,unknown,no
58.0,unknown,married,tertiary,no,4150.0,no,no,unknown,6,jun,363.0,1,-1,0,unknown,no
42.0,management,married,tertiary,no,687.0,no,no,cellular,11,aug,667.0,2,-1,0,unknown,no
33.0,management,married,secondary,no,333.0,no,no,cellular,28,aug,80.0,6,-1,0,unknown,no
55.0,retired,married,primary,no,1821.0,no,no,cellular,8,aug,224.0,2,-1,0,unknown,no
34.0,blue-collar,married,secondary,no,-436.0,yes,no,unknown,26,may,317.0,1,-1,0,unknown,no
30.0,unknown,single,unknown,no,6929.0,no,no,cellular,19,nov,341.0,1,-1,0,unknown,no
35.0,technician,single,secondary,no,126.0,no,no,cellular,22,aug,112.0,2,-1,0,unknown,no
35.0,technician,married,secondary,no,2019.0,yes,yes,cellular,18,nov,83.0,2,144,1,failure,no
56.0,retired,married,secondary,no,878.0,no,no,unknown,20,jun,123.0,3,-1,0,unknown,no
27.0,management,single,tertiary,no,6791.0,no,no,telephone,22,mar,174.0,2,229,28,success,no
39.0,self-employed,divorced,secondary,no,0.0,yes,no,unknown,23,may,210.0,2,-1,0,unknown,no
36.0,admin.,married,secondary,no,110.0,yes,no,telephone,4,feb,185.0,1,-1,0,unknown,no
35.0,self-employed,married,secondary,no,28.0,no,yes,unknown,2,jul,159.0,3,-1,0,unknown,no
34.0,housemaid,single,primary,no,443.0,no,no,cellular,30,jan,10.0,1,2,1,other,no
28.0,unemployed,single,primary,no,236.0,no,no,cellular,6,feb,460.0,3,-1,0,unknown,no
37.0,technician,married,secondary,no,2707.0,yes,no,telephone,16,jul,109.0,1,-1,0,unknown,no
57.0,technician,married,secondary,no,1753.0,yes,no,cellular,7,may,539.0,1,-1,0,unknown,no
34.0,services,married,secondary,no,1182.0,yes,no,unknown,28,may,124.0,1,-1,0,unknown,no
38.0,management,single,tertiary,no,427.0,yes,no,cellular,18,nov,253.0,1,182,1,failure,no
48.0,technician,married,primary,no,788.0,no,no,telephone,9,jul,36.0,2,-1,0,unknown,no
35.0,admin.,married,secondary,no,0.0,no,no,cellular,7,jul,78.0,11,-1,0,unknown,no
40.0,blue-collar,married,primary,yes,-509.0,yes,no,unknown,23,may,298.0,1,-1,0,unknown,no
48.0,services,divorced,primary,no,-110.0,no,yes,unknown,19,jun,164.0,2,-1,0,unknown,no
54.0,blue-collar,married,primary,no,244.0,yes,no,cellular,29,jul,337.0,2,-1,0,unknown,no
49.0,services,divorced,secondary,no,933.0,no,yes,cellular,29,jul,92.0,33,-1,0,unknown,no
38.0,technician,married,tertiary,no,940.0,no,no,cellular,12,aug,191.0,7,-1,0,unknown,no
44.0,entrepreneur,married,tertiary,no,1631.0,yes,no,cellular,17,nov,81.0,1,195,2,failure,no
44.0,unemployed,married,secondary,yes,-505.0,yes,no,unknown,3,jun,113.0,11,-1,0,unknown,no
60.0,admin.,married,secondary,no,7336.0,no,no,cellular,31,mar,494.0,1,-1,0,unknown,no
55.0,services,single,secondary,no,-40.0,yes,no,unknown,12,may,178.0,2,-1,0,unknown,no
27.0,student,single,primary,yes,25.0,no,no,unknown,28,aug,8.0,1,-1,0,unknown,no
33.0,management,single,secondary,no,0.0,no,no,unknown,20,may,190.0,2,-1,0,unknown,no
32.0,technician,married,secondary,no,5.0,yes,no,cellular,17,nov,114.0,1,-1,0,unknown,no
51.0,blue-collar,married,secondary,no,-92.0,yes,no,,4,jun,28.0,4,-1,0,unknown,no
44.0,admin.,married,secondary,no,497.0,yes,no,cellular,3,feb,321.0,3,270,2,other,no
49.0,blue-collar,married,primary,no,2356.0,no,yes,telephone,14,jul,236.0,2,-1,0,unknown,no
42.0,blue-collar,married,secondary,no,3.0,yes,no,cellular,12,may,118.0,1,-1,0,unknown,no
35.0,services,married,secondary,no,128.0,yes,no,cellular,12,may,136.0,1,-1,0,unknown,no
32.0,admin.,married,tertiary,no,390.0,yes,yes,cellular,5,may,100.0,1,243,1,other,no
39.0,technician,single,secondary,no,300.0,no,no,cellular,10,sep,315.0,6,394,1,failure,no
54.0,technician,married,secondary,no,827.0,no,yes,unknown,20,jun,294.0,2,-1,0,unknown,no
35.0,technician,married,tertiary,no,25.0,no,no,cellular,27,aug,219.0,2,-1,0,unknown,no
41.0,technician,single,primary,no,340.0,yes,no,cellular,13,may,262.0,1,349,1,failure,no
35.0,management,married,tertiary,no,867.0,yes,no,cellular,20,nov,298.0,2,171,3,success,no
41.0,blue-collar,married,secondary,no,140.0,yes,no,cellular,29,jan,636.0,2,-1,0,unknown,no
36.0,technician,married,secondary,no,3.0,no,no,cellular,20,aug,100.0,4,-1,0,unknown,no
51.0,self-employed,married,secondary,no,4920.0,no,no,telephone,2,jun,392.0,2,-1,0,unknown,no
59.0,unknown,single,secondary,no,3237.0,no,no,unknown,6,jun,100.0,3,-1,0,unknown,no
44.0,blue-collar,married,primary,no,0.0,yes,yes,cellular,21,nov,32.0,2,116,3,other,no
49.0,admin.,married,secondary,no,1096.0,yes,no,cellular,17,apr,609.0,1,303,5,failure,no
37.0,admin.,single,tertiary,no,869.0,no,no,cellular,30,jul,60.0,8,-1,0,unknown,no
60.0,technician,divorced,tertiary,no,1900.0,yes,no,unknown,29,may,77.0,3,-1,0,unknown,no
40.0,management,married,tertiary,no,413.0,yes,no,unknown,14,may,150.0,1,-1,0,unknown,no
27.0,blue-collar,married,primary,yes,-588.0,no,no,unknown,13,may,531.0,2,-1,0,unknown,no
34.0,housemaid,married,secondary,yes,0.0,no,no,cellular,21,aug,398.0,2,-1,0,unknown,no
41.0,technician,married,secondary,no,2490.0,yes,no,unknown,21,may,115.0,2,-1,0,unknown,no
39.0,services,married,secondary,no,20928.0,no,no,cellular,14,may,1166.0,1,352,1,other,no
34.0,admin.,married,secondary,no,560.0,yes,no,unknown,5,may,198.0,3,-1,0,unknown,no
38.0,blue-collar,divorced,secondary,no,0.0,yes,no,cellular,11,may,580.0,1,173,1,failure,no
56.0,blue-collar,married,primary,no,826.0,yes,no,cellular,21,jul,853.0,1,-1,0,unknown,no
42.0,services,married,secondary,no,115.0,yes,yes,cellular,17,apr,161.0,1,149,2,failure,no
47.0,student,single,unknown,no,107.0,no,no,telephone,15,jul,119.0,8,-1,0,unknown,no
32.0,blue-collar,married,secondary,no,320.0,yes,yes,cellular,3,feb,22.0,4,-1,0,unknown,no
37.0,blue-collar,married,secondary,yes,-399.0,yes,yes,unknown,3,jun,21.0,3,-1,0,unknown,no
25.0,student,single,secondary,no,703.0,no,no,cellular,5,may,1100.0,3,-1,0,unknown,no
29.0,technician,divorced,secondary,no,328.0,yes,yes,cellular,4,feb,25.0,1,-1,0,unknown,no
48.0,management,divorced,tertiary,no,148.0,no,no,cellular,12,aug,152.0,2,-1,0,unknown,no
39.0,self-employed,single,tertiary,no,2298.0,yes,yes,cellular,20,apr,13.0,2,319,18,other,no
31.0,blue-collar,married,secondary,no,64.0,yes,no,cellular,18,jul,302.0,3,-1,0,unknown,no
28.0,management,single,tertiary,no,4013.0,yes,no,unknown,4,jun,386.0,1,-1,0,unknown,no
32.0,management,married,tertiary,no,0.0,no,no,unknown,9,may,280.0,1,-1,0,unknown,no
35.0,technician,married,tertiary,no,633.0,yes,yes,cellular,2,feb,76.0,3,5,3,other,no
51.0,admin.,married,unknown,no,-1137.0,yes,yes,telephone,11,may,567.0,3,325,1,failure,no
32.0,blue-collar,married,primary,no,902.0,yes,no,unknown,27,may,106.0,2,-1,0,unknown,no
30.0,blue-collar,married,secondary,no,2850.0,no,no,unknown,8,may,181.0,2,-1,0,unknown,no
54.0,management,married,tertiary,no,313.0,yes,no,unknown,5,may,83.0,2,-1,0,unknown,no
41.0,blue-collar,married,secondary,no,923.0,yes,no,unknown,14,may,249.0,2,-1,0,unknown,no
35.0,admin.,single,primary,no,8.0,yes,no,unknown,16,may,148.0,18,-1,0,unknown,no
44.0,technician,married,secondary,no,945.0,yes,no,cellular,4,aug,190.0,1,-1,0,unknown,no
58.0,management,married,tertiary,no,2261.0,yes,no,cellular,3,jun,1361.0,1,391,1,failure,no
43.0,blue-collar,married,primary,no,18.0,yes,no,cellular,14,may,131.0,2,370,3,other,no
52.0,blue-collar,married,secondary,no,5828.0,yes,no,telephone,13,may,276.0,2,-1,0,unknown,no
60.0,retired,married,primary,no,6307.0,yes,no,unknown,11,jun,362.0,1,-1,0,unknown,no
32.0,management,single,tertiary,no,537.0,no,no,unknown,29,may,187.0,3,-1,0,unknown,no
41.0,blue-collar,married,secondary,no,393.0,yes,yes,cellular,10,jul,122.0,1,-1,0,unknown,no
54.0,blue-collar,divorced,primary,no,215.0,yes,no,unknown,4,jun,71.0,5,-1,0,unknown,no
30.0,blue-collar,single,secondary,no,132.0,yes,no,unknown,16,may,329.0,1,-1,0,unknown,no
36.0,technician,single,secondary,no,35.0,no,no,cellular,29,aug,493.0,2,-1,0,unknown,no
27.0,admin.,single,secondary,no,125.0,no,no,cellular,21,jul,104.0,1,288,8,failure,no
32.0,technician,single,secondary,no,129.0,yes,no,cellular,7,may,213.0,1,-1,0,unknown,no
34.0,management,married,tertiary,no,0.0,no,no,cellular,6,aug,139.0,2,-1,0,unknown,no
43.0,admin.,married,secondary,no,315.0,no,no,cellular,23,jul,129.0,2,-1,0,unknown,no
43.0,services,married,primary,no,2567.0,yes,no,cellular,14,may,109.0,1,360,2,failure,no
31.0,management,divorced,tertiary,no,883.0,yes,no,cellular,19,nov,168.0,1,-1,0,unknown,no
37.0,technician,married,secondary,no,1120.0,yes,no,unknown,30,may,103.0,5,-1,0,,no
51.0,technician,divorced,secondary,no,0.0,yes,no,unknown,28,may,463.0,2,-1,0,unknown,no
52.0,blue-collar,married,secondary,no,1117.0,yes,no,cellular,13,may,365.0,1,-1,0,unknown,no
57.0,blue-collar,married,secondary,no,773.0,yes,yes,unknown,18,jun,97.0,8,-1,0,unknown,no
32.0,technician,single,tertiary,no,390.0,yes,no,unknown,23,may,85.0,1,-1,0,unknown,no
47.0,admin.,married,secondary,no,1358.0,yes,no,cellular,14,may,80.0,4,-1,0,unknown,no
31.0,management,married,tertiary,no,216.0,no,no,cellular,22,jul,47.0,1,-1,0,unknown,no
27.0,blue-collar,single,secondary,no,317.0,yes,no,unknown,20,may,16.0,10,-1,0,unknown,no
31.0,blue-collar,single,primary,no,2369.0,yes,no,cellular,18,may,87.0,1,-1,0,unknown,no
36.0,admin.,divorced,tertiary,no,125.0,yes,no,unknown,26,may,172.0,1,-1,0,unknown,no
44.0,blue-collar,married,primary,no,6.0,no,no,cellular,10,jul,338.0,9,-1,0,unknown,no
34.0,blue-collar,married,primary,no,15841.0,yes,no,cellular,20,apr,423.0,5,-1,0,unknown,no
32.0,housemaid,married,primary,no,51.0,yes,no,cellular,12,may,324.0,1,-1,0,unknown,no
52.0,management,married,secondary,no,0.0,yes,yes,unknown,27,may,62.0,13,-1,0,unknown,no
60.0,retired,divorced,primary,no,-79.0,yes,yes,cellular,29,jan,192.0,1,-1,0,unknown,no
30.0,services,single,secondary,no,1881.0,no,yes,unknown,26,jun,29.0,1,-1,0,unknown,no
48.0,blue-collar,married,primary,no,456.0,yes,yes,unknown,19,may,289.0,1,-1,0,unknown,no
39.0,management,married,primary,no,1873.0,no,no,unknown,9,jun,161.0,2,-1,0,unknown,no
59.0,management,divorced,tertiary,no,0.0,yes,no,cellular,31,jul,52.0,8,-1,0,unknown,no
42.0,admin.,married,secondary,no,445.0,yes,no,unknown,7,may,202.0,2,-1,0,unknown,no
77.0,retired,married,secondary,no,2123.0,no,no,telephone,4,feb,141.0,4,-1,0,unknown,no
29.0,technician,married,secondary,no,767.0,yes,no,cellular,5,feb,253.0,1,-1,0,unknown,no
49.0,technician,divorced,secondary,no,229.0,no,no,cellular,8,aug,219.0,2,-1,0,unknown,no
57.0,retired,married,secondary,no,3783.0,yes,no,unknown,6,jun,198.0,3,-1,0,unknown,no
37.0,blue-collar,married,secondary,no,140.0,yes,yes,cellular,7,may,490.0,1,-1,0,unknown,no
35.0,technician,married,secondary,no,6.0,yes,no,cellular,11,may,204.0,2,348,2,failure,no
63.0,retired,divorced,secondary,no,859.0,no,no,cellular,13,feb,92.0,1,-1,0,unknown,no
37.0,technician,married,secondary,no,261.0,no,no,cellular,29,aug,301.0,4,-1,0,unknown,no
37.0,services,married,secondary,no,50.0,yes,no,unknown,8,may,352.0,3,-1,0,unknown,no
52.0,admin.,married,secondary,no,-462.0,yes,no,cellular,9,feb,172.0,5,-1,0,unknown,no
60.0,retired,married,secondary,no,0.0,no,no,cellular,5,aug,143.0,3,-1,0,unknown,no
36.0,technician,married,secondary,no,283.0,yes,yes,unknown,27,jun,56.0,2,-1,0,unknown,no
48.0,self-employed,married,secondary,no,91.0,no,no,cellular,21,aug,136.0,8,-1,0,unknown,no
47.0,entrepreneur,married,tertiary,no,0.0,no,no,telephone,18,nov,103.0,2,-1,0,unknown,no
56.0,management,divorced,tertiary,no,442.0,no,no,unknown,28,may,77.0,3,-1,0,unknown,no
45.0,blue-collar,married,secondary,no,0.0,no,no,cellular,30,jul,,2,-1,0,unknown,no
53.0,housemaid,married,secondary,no,1182.0,yes,no,cellular,7,sep,82.0,1,293,1,failure,no
56.0,blue-collar,married,secondary,no,316.0,yes,no,unknown,19,may,27.0,1,-1,0,unknown,no
59.0,technician,married,secondary,no,316.0,no,no,cellular,14,aug,200.0,4,-1,0,unknown,no
34.0,management,married,tertiary,no,402.0,no,no,cellular,26,may,147.0,1,-1,0,,no
45.0,unemployed,single,primary,no,8725.0,no,no,cellular,8,jul,286.0,2,-1,0,unknown,no
32.0,technician,married,unknown,no,102.0,yes,no,unknown,21,may,12.0,11,-1,0,unknown,no
60.0,self-employed,married,secondary,no,0.0,no,no,unknown,6,jun,97.0,1,-1,0,unknown,no
54.0,blue-collar,divorced,secondary,no,615.0,no,yes,cellular,20,nov,230.0,1,-1,0,unknown,no
41.0,services,married,secondary,no,0.0,yes,no,unknown,5,may,114.0,2,-1,0,unknown,no
44.0,blue-collar,married,secondary,no,3060.0,yes,no,cellular,20,apr,87.0,2,151,3,failure,no
40.0,technician,married,secondary,no,990.0,yes,no,cellular,6,feb,252.0,3,-1,0,unknown,no
40.0,services,divorced,primary,no,1937.0,yes,no,unknown,2,jun,86.0,1,-1,0,unknown,no
29.0,technician,married,secondary,no,428.0,no,no,cellular,14,jul,131.0,4,-1,0,unknown,no
28.0,technician,married,secondary,no,655.0,yes,no,unknown,9,may,179.0,2,-1,0,unknown,no
35.0,management,married,tertiary,no,16.0,no,no,cellular,19,nov,185.0,1,-1,0,unknown,no
33.0,management,married,tertiary,no,2044.0,yes,no,cellular,15,may,102.0,3,177,1,failure,no
33.0,management,single,tertiary,no,20.0,no,no,,21,aug,329.0,2,-1,0,unknown,no
50.0,retired,married,primary,no,29.0,no,no,unknown,20,jun,135.0,5,-1,0,unknown,no
56.0,management,married,primary,no,-155.0,yes,no,cellular,17,nov,282.0,1,-1,0,unknown,no
37.0,management,single,tertiary,no,340.0,no,no,cellular,11,aug,90.0,4,-1,0,unknown,no
53.0,technician,married,secondary,no,1776.0,no,no,unknown,18,jun,443.0,7,-1,0,unknown,no
27.0,blue-collar,single,secondary,no,23.0,no,no,cellular,26,feb,590.0,2,-1,0,unknown,no
46.0,technician,married,secondary,no,863.0,yes,no,cellular,3,feb,67.0,3,-1,0,unknown,no
36.0,blue-collar,divorced,secondary,no,7051.0,no,yes,cellular,15,jul,106.0,13,-1,0,unknown,no
37.0,admin.,married,secondary,no,1049.0,no,no,cellular,31,jul,126.0,5,-1,0,unknown,no
28.0,admin.,married,tertiary,no,174.0,yes,yes,cellular,11,feb,56.0,1,184,2,failure,no
40.0,blue-collar,married,primary,no,137.0,no,yes,cellular,10,jul,214.0,1,-1,0,,no
48.0,blue-collar,married,primary,no,783.0,no,yes,cellular,6,aug,90.0,2,-1,0,unknown,no
46.0,services,married,primary,no,116.0,yes,no,cellular,18,may,267.0,4,341,3,failure,no
39.0,technician,married,primary,no,2118.0,yes,no,cellular,17,apr,266.0,2,-1,0,unknown,no
37.0,management,single,tertiary,no,10269.0,yes,no,cellular,18,may,28.0,2,-1,0,unknown,no
26.0,admin.,single,secondary,no,141.0,yes,no,cellular,18,may,19.0,4,349,6,other,no
35.0,blue-collar,divorced,primary,no,13.0,no,yes,cellular,9,jul,364.0,1,-1,0,unknown,no
37.0,management,single,,no,0.0,no,no,cellular,7,jul,643.0,3,-1,0,unknown,no
32.0,entrepreneur,married,secondary,no,1996.0,yes,no,cellular,18,nov,271.0,1,-1,0,unknown,no
31.0,admin.,single,secondary,no,1129.0,yes,no,cellular,18,may,145.0,123,-1,0,unknown,no
36.0,housemaid,single,tertiary,no,561.0,no,no,unknown,6,jun,274.0,2,-1,0,unknown,no
36.0,management,married,tertiary,no,539.0,no,no,cellular,11,aug,176.0,1,-1,0,unknown,no
38.0,services,married,secondary,no,-349.0,yes,no,cellular,20,apr,111.0,2,328,5,failure,no
45.0,admin.,married,secondary,no,6971.0,no,no,cellular,22,may,119.0,1,-1,0,unknown,no
58.0,housemaid,married,tertiary,no,497.0,no,no,unknown,11,jun,138.0,5,-1,0,unknown,no
34.0,management,married,tertiary,no,362.0,yes,no,unknown,30,may,38.0,3,-1,0,unknown,no
51.0,blue-collar,married,primary,no,4497.0,yes,no,unknown,15,may,276.0,3,-1,0,unknown,no
38.0,technician,single,tertiary,no,2496.0,no,no,unknown,17,jun,193.0,1,-1,0,unknown,no
73.0,retired,married,secondary,no,2850.0,no,no,cellular,8,oct,512.0,1,144,7,failure,no
57.0,technician,married,primary,no,0.0,no,no,unknown,5,jun,58.0,8,-1,0,unknown,no
,management,married,tertiary,no,1199.0,no,no,telephone,3,feb,221.0,2,-1,0,unknown,no
34.0,technician,divorced,tertiary,no,66.0,no,yes,cellular,5,feb,102.0,1,170,2,failure,no
48.0,admin.,married,unknown,no,3756.0,no,no,cellular,14,aug,65.0,10,-1,0,unknown,no
39.0,blue-collar,single,secondary,no,1170.0,no,no,unknown,6,jun,383.0,1,-1,0,unknown,no
35.0,technician,married,tertiary,no,944.0,no,no,cellular,8,aug,351.0,2,-1,0,unknown,no
58.0,management,divorced,tertiary,no,50.0,yes,no,unknown,3,jun,109.0,4,-1,0,unknown,no
36.0,management,single,tertiary,no,171.0,no,no,unknown,17,jun,398.0,4,-1,0,unknown,no
43.0,services,married,secondary,no,122.0,yes,no,cellular,5,may,355.0,2,-1,0,unknown,no
34.0,blue-collar,divorced,secondary,no,1780.0,yes,no,unknown,2,jun,187.0,9,-1,0,unknown,no
52.0,technician,married,secondary,no,136.0,no,no,cellular,28,aug,88.0,5,-1,0,unknown,no
36.0,unknown,married,secondary,no,179.0,no,no,cellular,8,aug,14.0,8,-1,0,unknown,no
32.0,blue-collar,single,secondary,no,232.0,no,no,unknown,13,dec,232.0,1,-1,0,unknown,no
23.0,student,single,tertiary,no,82.0,no,no,cellular,4,may,289.0,4,-1,0,unknown,no
57.0,blue-collar,married,primary,no,630.0,yes,no,unknown,29,may,52.0,1,-1,0,unknown,no
43.0,blue-collar,married,primary,yes,1202.0,no,no,unknown,30,may,295.0,1,-1,0,unknown,no
33.0,admin.,single,tertiary,no,867.0,yes,no,cellular,14,apr,247.0,1,-1,0,unknown,no
45.0,management,divorced,tertiary,no,6200.0,no,no,cellular,29,jul,103.0,2,-1,0,unknown,no
31.0,admin.,single,secondary,no,-422.0,yes,no,cellular,18,may,64.0,2,329,15,other,no
41.0,self-employed,single,unknown,no,426.0,yes,no,unknown,19,jun,75.0,1,-1,0,unknown,no
47.0,management,divorced,tertiary,no,107.0,no,no,unknown,15,may,246.0,1,-1,0,unknown,no
39.0,services,divorced,secondary,yes,-96.0,yes,yes,telephone,12,may,38.0,6,-1,0,unknown,no
47.0,blue-collar,married,secondary,no,581.0,yes,no,cellular,26,aug,79.0,6,-1,0,unknown,no
57.0,technician,married,secondary,no,402.0,yes,no,unknown,6,may,153.0,3,-1,0,unknown,no
52.0,blue-collar,married,secondary,no,555.0,yes,no,cellular,12,may,314.0,2,-1,0,unknown,no
45.0,admin.,married,secondary,no,67.0,no,no,cellular,5,feb,326.0,2,-1,0,unknown,no
42.0,management,married,tertiary,no,72.0,yes,no,cellular,20,apr,124.0,2,348,3,failure,no
32.0,self-employed,married,secondary,no,1942.0,yes,no,unknown,30,may,84.0,9,-1,0,unknown,no
31.0,technician,single,secondary,no,373.0,no,no,cellular,22,aug,346.0,5,-1,0,unknown,no
25.0,blue-collar,single,secondary,no,84.0,yes,no,cellular,18,may,6.0,2,-1,0,unknown,no
30.0,technician,married,secondary,no,394.0,no,no,cellular,22,aug,216.0,13,-1,0,unknown,no
33.0,blue-collar,married,primary,no,925.0,no,no,cellular,20,nov,884.0,3,-1,0,unknown,no
29.0,blue-collar,married,secondary,no,0.0,yes,no,cellular,11,may,116.0,6,-1,0,unknown,no
55.0,retired,married,secondary,no,6690.0,no,no,cellular,30,apr,534.0,1,-1,0,unknown,no
51.0,admin.,married,secondary,no,4178.0,yes,no,unknown,30,may,556.0,1,-1,0,unknown,no
68.0,retired,married,secondary,no,20723.0,yes,no,cellular,28,apr,318.0,2,-1,0,unknown,no
29.0,services,single,secondary,no,887.0,no,no,cellular,4,feb,343.0,1,-1,0,,no
35.0,self-employed,married,secondary,no,598.0,yes,no,cellular,20,apr,245.0,1,-1,0,unknown,no
38.0,technician,married,secondary,no,1.0,yes,no,cellular,21,nov,57.0,5,199,1,success,no
39.0,management,divorced,secondary,no,4314.0,yes,no,cellular,20,nov,141.0,4,-1,0,unknown,no
47.0,technician,married,tertiary,no,2155.0,no,no,unknown,20,jun,178.0,3,-1,0,unknown,no
22.0,management,single,tertiary,no,760.0,no,no,telephone,7,dec,6.0,1,-1,0,unknown,no
44.0,admin.,married,secondary,no,1248.0,yes,yes,cellular,8,may,428.0,3,-1,0,unknown,no
38.0,technician,single,tertiary,no,5122.0,yes,no,cellular,20,nov,370.0,1,184,1,failure,no
56.0,services,divorced,secondary,no,191.0,no,no,cellular,23,jul,335.0,3,-1,0,unknown,no
56.0,management,married,secondary,no,230.0,no,no,unknown,9,may,73.0,4,-1,0,unknown,no
54.0,management,divorced,tertiary,no,7010.0,no,no,cellular,11,mar,275.0,2,-1,0,unknown,no
39.0,services,married,secondary,no,1970.0,yes,no,unknown,8,jun,30.0,1,404,2,success,no
36.0,blue-collar,married,secondary,no,3935.0,yes,yes,unknown,27,may,220.0,6,-1,0,unknown,no
42.0,admin.,married,secondary,no,437.0,yes,no,cellular,11,aug,120.0,3,190,1,failure,no
51.0,technician,divorced,secondary,no,2323.0,yes,yes,cellular,18,aug,151.0,10,-1,0,unknown,no
32.0,management,married,tertiary,no,2213.0,no,no,cellular,29,jan,125.0,2,154,7,failure,no
31.0,management,married,tertiary,no,84.0,no,yes,unknown,1,jul,143.0,1,-1,0,unknown,no
23.0,technician,single,secondary,no,4545.0,no,no,cellular,3,jun,200.0,1,-1,0,unknown,no
21.0,student,single,unknown,no,200.0,no,no,unknown,1,jun,8.0,1,-1,0,unknown,no
45.0,admin.,single,secondary,no,206.0,yes,no,unknown,5,may,193.0,1,-1,0,unknown,no
51.0,technician,married,secondary,no,2937.0,no,no,telephone,21,nov,30.0,3,-1,0,unknown,no
36.0,unemployed,single,tertiary,no,221.0,no,no,cellular,3,feb,225.0,4,-1,0,unknown,no
56.0,blue-collar,married,secondary,no,1521.0,yes,yes,cellular,21,nov,19.0,2,179,3,other,no
41.0,technician,married,secondary,no,102.0,yes,yes,unknown,14,may,387.0,9,-1,0,unknown,no
57.0,retired,married,secondary,no,519.0,yes,no,unknown,3,jun,393.0,3,-1,0,unknown,no
55.0,blue-collar,married,secondary,no,660.0,no,no,unknown,5,jun,348.0,1,-1,0,unknown,no
34.0,management,divorced,tertiary,no,500.0,yes,no,unknown,29,may,399.0,1,-1,0,unknown,no
32.0,admin.,married,secondary,no,1661.0,yes,no,cellular,5,feb,76.0,1,209,2,failure,no
41.0,blue-collar,single,unknown,no,961.0,yes,no,unknown,29,may,117.0,1,-1,0,unknown,no
32.0,admin.,divorced,secondary,no,-273.0,yes,no,cellular,5,may,64.0,1,-1,0,unknown,no
53.0,management,married,tertiary,no,7067.0,no,no,unknown,6,jun,82.0,3,-1,0,unknown,no
43.0,blue-collar,married,unknown,no,285.0,yes,no,cellular,15,may,22.0,6,-1,0,unknown,no
27.0,services,married,secondary,no,221.0,no,yes,cellular,7,jul,554.0,1,-1,0,unknown,no
48.0,technician,single,secondary,no,479.0,no,no,unknown,20,may,148.0,5,-1,0,unknown,no
,services,single,tertiary,no,1595.0,yes,no,unknown,26,may,296.0,1,-1,0,unknown,no
41.0,management,married,tertiary,no,65.0,yes,no,unknown,6,may,524.0,2,-1,0,unknown,no
33.0,admin.,married,tertiary,no,640.0,no,no,cellular,24,jul,318.0,1,-1,0,unknown,no
25.0,management,single,tertiary,no,490.0,no,no,cellular,7,sep,394.0,1,-1,0,unknown,no
38.0,management,married,tertiary,no,1440.0,no,no,cellular,11,aug,111.0,2,-1,0,unknown,no
43.0,self-employed,married,secondary,no,918.0,yes,no,unknown,6,may,193.0,1,-1,0,unknown,no
56.0,management,single,tertiary,no,6507.0,yes,yes,cellular,29,jan,134.0,1,196,1,failure,no
28.0,services,married,secondary,no,4.0,yes,no,unknown,27,jun,133.0,5,-1,0,unknown,no
52.0,self-employed,married,tertiary,no,2289.0,yes,yes,cellular,21,nov,81.0,1,-1,0,unknown,no
32.0,management,single,tertiary,no,131.0,no,no,unknown,3,jun,267.0,3,-1,0,unknown,no
33.0,services,single,secondary,no,1852.0,no,no,telephone,25,feb,371.0,1,204,3,other,no
31.0,technician,single,tertiary,no,-749.0,yes,yes,cellular,29,jul,82.0,4,-1,0,unknown,no
54.0,technician,married,secondary,no,719.0,yes,no,cellular,2,feb,242.0,1,264,1,failure,no
36.0,technician,married,secondary,no,4613.0,no,no,cellular,2,apr,320.0,1,134,2,failure,no
40.0,admin.,single,secondary,no,664.0,no,no,cellular,19,nov,188.0,2,121,2,success,no
32.0,admin.,single,tertiary,no,291.0,no,no,telephone,28,jan,223.0,6,275,5,other,no
27.0,student,single,tertiary,no,24.0,yes,no,cellular,2,feb,344.0,2,-1,0,unknown,no
42.0,technician,single,secondary,no,823.0,yes,no,cellular,28,jan,137.0,1,-1,0,,no
30.0,management,married,tertiary,no,1235.0,yes,no,cellular,28,jul,104.0,3,-1,0,unknown,no
43.0,technician,single,secondary,no,1195.0,yes,no,unknown,15,may,516.0,9,-1,0,unknown,no
44.0,management,married,unknown,no,21.0,no,no,cellular,24,aug,323.0,2,-1,0,unknown,no
46.0,technician,married,secondary,no,363.0,yes,no,cellular,6,aug,209.0,3,-1,0,unknown,no
36.0,blue-collar,single,secondary,no,0.0,no,no,unknown,19,jun,238.0,1,-1,0,unknown,no
44.0,blue-collar,single,primary,no,0.0,yes,no,cellular,24,jul,184.0,1,-1,0,unknown,no
30.0,management,single,tertiary,no,136.0,yes,no,unknown,23,may,152.0,1,-1,0,unknown,no
34.0,admin.,single,secondary,no,846.0,yes,no,cellular,17,apr,758.0,2,-1,0,unknown,no
20.0,student,single,primary,no,0.0,no,no,cellular,1,feb,143.0,5,91,8,failure,no
31.0,services,married,secondary,no,505.0,no,no,cellular,11,jul,773.0,3,-1,0,unknown,no
34.0,blue-collar,married,primary,no,3986.0,yes,no,cellular,17,apr,345.0,2,-1,0,unknown,no
27.0,technician,single,tertiary,no,11862.0,no,no,telephone,25,may,281.0,5,101,1,success,no
47.0,management,married,primary,yes,145.0,no,yes,unknown,1,jul,163.0,1,-1,0,unknown,no
56.0,management,divorced,tertiary,no,2037.0,no,no,cellular,6,may,160.0,1,91,5,success,no
45.0,technician,divorced,secondary,no,441.0,yes,no,cellular,2,feb,535.0,1,-1,0,unknown,no
35.0,blue-collar,married,primary,no,105.0,yes,no,unknown,8,may,369.0,2,-1,0,unknown,no
32.0,technician,married,secondary,no,465.0,yes,no,cellular,12,may,210.0,2,-1,0,unknown,no
44.0,entrepreneur,married,secondary,no,320.0,yes,yes,cellular,5,feb,269.0,3,234,2,other,no
38.0,services,married,secondary,no,-762.0,yes,yes,unknown,30,may,408.0,2,-1,0,unknown,no
32.0,management,single,tertiary,no,316.0,yes,no,cellular,29,jan,215.0,3,-1,0,unknown,no
58.0,admin.,married,unknown,no,903.0,no,no,cellular,28,jan,56.0,1,-1,0,unknown,no
35.0,management,single,tertiary,no,123.0,yes,no,unknown,9,may,83.0,3,-1,0,unknown,no
40.0,blue-collar,married,secondary,no,273.0,yes,no,unknown,19,jun,1082.0,1,-1,0,unknown,no
36.0,technician,married,secondary,no,1345.0,yes,no,unknown,30,may,231.0,3,-1,0,unknown,no
52.0,blue-collar,married,secondary,no,1027.0,no,no,cellular,23,jul,59.0,1,-1,0,unknown,no
35.0,technician,single,secondary,no,1855.0,yes,no,unknown,7,may,138.0,1,-1,0,unknown,no
38.0,services,single,secondary,no,1315.0,no,no,unknown,20,jun,23.0,12,-1,0,unknown,no
43.0,admin.,married,secondary,no,59.0,yes,no,cellular,15,jul,60.0,3,-1,0,unknown,no
43.0,admin.,married,secondary,no,2682.0,no,no,cellular,30,jul,103.0,8,-1,0,unknown,no
35.0,management,married,tertiary,no,2682.0,yes,no,cellular,9,jul,156.0,1,-1,0,unknown,no
40.0,services,married,secondary,no,3164.0,yes,no,cellular,3,apr,329.0,2,-1,0,unknown,no
49.0,technician,divorced,secondary,no,342.0,no,yes,cellular,19,nov,58.0,3,-1,0,unknown,no
35.0,services,single,secondary,no,1742.0,yes,no,cellular,31,jul,39.0,2,-1,0,unknown,no
42.0,technician,divorced,secondary,no,-106.0,yes,no,unknown,29,may,95.0,1,-1,0,unknown,no
29.0,unemployed,single,unknown,no,67.0,no,no,cellular,28,jan,330.0,2,-1,0,unknown,no
26.0,technician,single,secondary,no,430.0,no,no,cellular,5,feb,450.0,2,-1,0,unknown,no
44.0,blue-collar,single,primary,no,-234.0,yes,yes,cellular,15,may,71.0,3,347,1,failure,no
29.0,management,single,tertiary,no,0.0,yes,no,cellular,13,may,155.0,1,351,1,failure,no
36.0,blue-collar,married,secondary,no,-206.0,yes,no,unknown,8,may,177.0,2,-1,0,unknown,no
30.0,technician,single,secondary,no,656.0,no,yes,unknown,4,jul,523.0,1,-1,0,unknown,no
52.0,retired,married,secondary,no,603.0,no,yes,unknown,9,jun,79.0,1,-1,0,unknown,no
55.0,admin.,married,secondary,no,1102.0,yes,no,unknown,15,may,126.0,2,-1,0,unknown,no
30.0,services,single,secondary,no,117.0,no,no,cellular,28,jan,135.0,1,-1,0,unknown,no
29.0,technician,single,secondary,no,-13.0,yes,no,cellular,14,may,512.0,3,-1,0,unknown,no
27.0,admin.,single,tertiary,no,1993.0,yes,no,cellular,5,may,102.0,5,-1,0,unknown,no
58.0,retired,divorced,unknown,no,5920.0,yes,no,cellular,21,nov,96.0,1,121,1,failure,no
33.0,services,married,secondary,no,881.0,yes,no,unknown,21,may,67.0,5,-1,0,unknown,no
48.0,admin.,married,secondary,no,0.0,yes,no,cellular,17,jul,109.0,4,-1,0,unknown,no
39.0,housemaid,married,secondary,no,953.0,no,no,cellular,30,jan,23.0,6,232,3,other,no
55.0,,married,primary,no,781.0,yes,no,cellular,3,feb,112.0,3,270,2,failure,no
40.0,blue-collar,single,primary,no,1530.0,yes,no,cellular,20,apr,8.0,3,315,1,failure,no
33.0,management,single,tertiary,no,2667.0,yes,no,cellular,18,may,57.0,1,180,3,failure,no
56.0,admin.,married,secondary,no,5310.0,no,no,unknown,19,jun,74.0,1,-1,0,unknown,no
42.0,blue-collar,married,secondary,no,1468.0,yes,no,unknown,28,may,136.0,1,-1,0,unknown,no
43.0,unknown,married,primary,no,0.0,yes,no,cellular,9,jul,132.0,1,-1,0,unknown,no
41.0,management,married,tertiary,no,144.0,no,no,cellular,27,feb,123.0,3,-1,0,unknown,no
58.0,admin.,single,secondary,no,247.0,no,yes,unknown,20,jun,66.0,6,-1,0,unknown,no
29.0,blue-collar,married,primary,no,258.0,yes,no,unknown,26,may,130.0,1,-1,0,unknown,no
38.0,management,married,tertiary,no,595.0,yes,no,cellular,18,nov,70.0,1,-1,0,unknown,no
49.0,blue-collar,divorced,secondary,yes,259.0,no,no,unknown,16,may,283.0,2,-1,0,unknown,no
55.0,self-employed,married,secondary,no,2408.0,no,no,telephone,9,apr,327.0,2,140,1,failure,no
53.0,management,married,tertiary,no,1356.0,yes,no,cellular,5,aug,397.0,2,93,2,failure,no
56.0,admin.,married,secondary,no,292.0,yes,no,unknown,28,may,228.0,9,-1,0,,no
31.0,management,single,tertiary,no,2384.0,yes,no,cellular,14,apr,608.0,2,-1,0,,no
29.0,technician,single,secondary,no,307.0,yes,no,cellular,3,feb,216.0,1,-1,0,unknown,no
48.0,admin.,married,secondary,no,292.0,yes,yes,cellular,29,jul,164.0,6,-1,0,unknown,no
43.0,blue-collar,married,primary,no,3131.0,yes,no,unknown,3,jun,441.0,3,-1,0,unknown,no
29.0,technician,married,secondary,no,0.0,no,no,unknown,12,may,33.0,2,-1,0,unknown,no
39.0,management,single,tertiary,no,2258.0,yes,no,cellular,31,jul,255.0,2,-1,0,unknown,no
53.0,management,married,tertiary,no,1348.0,no,yes,cellular,17,jul,120.0,3,-1,0,unknown,no
48.0,blue-collar,married,secondary,no,741.0,yes,no,cellular,16,apr,227.0,1,-1,0,unknown,no
34.0,management,married,tertiary,no,0.0,no,no,cellular,22,apr,176.0,1,-1,0,unknown,no
52.0,management,single,tertiary,no,741.0,no,no,cellular,7,aug,63.0,2,-1,0,unknown,no
30.0,admin.,married,secondary,no,521.0,yes,no,cellular,19,nov,648.0,1,-1,0,unknown,no
45.0,entrepreneur,married,primary,no,5315.0,yes,yes,cellular,15,may,262.0,2,-1,0,unknown,no
54.0,management,married,secondary,no,1660.0,no,no,cellular,20,nov,337.0,3,-1,0,unknown,no
44.0,self-employed,married,unknown,no,163.0,yes,no,cellular,12,aug,44.0,1,100,3,success,no
35.0,entrepreneur,married,secondary,no,1163.0,yes,no,unknown,20,may,284.0,1,-1,0,unknown,no
34.0,technician,single,tertiary,no,122.0,no,no,unknown,27,may,73.0,5,-1,0,unknown,no
22.0,student,single,unknown,no,1.0,no,no,telephone,15,jun,263.0,4,-1,0,unknown,no
,retired,married,primary,no,493.0,no,no,cellular,16,oct,622.0,1,182,1,failure,no
49.0,management,married,unknown,no,350000.0,no,no,cellular,19,nov,99.0,2,-1,0,unknown,no
38.0,management,single,unknown,no,715.0,yes,no,cellular,2,apr,951.0,1,132,3,failure,no
28.0,technician,single,tertiary,no,558.0,yes,no,cellular,15,may,300.0,1,-1,0,unknown,no
33.0,technician,married,tertiary,no,16992.0,yes,no,unknown,29,may,58.0,1,-1,0,unknown,no
34.0,management,married,tertiary,no,179.0,yes,no,cellular,20,nov,184.0,1,-1,0,unknown,no
26.0,student,single,unknown,no,198.0,no,no,cellular,5,feb,161.0,1,-1,0,unknown,no
37.0,blue-collar,married,primary,no,152.0,yes,no,cellular,17,apr,252.0,2,-1,0,unknown,no
40.0,blue-collar,married,primary,no,2805.0,yes,no,cellular,14,may,173.0,6,353,23,failure,no
28.0,services,single,secondary,no,6332.0,yes,no,telephone,7,may,149.0,184,343,4,failure,no
31.0,technician,married,secondary,no,,yes,no,cellular,19,nov,166.0,1,-1,0,unknown,no
42.0,management,married,secondary,no,580.0,no,no,cellular,22,aug,67.0,2,-1,0,unknown,no
34.0,technician,divorced,secondary,no,259.0,no,no,cellular,11,aug,316.0,2,-1,0,unknown,no
34.0,services,married,secondary,no,-451.0,yes,yes,cellular,23,jul,498.0,1,-1,0,unknown,no
53.0,management,married,tertiary,no,261.0,no,no,cellular,19,aug,100.0,2,-1,0,unknown,no
55.0,entrepreneur,married,tertiary,no,323.0,yes,yes,cellular,13,may,200.0,1,-1,0,unknown,no
51.0,entrepreneur,single,tertiary,no,0.0,no,no,cellular,30,jan,643.0,1,-1,0,unknown,no
58.0,retired,married,secondary,no,235.0,no,no,cellular,27,aug,88.0,4,-1,0,unknown,no
35.0,blue-collar,married,primary,no,526.0,yes,no,cellular,2,feb,914.0,2,-1,0,unknown,no
35.0,blue-collar,married,primary,no,4366.0,yes,no,unknown,28,may,173.0,3,-1,0,unknown,no
31.0,technician,married,tertiary,no,0.0,yes,yes,unknown,13,may,164.0,2,-1,0,unknown,no
32.0,student,married,secondary,no,833.0,yes,no,telephone,2,nov,227.0,5,164,3,other,no
59.0,retired,married,primary,yes,-13.0,no,no,cellular,11,aug,77.0,1,-1,0,unknown,no
50.0,management,divorced,tertiary,no,405.0,no,no,cellular,2,apr,82.0,6,-1,0,unknown,no
37.0,blue-collar,married,primary,no,3517.0,yes,no,unknown,23,may,445.0,1,-1,0,unknown,no
30.0,services,married,secondary,no,699.0,yes,no,unknown,29,may,544.0,1,-1,0,unknown,no
41.0,blue-collar,married,primary,no,943.0,yes,no,unknown,29,may,242.0,3,-1,0,unknown,no
43.0,blue-collar,married,primary,no,794.0,yes,no,cellular,13,may,38.0,3,-1,0,unknown,no
34.0,blue-collar,married,primary,no,503.0,yes,no,unknown,26,may,120.0,2,-1,0,unknown,no
42.0,management,married,tertiary,no,-700.0,yes,no,unknown,14,may,110.0,1,-1,0,unknown,no
33.0,management,married,tertiary,no,644.0,no,no,cellular,11,aug,99.0,2,-1,0,unknown,no
26.0,services,single,secondary,no,335.0,no,no,telephone,29,jan,393.0,2,-1,0,unknown,no
32.0,technician,single,secondary,no,719.0,yes,no,unknown,28,may,79.0,6,-1,0,unknown,no
41.0,management,married,tertiary,no,-195.0,no,yes,cellular,20,nov,112.0,1,-1,0,unknown,no
49.0,technician,divorced,secondary,no,972.0,no,no,cellular,16,nov,104.0,3,175,2,failure,no
51.0,blue-collar,married,primary,no,5050.0,no,yes,unknown,16,jun,75.0,7,-1,0,unknown,no
43.0,blue-collar,married,primary,no,232.0,no,yes,cellular,15,may,45.0,1,-1,0,unknown,no
45.0,services,married,primary,no,2406.0,yes,yes,cellular,20,apr,108.0,2,-1,0,unknown,no
42.0,entrepreneur,married,secondary,no,324.0,yes,no,cellular,15,jul,528.0,3,-1,0,unknown,no
37.0,blue-collar,married,secondary,no,168.0,yes,no,cellular,17,apr,266.0,2,-1,0,unknown,no
59.0,retired,married,secondary,no,374.0,no,no,cellular,29,aug,272.0,2,-1,0,unknown,no
31.0,services,single,secondary,no,658.0,no,no,cellular,22,may,100.0,1,-1,0,unknown,no
22.0,admin.,single,secondary,no,-1.0,yes,no,unknown,9,may,136.0,1,-1,0,unknown,no
30.0,self-employed,single,secondary,no,280.0,no,no,telephone,5,may,92.0,3,-1,0,unknown,no
52.0,admin.,divorced,unknown,no,0.0,no,no,cellular,26,aug,,4,-1,0,unknown,no
50.0,self-employed,married,primary,no,0.0,no,no,cellular,22,aug,125.0,4,-1,0,unknown,no
34.0,admin.,married,secondary,no,2064.0,yes,no,unknown,26,may,165.0,2,-1,0,unknown,no
30.0,blue-collar,married,secondary,no,128.0,yes,no,unknown,14,may,273.0,1,-1,0,unknown,no
56.0,blue-collar,married,primary,no,0.0,yes,no,cellular,17,jul,82.0,1,-1,0,unknown,no
31.0,technician,single,secondary,no,863.0,yes,no,cellular,3,feb,146.0,1,263,5,success,no
51.0,admin.,married,secondary,no,50.0,no,no,cellular,26,aug,178.0,2,-1,0,unknown,no
33.0,services,single,secondary,no,187.0,yes,no,cellular,20,apr,168.0,3,326,1,failure,no
47.0,blue-collar,married,secondary,yes,-614.0,yes,no,unknown,26,may,118.0,2,-1,0,unknown,no
46.0,technician,married,tertiary,no,841.0,yes,no,unknown,6,may,158.0,1,-1,0,unknown,no
44.0,services,divorced,secondary,no,206.0,yes,no,cellular,14,may,78.0,1,365,1,failure,no
51.0,blue-collar,married,secondary,no,984.0,yes,no,telephone,7,apr,353.0,4,-1,0,unknown,no
39.0,technician,single,secondary,no,201.0,no,yes,unknown,6,jun,148.0,4,-1,0,unknown,no
,technician,married,tertiary,no,585.0,yes,no,telephone,20,apr,60.0,1,-1,0,unknown,no
33.0,management,single,tertiary,no,8514.0,no,no,cellular,20,aug,131.0,1,-1,0,unknown,no
31.0,admin.,married,secondary,no,728.0,yes,yes,cellular,15,may,152.0,1,352,4,failure,no
60.0,entrepreneur,divorced,secondary,no,80.0,yes,no,unknown,15,may,397.0,1,-1,0,unknown,no
34.0,technician,married,secondary,no,1246.0,no,no,unknown,28,may,88.0,3,-1,0,unknown,no
58.0,services,married,secondary,no,818.0,no,no,cellular,22,aug,283.0,1,-1,0,unknown,no
36.0,admin.,single,unknown,no,1815.0,no,no,unknown,5,jun,387.0,1,-1,0,unknown,no
42.0,technician,married,secondary,no,0.0,no,no,cellular,30,jul,351.0,2,-1,0,unknown,no
44.0,services,divorced,secondary,no,210.0,no,yes,unknown,12,may,111.0,2,-1,0,unknown,no
31.0,services,married,secondary,no,71.0,yes,no,cellular,17,jul,740.0,2,-1,0,unknown,no
51.0,blue-collar,married,primary,no,1869.0,no,no,unknown,17,jun,30.0,3,-1,0,unknown,no
59.0,admin.,married,primary,no,1040.0,no,no,telephone,31,jul,733.0,1,-1,0,unknown,no
33.0,admin.,married,secondary,no,920.0,no,no,cellular,13,aug,111.0,1,105,1,success,no
47.0,blue-collar,married,secondary,no,668.0,yes,no,cellular,4,may,230.0,6,354,2,success,no
43.0,management,divorced,tertiary,no,36.0,no,no,cellular,13,feb,61.0,1,193,1,failure,no
44.0,housemaid,married,primary,yes,-972.0,yes,yes,unknown,16,may,114.0,2,-1,0,unknown,no
29.0,admin.,single,secondary,no,382.0,yes,no,unknown,12,may,460.0,1,-1,0,unknown,no
30.0,admin.,married,secondary,no,-170.0,yes,yes,unknown,26,may,130.0,1,-1,0,unknown,no
43.0,management,married,unknown,no,5172.0,yes,no,unknown,29,may,57.0,3,-1,0,unknown,no
53.0,technician,single,tertiary,no,1.0,no,no,cellular,21,aug,190.0,1,-1,0,unknown,no
46.0,blue-collar,married,secondary,no,922.0,yes,no,telephone,18,nov,296.0,2,-1,0,unknown,no
41.0,management,married,tertiary,no,3016.0,yes,no,cellular,14,jul,80.0,3,-1,0,unknown,no
44.0,blue-collar,married,primary,no,0.0,yes,no,cellular,30,jul,83.0,2,-1,0,unknown,no
38.0,management,married,tertiary,no,1101.0,yes,no,telephone,9,nov,43.0,1,-1,0,unknown,no
43.0,management,divorced,tertiary,no,3578.0,no,no,cellular,29,jan,376.0,2,-1,0,unknown,no
41.0,blue-collar,married,primary,no,0.0,yes,yes,unknown,6,may,238.0,1,-1,0,unknown,no
44.0,blue-collar,married,secondary,no,0.0,yes,no,cellular,21,jul,90.0,1,-1,0,unknown,no
31.0,blue-collar,married,secondary,no,-190.0,yes,yes,cellular,8,may,299.0,3,-1,0,unknown,no
59.0,self-employed,married,tertiary,no,185.0,no,no,cellular,4,feb,283.0,1,-1,0,unknown,no
30.0,management,single,tertiary,no,156.0,yes,no,unknown,9,jun,174.0,9,-1,0,unknown,no
35.0,blue-collar,married,secondary,no,503.0,yes,yes,unknown,9,may,57.0,2,-1,0,unknown,no
57.0,retired,married,secondary,no,485.0,no,no,cellular,2,feb,79.0,2,187,2,failure,no
53.0,technician,divorced,secondary,no,392.0,yes,no,cellular,28,jan,70.0,1,245,1,failure,no
35.0,blue-collar,married,secondary,no,625.0,no,no,cellular,13,may,267.0,1,-1,0,unknown,no
49.0,services,married,primary,no,468.0,no,no,cellular,5,aug,608.0,2,-1,0,unknown,no
41.0,management,married,secondary,no,280.0,yes,no,cellular,2,jun,88.0,1,95,2,success,no
40.0,services,married,secondary,no,181.0,yes,no,unknown,16,may,370.0,1,-1,0,unknown,no
57.0,admin.,married,unknown,no,1401.0,no,no,cellular,21,aug,91.0,22,-1,0,unknown,no
38.0,management,married,unknown,no,1349.0,yes,no,unknown,6,may,100.0,1,-1,0,unknown,no
49.0,services,married,primary,no,5737.0,yes,no,unknown,29,may,417.0,2,-1,0,unknown,no
38.0,management,married,tertiary,no,1187.0,yes,yes,cellular,2,feb,157.0,1,-1,0,unknown,no
26.0,admin.,married,secondary,no,5231.0,no,yes,cellular,17,jul,222.0,2,-1,0,unknown,no
34.0,admin.,married,secondary,no,3185.0,yes,no,unknown,13,may,520.0,1,-1,0,unknown,no
58.0,management,married,tertiary,no,3228.0,no,no,cellular,19,aug,58.0,2,-1,0,unknown,no
30.0,services,married,secondary,no,80.0,yes,no,unknown,8,may,185.0,2,-1,0,unknown,no
52.0,blue-collar,divorced,primary,no,2800.0,no,no,unknown,19,jun,149.0,1,-1,0,unknown,no
30.0,technician,single,tertiary,no,10.0,no,no,cellular,26,aug,276.0,8,-1,0,unknown,no
52.0,blue-collar,married,secondary,no,331.0,no,no,cellular,8,aug,84.0,4,-1,0,unknown,no
34.0,entrepreneur,married,secondary,no,223.0,no,yes,cellular,11,aug,103.0,6,-1,0,unknown,no
33.0,blue-collar,married,primary,no,0.0,no,no,cellular,8,may,174.0,1,-1,0,unknown,no
34.0,admin.,married,tertiary,no,35.0,yes,no,cellular,15,oct,76.0,1,69,2,failure,no
23.0,admin.,married,secondary,no,299.0,yes,no,unknown,19,jun,104.0,1,-1,0,unknown,no
37.0,blue-collar,married,primary,no,240.0,yes,no,cellular,11,may,259.0,1,370,2,other,no
59.0,management,married,unknown,no,3534.0,no,no,cellular,21,nov,216.0,4,-1,0,unknown,no
42.0,management,married,tertiary,no,223.0,no,no,cellular,6,aug,92.0,6,-1,0,unknown,no
50.0,admin.,divorced,secondary,no,-194.0,yes,no,cellular,13,apr,238.0,2,-1,0,unknown,no
41.0,technician,divorced,secondary,no,1545.0,no,yes,cellular,13,aug,,2,-1,0,unknown,no
34.0,technician,single,secondary,no,440.0,yes,no,cellular,6,may,445.0,2,345,2,failure,no
57.0,management,married,primary,no,2538.0,no,yes,telephone,17,jul,485.0,2,-1,0,unknown,no
52.0,services,married,unknown,no,337.0,yes,no,unknown,19,may,85.0,3,-1,0,unknown,no
61.0,retired,married,unknown,no,-492.0,no,yes,unknown,4,jul,333.0,1,-1,0,unknown,no
31.0,technician,single,tertiary,no,53.0,no,no,cellular,28,jan,97.0,2,-1,0,unknown,no
27.0,student,single,secondary,no,91.0,no,no,telephone,4,dec,157.0,6,95,37,other,no
48.0,blue-collar,single,primary,no,,no,no,unknown,5,jun,560.0,2,-1,0,unknown,no
27.0,management,single,unknown,no,3196.0,no,no,cellular,9,feb,10.0,2,-1,0,unknown,no
37.0,blue-collar,married,secondary,no,2697.0,yes,no,cellular,20,apr,430.0,1,-1,0,unknown,no
28.0,student,single,tertiary,no,3.0,no,no,cellular,11,nov,135.0,2,148,1,,no
34.0,services,married,secondary,no,244.0,no,no,cellular,4,feb,696.0,2,-1,0,unknown,no
42.0,services,single,unknown,no,410.0,no,no,cellular,21,nov,34.0,2,-1,0,unknown,no
39.0,admin.,married,secondary,no,159.0,no,no,cellular,19,nov,177.0,1,-1,0,unknown,no
30.0,management,married,tertiary,no,6432.0,yes,no,cellular,21,nov,206.0,2,119,3,other,no
35.0,blue-collar,married,secondary,no,-701.0,yes,yes,cellular,7,may,531.0,3,-1,0,unknown,no
43.0,housemaid,single,primary,no,24.0,no,no,cellular,31,jul,35.0,2,-1,0,unknown,no
33.0,management,married,tertiary,no,296.0,no,no,cellular,16,jul,90.0,2,-1,0,unknown,no
24.0,blue-collar,single,secondary,no,1.0,yes,no,cellular,11,may,79.0,2,-1,0,unknown,no
39.0,technician,married,secondary,no,1965.0,yes,no,unknown,2,jun,65.0,1,-1,0,unknown,no
27.0,technician,single,tertiary,no,501.0,no,yes,telephone,30,jan,370.0,4,-1,0,unknown,no
50.0,blue-collar,married,secondary,no,3558.0,no,no,cellular,26,aug,84.0,10,-1,0,unknown,no
30.0,blue-collar,married,secondary,no,177.0,yes,no,cellular,9,apr,62.0,2,332,3,failure,no
52.0,technician,divorced,secondary,no,204.0,no,no,cellular,7,aug,134.0,2,-1,0,unknown,no
30.0,admin.,married,secondary,no,46.0,yes,no,unknown,6,may,114.0,2,-1,0,unknown,no
35.0,technician,divorced,secondary,no,2047.0,yes,no,cellular,1,oct,66.0,1,-1,0,unknown,no
36.0,admin.,single,secondary,no,810.0,yes,no,unknown,17,jun,296.0,1,-1,0,unknown,no
39.0,management,single,tertiary,no,1914.0,no,no,cellular,18,aug,94.0,4,-1,0,unknown,no
43.0,admin.,single,secondary,no,56831.0,no,no,unknown,15,may,243.0,1,-1,0,unknown,no
43.0,admin.,single,secondary,no,386.0,no,no,cellular,12,oct,242.0,1,92,4,success,no
46.0,admin.,married,primary,no,469.0,yes,no,cellular,2,feb,75.0,1,264,10,other,no
33.0,admin.,married,tertiary,no,69.0,no,yes,cellular,4,may,77.0,2,-1,0,unknown,no
56.0,entrepreneur,married,tertiary,no,-124.0,yes,no,unknown,15,may,374.0,5,-1,0,unknown,no
60.0,retired,married,primary,no,600.0,no,no,cellular,19,aug,99.0,6,-1,0,unknown,no
48.0,management,married,tertiary,no,3842.0,no,no,cellular,1,oct,168.0,1,122,2,success,no
31.0,blue-collar,married,secondary,no,-720.0,yes,yes,unknown,15,may,112.0,2,-1,0,unknown,no
36.0,blue-collar,single,secondary,no,1127.0,yes,no,cellular,10,jul,455.0,1,-1,0,unknown,no
24.0,student,single,secondary,no,423.0,yes,no,unknown,5,may,226.0,3,-1,0,unknown,no
27.0,blue-collar,married,secondary,no,-59.0,no,yes,cellular,8,jul,154.0,3,-1,0,unknown,no
36.0,admin.,married,secondary,no,0.0,yes,yes,cellular,11,may,94.0,1,-1,0,unknown,no
29.0,technician,married,tertiary,no,1489.0,yes,no,unknown,28,may,430.0,1,-1,0,unknown,no
42.0,self-employed,married,secondary,no,0.0,no,no,cellular,14,aug,277.0,4,-1,0,unknown,no
44.0,management,married,tertiary,no,1451.0,yes,no,cellular,5,feb,80.0,7,80,15,failure,no
42.0,blue-collar,married,unknown,no,452.0,yes,no,cellular,17,nov,359.0,2,-1,0,unknown,no
39.0,entrepreneur,married,secondary,no,283.0,yes,no,unknown,26,may,126.0,2,-1,0,unknown,no
45.0,management,single,tertiary,no,16.0,no,no,cellular,31,jul,59.0,2,-1,0,unknown,no
36.0,blue-collar,married,primary,no,973.0,yes,yes,unknown,23,may,293.0,1,-1,0,,no
34.0,blue-collar,married,secondary,no,1257.0,yes,no,unknown,26,may,109.0,7,-1,0,unknown,no
43.0,technician,married,secondary,no,-1701.0,yes,no,unknown,26,may,285.0,1,-1,0,unknown,no
32.0,blue-collar,single,secondary,no,567.0,yes,no,cellular,7,may,275.0,2,342,4,other,no
38.0,technician,married,tertiary,no,-1.0,no,no,cellular,8,aug,188.0,4,-1,0,unknown,no
29.0,blue-collar,married,secondary,no,3310.0,no,no,cellular,1,sep,367.0,1,91,4,failure,no
28.0,blue-collar,married,primary,no,115.0,yes,no,unknown,28,may,78.0,4,-1,0,unknown,no
33.0,management,single,tertiary,no,321.0,no,no,,22,aug,,2,-1,0,unknown,no
43.0,admin.,married,secondary,no,71.0,no,no,unknown,7,may,180.0,5,-1,0,unknown,no
42.0,unemployed,divorced,secondary,no,759.0,no,no,cellular,28,jan,97.0,1,169,3,failure,no
33.0,management,married,tertiary,no,23.0,yes,yes,cellular,6,feb,150.0,1,-1,0,unknown,no
32.0,technician,single,secondary,no,3297.0,no,no,cellular,11,aug,,2,-1,0,unknown,no
42.0,housemaid,single,secondary,no,578.0,no,no,telephone,28,jan,44.0,1,-1,0,unknown,no
42.0,housemaid,married,primary,no,4279.0,yes,no,cellular,22,jul,98.0,1,-1,0,unknown,no
29.0,blue-collar,single,secondary,no,234.0,yes,no,cellular,8,may,139.0,1,345,1,other,no
27.0,management,single,tertiary,no,,yes,no,cellular,8,may,26.0,1,-1,0,unknown,no
38.0,management,single,tertiary,no,8669.0,yes,no,telephone,20,apr,5.0,3,150,6,failure,no
45.0,entrepreneur,married,primary,no,488.0,yes,no,telephone,28,jul,90.0,11,-1,0,unknown,no
32.0,management,single,tertiary,no,1077.0,no,no,cellular,5,aug,200.0,1,717,4,failure,no
33.0,technician,married,secondary,no,4790.0,yes,no,cellular,20,apr,137.0,1,272,2,failure,no
48.0,technician,married,secondary,no,256.0,yes,no,unknown,29,may,150.0,4,-1,0,unknown,no
53.0,blue-collar,married,secondary,no,974.0,yes,no,unknown,26,may,197.0,2,-1,0,unknown,no
23.0,technician,single,unknown,no,231.0,yes,no,cellular,7,may,560.0,3,367,1,other,no
41.0,blue-collar,married,secondary,no,196.0,yes,no,unknown,13,may,488.0,1,-1,0,unknown,no
41.0,admin.,single,secondary,no,2002.0,yes,no,cellular,15,may,172.0,2,350,1,failure,no
50.0,services,married,tertiary,no,218.0,yes,no,unknown,9,may,388.0,2,-1,0,unknown,no
28.0,blue-collar,single,secondary,no,1011.0,yes,no,cellular,20,apr,204.0,3,-1,0,unknown,no
54.0,retired,divorced,secondary,no,2761.0,no,no,cellular,16,jul,771.0,1,-1,0,unknown,no
38.0,services,divorced,primary,no,92.0,yes,yes,unknown,29,may,118.0,3,-1,0,unknown,no
27.0,self-employed,married,tertiary,no,10005.0,yes,no,cellular,14,apr,163.0,3,271,2,failure,no
54.0,management,married,tertiary,no,1168.0,no,no,telephone,4,may,150.0,5,-1,0,unknown,no
28.0,services,single,secondary,no,168.0,yes,no,cellular,7,may,128.0,1,-1,0,unknown,no
32.0,technician,single,tertiary,no,1710.0,yes,no,cellular,15,may,439.0,1,175,3,other,no
39.0,services,married,secondary,no,207.0,no,no,unknown,6,jun,78.0,2,-1,0,unknown,no
29.0,technician,single,secondary,no,18.0,no,no,cellular,3,feb,206.0,3,-1,0,unknown,no
46.0,admin.,single,unknown,no,306.0,yes,no,cellular,11,may,289.0,5,-1,0,unknown,no
37.0,entrepreneur,married,primary,no,8.0,yes,yes,cellular,16,jul,46.0,1,-1,0,unknown,no
30.0,management,married,tertiary,no,-250.0,yes,no,unknown,20,jun,11.0,6,-1,0,unknown,no
41.0,blue-collar,married,secondary,no,449.0,yes,yes,cellular,12,may,313.0,2,-1,0,unknown,no
39.0,unemployed,married,secondary,no,1654.0,no,no,unknown,20,jun,264.0,6,-1,0,unknown,no
38.0,blue-collar,married,primary,no,714.0,yes,no,unknown,29,may,225.0,3,-1,0,unknown,no
55.0,management,single,tertiary,no,1498.0,no,no,cellular,25,aug,340.0,5,-1,0,unknown,no
29.0,services,single,secondary,no,695.0,no,no,unknown,3,jul,97.0,1,-1,0,unknown,no
36.0,technician,single,secondary,no,-15.0,yes,no,unknown,6,may,341.0,3,-1,0,unknown,no
60.0,blue-collar,married,primary,no,14.0,yes,yes,cellular,15,may,781.0,4,178,3,failure,no
43.0,services,divorced,secondary,no,-287.0,yes,no,cellular,20,apr,580.0,4,-1,0,unknown,no
45.0,blue-collar,married,,no,0.0,yes,no,cellular,24,jul,137.0,1,-1,0,unknown,no
36.0,management,divorced,tertiary,no,-978.0,yes,no,cellular,13,may,62.0,3,-1,0,unknown,no
53.0,blue-collar,married,secondary,no,0.0,yes,no,cellular,7,may,407.0,2,-1,0,unknown,no
41.0,,married,secondary,no,20.0,no,no,unknown,5,jun,333.0,1,-1,0,unknown,no
51.0,blue-collar,married,secondary,no,700.0,no,no,cellular,8,aug,237.0,4,-1,0,unknown,no
34.0,blue-collar,married,secondary,no,-58.0,yes,yes,unknown,28,may,157.0,2,-1,0,unknown,no
29.0,management,single,tertiary,no,841.0,no,no,cellular,5,feb,217.0,1,-1,0,unknown,no
35.0,self-employed,single,secondary,no,951.0,yes,no,cellular,19,nov,220.0,2,-1,0,unknown,no
40.0,management,married,tertiary,no,-63.0,no,yes,cellular,2,jul,196.0,1,-1,0,unknown,no
26.0,student,single,tertiary,no,641.0,yes,no,cellular,15,may,,1,368,1,failure,no
32.0,technician,single,tertiary,no,195.0,yes,no,cellular,22,aug,239.0,2,-1,0,unknown,no
31.0,technician,married,tertiary,no,11.0,no,no,cellular,27,aug,651.0,2,-1,0,unknown,no
39.0,management,single,secondary,no,120.0,no,no,unknown,12,jun,66.0,1,-1,0,unknown,no
30.0,technician,married,secondary,no,450.0,no,yes,cellular,14,jul,72.0,4,-1,0,unknown,no
40.0,technician,married,secondary,no,8379.0,no,no,unknown,12,jun,52.0,6,-1,0,unknown,no
32.0,blue-collar,married,primary,no,206.0,yes,no,unknown,20,may,205.0,2,-1,0,unknown,no
46.0,admin.,single,secondary,no,1544.0,yes,no,unknown,29,may,609.0,1,-1,0,unknown,no
41.0,technician,married,secondary,no,2990.0,yes,no,unknown,30,may,62.0,3,-1,0,unknown,no
35.0,entrepreneur,single,secondary,no,866.0,yes,no,cellular,19,nov,147.0,1,-1,0,unknown,no
40.0,unemployed,single,secondary,no,1744.0,yes,no,unknown,21,may,465.0,11,-1,0,unknown,no
58.0,management,married,secondary,no,-382.0,no,no,telephone,5,feb,398.0,4,189,12,success,no
48.0,blue-collar,married,primary,no,214.0,yes,yes,cellular,18,nov,246.0,1,162,1,failure,no
37.0,technician,single,tertiary,no,147.0,no,no,unknown,7,may,416.0,2,-1,0,unknown,no
59.0,management,divorced,tertiary,no,81.0,no,no,cellular,26,may,140.0,1,-1,0,unknown,no
33.0,blue-collar,married,secondary,no,,yes,no,cellular,17,apr,377.0,1,-1,0,unknown,no
36.0,admin.,married,secondary,no,1314.0,yes,no,cellular,17,jul,330.0,3,-1,0,unknown,no
40.0,blue-collar,married,secondary,no,-60.0,yes,no,cellular,21,jul,250.0,1,-1,0,unknown,no
53.0,admin.,single,primary,no,0.0,yes,no,cellular,7,may,176.0,1,322,5,other,no
32.0,admin.,divorced,secondary,no,-331.0,yes,yes,unknown,26,may,130.0,3,-1,0,unknown,no
32.0,blue-collar,married,primary,no,1504.0,yes,no,cellular,17,apr,131.0,2,-1,0,unknown,no
43.0,services,divorced,unknown,no,2363.0,yes,no,cellular,17,nov,229.0,1,-1,0,unknown,no
30.0,services,single,secondary,no,773.0,yes,yes,unknown,4,jun,29.0,1,-1,0,unknown,no
31.0,admin.,married,secondary,no,941.0,yes,no,cellular,8,apr,213.0,4,-1,0,unknown,no
35.0,unemployed,single,secondary,no,2116.0,yes,no,cellular,13,may,409.0,2,-1,0,unknown,no
39.0,services,married,secondary,no,-971.0,yes,yes,unknown,28,may,104.0,2,-1,0,unknown,no
,management,married,tertiary,no,5.0,yes,no,cellular,8,jul,96.0,1,-1,0,unknown,no
33.0,self-employed,divorced,,no,454.0,no,yes,cellular,18,nov,134.0,1,-1,0,unknown,no
35.0,management,married,secondary,no,53.0,yes,no,cellular,18,nov,378.0,1,-1,0,unknown,no
53.0,management,married,tertiary,no,2578.0,no,no,cellular,19,nov,299.0,4,107,2,failure,no
50.0,entrepreneur,married,secondary,no,854.0,no,no,cellular,16,apr,198.0,1,-1,0,unknown,no
46.0,unemployed,married,secondary,no,16397.0,no,no,cellular,18,nov,641.0,1,-1,0,unknown,no
35.0,management,single,tertiary,no,687.0,yes,no,unknown,30,may,166.0,2,-1,0,unknown,no
56.0,retired,married,secondary,no,1894.0,yes,no,unknown,15,may,189.0,1,-1,0,unknown,no
54.0,admin.,divorced,secondary,no,0.0,yes,yes,cellular,4,feb,330.0,1,182,3,success,no
56.0,services,married,secondary,no,1150.0,no,yes,cellular,17,nov,107.0,1,117,3,failure,no
43.0,management,married,tertiary,no,136.0,no,no,cellular,6,aug,120.0,2,-1,0,unknown,no
40.0,technician,married,secondary,no,7313.0,yes,no,cellular,18,nov,241.0,2,182,1,failure,no
38.0,management,married,tertiary,no,-239.0,yes,no,unknown,2,jun,221.0,2,-1,0,unknown,no
,management,married,tertiary,no,182.0,no,no,cellular,28,jan,152.0,1,-1,0,unknown,no
46.0,,married,secondary,no,1590.0,yes,no,cellular,15,jul,59.0,2,-1,0,unknown,no
29.0,blue-collar,married,secondary,no,-565.0,yes,no,unknown,18,jun,164.0,3,-1,0,unknown,no
33.0,technician,single,secondary,no,930.0,yes,no,cellular,15,may,163.0,5,359,1,failure,no
49.0,technician,married,secondary,no,1091.0,no,no,telephone,30,jul,47.0,2,-1,0,unknown,no
53.0,blue-collar,divorced,secondary,no,640.0,yes,no,cellular,11,may,321.0,2,-1,0,unknown,no
54.0,retired,single,primary,no,767.0,no,no,unknown,9,jun,42.0,2,-1,0,unknown,no
33.0,technician,married,secondary,no,480.0,yes,no,cellular,30,jan,272.0,1,270,1,other,no
39.0,management,married,tertiary,no,1363.0,no,no,cellular,21,aug,294.0,3,-1,0,unknown,no
38.0,admin.,single,unknown,no,446.0,yes,no,unknown,13,may,386.0,1,-1,0,unknown,no
49.0,admin.,married,secondary,no,,no,yes,cellular,9,jul,51.0,1,-1,0,unknown,no
33.0,technician,married,secondary,no,0.0,no,no,cellular,19,aug,78.0,3,-1,0,unknown,no
59.0,admin.,married,secondary,no,4196.0,no,no,,31,jul,10.0,2,-1,0,unknown,no
35.0,admin.,married,secondary,no,725.0,yes,no,cellular,20,nov,219.0,7,133,1,failure,no
40.0,technician,married,secondary,no,1716.0,yes,no,cellular,12,aug,226.0,8,-1,0,unknown,no
31.0,services,single,secondary,no,-45.0,no,no,unknown,7,may,246.0,2,-1,0,unknown,no
35.0,technician,married,secondary,no,410.0,yes,no,cellular,20,nov,67.0,2,-1,0,unknown,no
42.0,blue-collar,married,,no,-97.0,yes,no,cellular,3,feb,216.0,4,271,5,failure,no
55.0,self-employed,married,secondary,no,12159.0,yes,no,cellular,20,nov,142.0,2,174,2,failure,no
33.0,blue-collar,married,secondary,no,395.0,yes,no,unknown,2,jun,122.0,1,-1,0,unknown,no
31.0,technician,single,tertiary,no,969.0,no,no,cellular,15,jun,95.0,1,-1,0,unknown,no
30.0,technician,single,secondary,no,86.0,no,no,unknown,20,aug,45.0,1,-1,0,unknown,no
30.0,blue-collar,single,primary,no,395.0,no,no,cellular,21,nov,429.0,1,-1,0,unknown,no
37.0,blue-collar,married,secondary,no,0.0,yes,no,cellular,2,apr,473.0,1,-1,0,unknown,no
30.0,technician,single,tertiary,no,0.0,no,no,cellular,22,aug,34.0,2,-1,0,unknown,no
47.0,admin.,married,secondary,no,829.0,yes,yes,unknown,14,may,339.0,1,-1,0,unknown,no
41.0,technician,married,tertiary,no,-15.0,yes,no,cellular,6,may,33.0,1,-1,0,unknown,no
44.0,technician,married,secondary,no,135.0,yes,no,cellular,8,may,262.0,3,-1,0,unknown,no
59.0,management,married,tertiary,no,1585.0,no,no,telephone,28,aug,91.0,5,-1,0,unknown,no
29.0,technician,married,secondary,no,-910.0,yes,no,cellular,21,jul,260.0,1,-1,0,unknown,no
51.0,services,married,primary,no,8806.0,yes,no,unknown,19,may,131.0,1,-1,0,unknown,no
32.0,blue-collar,married,secondary,no,43.0,yes,no,unknown,21,may,173.0,2,-1,0,unknown,no
36.0,blue-collar,married,secondary,no,136.0,yes,no,unknown,4,jun,38.0,2,-1,0,unknown,no
30.0,management,married,tertiary,no,1195.0,no,no,cellular,18,jul,146.0,2,-1,0,unknown,no
34.0,housemaid,married,tertiary,no,11219.0,no,no,cellular,25,may,112.0,1,-1,0,unknown,no
42.0,blue-collar,married,primary,no,2003.0,yes,no,cellular,17,apr,177.0,3,-1,0,unknown,no
37.0,technician,married,secondary,no,494.0,yes,no,cellular,2,feb,247.0,2,269,3,failure,no
42.0,blue-collar,single,secondary,no,419.0,no,no,cellular,7,jul,88.0,3,-1,0,unknown,no
31.0,services,married,unknown,no,-82.0,yes,no,cellular,31,jul,543.0,31,-1,0,unknown,no
34.0,admin.,single,tertiary,no,64.0,yes,no,cellular,28,jul,76.0,2,-1,0,unknown,no
32.0,self-employed,married,tertiary,no,14522.0,no,no,cellular,21,nov,221.0,7,-1,0,unknown,no
46.0,technician,divorced,,no,3455.0,yes,no,unknown,14,may,566.0,2,-1,0,unknown,no
32.0,blue-collar,married,primary,no,1076.0,yes,no,unknown,19,may,67.0,1,-1,0,unknown,no
37.0,admin.,single,secondary,no,-261.0,no,yes,cellular,10,jul,259.0,1,-1,0,unknown,no
39.0,management,married,tertiary,no,309.0,no,no,cellular,26,aug,94.0,14,-1,0,unknown,no
37.0,management,single,secondary,no,655.0,no,yes,cellular,4,feb,258.0,6,-1,0,unknown,no
32.0,self-employed,married,tertiary,no,102.0,no,no,cellular,22,aug,398.0,5,-1,0,unknown,no
41.0,blue-collar,married,secondary,no,213.0,yes,no,unknown,8,may,10.0,2,-1,0,unknown,no
50.0,self-employed,married,tertiary,no,202.0,yes,no,cellular,15,apr,107.0,1,148,4,failure,no
57.0,management,married,unknown,no,0.0,no,no,cellular,30,sep,585.0,1,-1,0,unknown,no
37.0,admin.,single,,no,22.0,yes,no,cellular,7,may,28.0,2,289,5,failure,no
56.0,entrepreneur,divorced,secondary,no,179.0,no,no,cellular,14,aug,47.0,2,-1,0,unknown,no
37.0,unemployed,married,secondary,no,4769.0,no,no,cellular,29,jan,124.0,1,-1,0,unknown,no
32.0,blue-collar,married,primary,no,-6.0,yes,no,cellular,6,may,169.0,2,-1,0,unknown,no
30.0,management,single,tertiary,no,19358.0,no,no,cellular,19,nov,258.0,2,-1,0,unknown,no
27.0,blue-collar,single,secondary,no,5563.0,yes,no,unknown,30,may,435.0,2,-1,0,unknown,no
36.0,management,married,tertiary,no,6641.0,no,no,cellular,30,jul,105.0,4,-1,0,unknown,no
34.0,management,single,tertiary,no,747.0,no,no,cellular,31,aug,72.0,2,98,1,failure,no
53.0,services,married,primary,no,49.0,no,no,unknown,28,may,152.0,1,-1,0,unknown,no
58.0,management,married,tertiary,no,287.0,yes,no,cellular,21,aug,676.0,8,-1,0,unknown,no
31.0,admin.,single,secondary,no,437.0,yes,yes,unknown,4,jun,173.0,14,-1,0,unknown,no
38.0,services,married,secondary,no,1313.0,no,no,unknown,17,jun,33.0,2,-1,0,unknown,no
32.0,management,single,tertiary,no,597.0,no,yes,cellular,24,jul,869.0,1,-1,0,unknown,no
31.0,services,married,secondary,no,418.0,yes,yes,cellular,9,jul,219.0,1,-1,0,unknown,no
59.0,admin.,divorced,secondary,no,-41.0,yes,yes,unknown,20,may,171.0,1,-1,0,unknown,no
41.0,blue-collar,married,primary,no,449.0,yes,no,cellular,20,apr,10.0,6,-1,0,unknown,no
33.0,technician,married,secondary,no,3572.0,yes,no,cellular,18,nov,85.0,2,-1,0,unknown,no
52.0,management,married,tertiary,no,2428.0,yes,no,cellular,21,nov,294.0,1,116,3,failure,no
36.0,entrepreneur,married,primary,no,177.0,yes,no,unknown,12,may,63.0,5,-1,0,unknown,no
37.0,management,married,secondary,no,80.0,no,no,cellular,27,aug,155.0,3,-1,0,unknown,no
39.0,services,single,secondary,no,1048.0,yes,no,cellular,14,may,149.0,1,-1,0,unknown,no
36.0,management,married,tertiary,no,3874.0,no,no,cellular,25,aug,425.0,6,-1,0,unknown,no
30.0,management,married,tertiary,no,5381.0,no,no,cellular,17,nov,375.0,1,-1,0,unknown,no
32.0,management,single,tertiary,no,17.0,no,no,cellular,22,aug,72.0,4,-1,0,unknown,no
47.0,blue-collar,married,primary,no,4040.0,no,no,cellular,11,aug,53.0,5,-1,0,unknown,no
38.0,management,single,tertiary,no,427.0,yes,no,cellular,6,may,17.0,3,169,2,failure,no
51.0,management,married,tertiary,no,385.0,no,no,cellular,11,aug,39.0,2,-1,0,unknown,no
27.0,services,single,secondary,no,266.0,no,yes,cellular,7,jul,232.0,1,-1,0,unknown,no
58.0,retired,single,tertiary,no,1411.0,yes,no,cellular,13,may,425.0,2,-1,0,unknown,no
56.0,management,married,primary,no,7747.0,no,no,unknown,5,jun,103.0,2,-1,0,unknown,no
40.0,blue-collar,married,primary,no,2129.0,yes,no,cellular,20,apr,1156.0,3,-1,0,unknown,no
47.0,entrepreneur,married,secondary,no,,no,no,cellular,4,aug,299.0,2,-1,0,unknown,no
23.0,blue-collar,single,secondary,no,105.0,yes,no,unknown,16,may,498.0,2,-1,0,unknown,no
46.0,blue-collar,married,secondary,no,2603.0,yes,yes,cellular,11,may,50.0,3,277,2,failure,no
57.0,services,married,primary,no,443.0,no,no,telephone,17,jul,167.0,1,-1,0,unknown,no
40.0,services,married,secondary,no,-116.0,yes,no,unknown,29,may,,3,-1,0,unknown,no
30.0,admin.,married,tertiary,no,285.0,no,no,cellular,5,feb,693.0,2,-1,0,unknown,no
58.0,retired,married,primary,no,5092.0,no,no,unknown,11,jun,199.0,6,-1,0,unknown,no
36.0,blue-collar,divorced,secondary,no,719.0,yes,no,unknown,13,may,1052.0,1,-1,0,unknown,no
37.0,blue-collar,married,primary,no,0.0,yes,no,unknown,26,may,24.0,1,-1,0,unknown,no
51.0,blue-collar,married,primary,no,2095.0,yes,yes,cellular,2,feb,438.0,4,-1,0,unknown,no
30.0,blue-collar,single,secondary,no,-390.0,yes,no,cellular,5,may,275.0,1,-1,0,unknown,no
39.0,technician,married,tertiary,no,108.0,no,no,cellular,28,may,,3,28,2,other,no
33.0,blue-collar,married,secondary,no,1134.0,yes,no,unknown,23,may,304.0,2,-1,0,unknown,no
60.0,blue-collar,married,primary,no,228.0,yes,no,unknown,28,may,249.0,11,-1,0,unknown,no
29.0,self-employed,married,,no,1.0,no,no,cellular,18,jul,167.0,3,-1,0,unknown,no
31.0,admin.,married,secondary,no,0.0,yes,yes,cellular,18,nov,79.0,3,-1,0,unknown,no
52.0,management,married,tertiary,no,1453.0,no,no,telephone,29,jul,254.0,21,-1,0,unknown,no
30.0,admin.,single,secondary,no,28.0,no,no,unknown,20,aug,107.0,1,-1,0,unknown,no
47.0,blue-collar,married,secondary,no,1388.0,yes,no,cellular,17,apr,119.0,2,-1,0,unknown,no
46.0,management,divorced,tertiary,no,0.0,no,yes,cellular,29,aug,38.0,6,-1,0,unknown,no
31.0,technician,married,tertiary,no,0.0,no,no,cellular,29,aug,70.0,2,-1,0,unknown,no
29.0,blue-collar,married,secondary,no,15.0,no,no,cellular,3,jun,136.0,1,-1,0,unknown,no
34.0,services,married,secondary,no,22.0,yes,no,unknown,6,may,344.0,1,-1,0,unknown,no
44.0,services,married,secondary,no,983.0,no,no,cellular,28,jan,123.0,1,-1,0,unknown,no
60.0,blue-collar,married,secondary,no,2879.0,yes,no,cellular,5,aug,122.0,1,-1,0,unknown,no
51.0,services,married,primary,no,,yes,no,unknown,4,jun,149.0,8,-1,0,unknown,no
31.0,housemaid,single,tertiary,no,596.0,no,no,telephone,28,jan,30.0,1,-1,0,unknown,no
33.0,blue-collar,married,secondary,no,1402.0,no,no,cellular,20,nov,63.0,5,-1,0,unknown,no
53.0,admin.,divorced,secondary,no,223.0,yes,yes,cellular,22,jul,534.0,1,-1,0,unknown,no
45.0,admin.,married,secondary,no,46.0,yes,no,cellular,5,may,234.0,1,-1,0,unknown,no
51.0,management,married,tertiary,no,0.0,yes,yes,unknown,29,may,410.0,5,-1,0,unknown,no
30.0,management,single,tertiary,no,1636.0,no,no,unknown,6,jun,301.0,2,-1,0,unknown,no
58.0,blue-collar,married,primary,no,96.0,no,no,unknown,16,jun,76.0,3,-1,0,unknown,no
26.0,blue-collar,single,primary,no,-295.0,yes,no,cellular,6,may,138.0,1,-1,0,unknown,no
37.0,services,married,secondary,no,1.0,no,no,unknown,15,may,395.0,2,-1,0,unknown,no
47.0,management,married,tertiary,no,60.0,no,no,unknown,2,jun,282.0,7,-1,0,unknown,no
28.0,management,married,,yes,84.0,no,yes,cellular,28,jul,48.0,21,-1,0,unknown,no
28.0,blue-collar,married,secondary,no,4287.0,no,no,cellular,30,apr,171.0,1,-1,0,unknown,no
43.0,management,divorced,tertiary,no,,yes,yes,unknown,2,jun,28.0,8,-1,0,unknown,no
43.0,services,married,secondary,no,192.0,yes,yes,unknown,30,may,273.0,2,-1,0,unknown,no
141.0,management,married,tertiary,no,1172.0,yes,no,cellular,20,nov,72.0,1,-1,0,unknown,no
34.0,entrepreneur,married,tertiary,no,105.0,yes,no,unknown,28,may,249.0,2,-1,0,unknown,no
36.0,admin.,divorced,tertiary,no,4708.0,no,no,cellular,15,jun,104.0,1,-1,0,unknown,no
32.0,technician,single,secondary,no,-1.0,yes,no,cellular,12,may,37.0,1,-1,0,unknown,no
46.0,management,married,unknown,no,802.0,yes,no,telephone,25,jul,417.0,1,-1,0,unknown,no
36.0,technician,married,secondary,no,22.0,no,no,unknown,6,jun,464.0,1,-1,0,unknown,no
33.0,management,married,tertiary,no,3301.0,yes,no,cellular,2,nov,131.0,2,171,2,failure,no
48.0,blue-collar,married,primary,no,2227.0,no,no,cellular,18,aug,98.0,12,-1,0,unknown,no
58.0,entrepreneur,married,secondary,no,2.0,no,no,unknown,16,jun,684.0,1,-1,0,unknown,no
56.0,housemaid,married,primary,no,445.0,no,no,cellular,21,nov,13.0,6,-1,0,unknown,no
53.0,management,married,tertiary,no,241.0,yes,no,cellular,19,nov,137.0,1,-1,0,unknown,no
41.0,blue-collar,married,secondary,no,429.0,yes,no,unknown,13,may,244.0,1,-1,0,unknown,no
35.0,admin.,married,secondary,no,11.0,yes,no,cellular,23,jul,103.0,4,-1,0,unknown,no
31.0,management,married,tertiary,no,50.0,no,no,cellular,19,aug,37.0,5,-1,0,unknown,no
51.0,admin.,divorced,secondary,no,2195.0,yes,no,unknown,13,may,59.0,1,-1,0,unknown,no
40.0,technician,married,secondary,no,1270.0,no,no,cellular,17,apr,342.0,2,-1,0,unknown,no
40.0,technician,divorced,secondary,no,2394.0,no,no,unknown,9,jun,75.0,4,-1,0,unknown,no
44.0,services,married,secondary,no,3536.0,no,no,cellular,31,jul,106.0,6,-1,0,unknown,no
37.0,blue-collar,married,secondary,no,-4.0,yes,yes,unknown,29,may,381.0,1,-1,0,unknown,no
49.0,entrepreneur,married,secondary,no,-1965.0,no,yes,telephone,10,jul,317.0,2,-1,0,unknown,no
56.0,retired,married,secondary,no,5879.0,no,no,unknown,20,jun,237.0,3,-1,0,unknown,no
25.0,student,single,secondary,no,469.0,no,no,cellular,24,feb,524.0,1,187,2,success,no
29.0,management,single,tertiary,no,502.0,no,no,cellular,12,apr,366.0,2,199,3,other,no
35.0,admin.,single,tertiary,no,777.0,no,yes,cellular,28,may,85.0,1,-1,0,unknown,no
41.0,entrepreneur,divorced,secondary,no,1588.0,yes,yes,unknown,20,jun,10.0,8,-1,0,unknown,no
38.0,blue-collar,married,secondary,no,376.0,yes,no,unknown,7,may,1521.0,1,-1,0,unknown,no
61.0,housemaid,married,primary,no,848.0,no,no,cellular,27,apr,605.0,1,187,1,other,no
36.0,technician,married,secondary,no,-393.0,no,no,telephone,14,aug,119.0,4,-1,0,unknown,no
52.0,blue-collar,married,primary,no,4660.0,no,no,cellular,18,aug,82.0,3,-1,0,unknown,no
31.0,technician,single,tertiary,no,176.0,no,no,cellular,21,aug,241.0,4,-1,0,unknown,no
33.0,unemployed,married,tertiary,no,3335.0,no,no,cellular,15,jun,92.0,1,301,6,failure,no
49.0,blue-collar,married,primary,no,-167.0,no,no,cellular,7,jul,51.0,1,-1,0,unknown,no
45.0,technician,single,tertiary,no,1591.0,no,no,cellular,15,jul,392.0,4,-1,0,unknown,no
71.0,retired,married,secondary,no,2064.0,no,no,cellular,9,nov,379.0,2,92,3,failure,no
34.0,management,single,tertiary,no,1310.0,no,yes,cellular,20,nov,90.0,3,-1,0,unknown,no
33.0,admin.,single,secondary,no,1221.0,yes,no,unknown,23,may,245.0,1,-1,0,unknown,no
28.0,blue-collar,married,secondary,no,-26.0,no,yes,cellular,30,jan,81.0,1,-1,0,unknown,no
52.0,technician,married,secondary,no,337.0,yes,no,cellular,8,may,247.0,1,261,4,failure,no
54.0,blue-collar,married,primary,no,2440.0,no,yes,cellular,17,nov,334.0,1,-1,0,unknown,no
51.0,blue-collar,married,unknown,no,0.0,yes,no,telephone,7,may,10.0,4,-1,0,unknown,no
59.0,retired,married,secondary,no,25947.0,no,no,cellular,13,aug,292.0,2,-1,0,unknown,no
25.0,admin.,single,tertiary,no,1734.0,no,no,cellular,19,oct,366.0,1,-1,0,unknown,no
35.0,,married,tertiary,no,4.0,yes,no,cellular,14,may,88.0,1,-1,0,unknown,no
49.0,blue-collar,married,primary,no,1032.0,yes,no,unknown,2,jun,,5,-1,0,unknown,no
33.0,technician,married,secondary,no,8.0,no,no,cellular,29,aug,462.0,2,-1,0,unknown,no
30.0,self-employed,single,tertiary,no,3137.0,yes,no,cellular,31,jul,368.0,7,-1,0,unknown,no
46.0,services,married,secondary,no,-522.0,yes,no,cellular,31,jul,61.0,2,-1,0,unknown,no
43.0,services,single,secondary,no,21.0,no,no,cellular,3,feb,203.0,3,-1,0,unknown,no
28.0,blue-collar,single,secondary,no,455.0,yes,no,cellular,11,jul,166.0,1,-1,0,unknown,no
41.0,blue-collar,married,primary,no,4.0,no,no,cellular,23,jul,74.0,5,-1,0,unknown,no
60.0,housemaid,divorced,primary,no,1412.0,no,no,cellular,22,jul,127.0,4,-1,0,unknown,no
49.0,blue-collar,married,secondary,no,141.0,no,no,cellular,6,aug,275.0,1,-1,0,unknown,no
30.0,technician,single,tertiary,no,6619.0,yes,no,cellular,21,aug,239.0,8,-1,0,unknown,no
45.0,unemployed,married,primary,no,0.0,yes,no,cellular,2,feb,570.0,2,-1,0,unknown,no
47.0,management,single,tertiary,no,0.0,no,no,cellular,21,aug,136.0,2,-1,0,unknown,no
29.0,blue-collar,single,secondary,no,202.0,no,no,cellular,30,jan,128.0,2,-1,0,unknown,no
59.0,admin.,married,secondary,no,2552.0,no,yes,cellular,5,aug,125.0,3,-1,0,unknown,no
27.0,technician,married,tertiary,no,276.0,no,no,unknown,16,may,218.0,2,-1,0,unknown,no
37.0,technician,married,secondary,yes,0.0,no,no,unknown,18,jun,236.0,1,-1,0,unknown,no
25.0,technician,divorced,secondary,no,86.0,no,yes,cellular,8,jul,483.0,2,-1,0,unknown,no
39.0,technician,divorced,secondary,no,507.0,no,no,cellular,20,aug,173.0,4,-1,0,unknown,no
35.0,blue-collar,married,primary,no,602.0,yes,no,cellular,14,may,467.0,6,-1,0,unknown,no
77.0,retired,married,primary,no,1492.0,no,no,telephone,1,sep,663.0,1,208,2,other,no
58.0,retired,divorced,secondary,no,0.0,no,no,unknown,17,jun,436.0,5,-1,0,unknown,no
38.0,management,single,tertiary,no,2117.0,no,no,cellular,14,aug,81.0,2,-1,0,unknown,no
50.0,blue-collar,married,primary,no,71.0,yes,no,unknown,6,may,678.0,1,-1,0,unknown,no
27.0,management,single,secondary,no,843.0,no,no,cellular,12,jul,123.0,2,185,1,success,no
46.0,blue-collar,married,secondary,no,229.0,yes,no,cellular,17,apr,191.0,1,-1,0,unknown,no
51.0,admin.,married,secondary,no,176.0,no,no,cellular,28,jan,214.0,1,183,2,failure,no
58.0,retired,married,secondary,no,13.0,no,no,cellular,7,aug,92.0,4,-1,0,unknown,no
42.0,entrepreneur,married,secondary,no,,yes,no,telephone,15,may,87.0,4,-1,0,unknown,no
27.0,technician,married,secondary,no,58.0,yes,no,unknown,28,may,82.0,1,-1,0,unknown,no
34.0,technician,single,secondary,no,179.0,no,no,cellular,19,aug,294.0,3,-1,0,unknown,no
31.0,admin.,single,secondary,no,50.0,no,no,cellular,29,jan,395.0,1,-1,0,unknown,no
39.0,blue-collar,married,secondary,no,11854.0,yes,no,cellular,15,may,15.0,9,-1,0,unknown,no
42.0,admin.,single,secondary,no,1022.0,yes,no,unknown,5,may,146.0,2,-1,0,unknown,no
44.0,entrepreneur,married,secondary,no,692.0,no,no,unknown,18,jun,73.0,4,-1,0,unknown,no
51.0,management,divorced,tertiary,no,1937.0,yes,no,cellular,18,nov,185.0,4,152,11,other,no
50.0,admin.,single,secondary,no,26.0,no,yes,telephone,24,jul,179.0,4,-1,0,unknown,no
32.0,blue-collar,married,primary,no,0.0,yes,yes,cellular,8,may,82.0,2,361,4,failure,no
45.0,blue-collar,married,primary,no,900.0,yes,no,unknown,9,jun,213.0,1,-1,0,unknown,no
29.0,admin.,single,secondary,no,260.0,yes,no,cellular,4,feb,453.0,2,273,2,failure,no
53.0,blue-collar,married,secondary,yes,-634.0,no,no,cellular,19,aug,695.0,3,-1,0,unknown,no
,,married,secondary,no,30.0,yes,no,cellular,23,jul,74.0,3,-1,0,unknown,no
57.0,admin.,married,primary,no,1694.0,yes,no,telephone,17,nov,378.0,1,-1,0,unknown,no
41.0,blue-collar,married,secondary,no,167.0,no,no,,20,jun,48.0,1,-1,0,unknown,no
58.0,technician,married,secondary,no,4299.0,yes,no,unknown,29,may,348.0,3,-1,0,unknown,no
52.0,housemaid,married,primary,no,135.0,no,no,cellular,8,aug,172.0,9,-1,0,unknown,no
44.0,admin.,married,unknown,no,40.0,no,yes,unknown,6,may,160.0,2,-1,0,unknown,no
34.0,blue-collar,married,primary,no,479.0,no,no,cellular,11,jul,772.0,1,-1,0,unknown,no
44.0,management,married,tertiary,no,1945.0,no,no,unknown,14,may,191.0,1,-1,0,unknown,no
56.0,technician,married,tertiary,no,1062.0,no,no,unknown,20,jun,37.0,2,-1,0,unknown,no
36.0,entrepreneur,married,tertiary,no,0.0,no,no,unknown,2,jun,87.0,3,-1,0,unknown,no
45.0,management,divorced,tertiary,no,2406.0,no,no,cellular,8,aug,248.0,2,-1,0,unknown,no
57.0,management,married,tertiary,no,337.0,no,no,cellular,5,feb,59.0,2,-1,0,unknown,no
49.0,management,married,tertiary,no,413.0,no,yes,cellular,31,jul,196.0,4,-1,0,unknown,no
37.0,blue-collar,married,secondary,no,362.0,yes,no,unknown,20,may,277.0,2,-1,0,unknown,no
44.0,blue-collar,divorced,unknown,no,284.0,no,no,cellular,3,feb,167.0,4,187,5,other,no
40.0,blue-collar,married,primary,no,-66.0,yes,no,unknown,6,may,288.0,1,-1,0,unknown,no
28.0,technician,single,secondary,no,922.0,yes,no,cellular,7,apr,304.0,1,-1,0,unknown,no
39.0,services,married,secondary,no,93.0,yes,no,cellular,11,may,72.0,4,-1,0,unknown,no
40.0,technician,single,tertiary,no,693.0,no,no,cellular,30,jan,427.0,1,-1,0,unknown,no
33.0,management,single,tertiary,no,307.0,no,no,cellular,23,jul,113.0,6,179,4,failure,no
37.0,management,single,tertiary,no,427.0,yes,no,unknown,20,may,121.0,1,-1,0,unknown,no
36.0,services,married,secondary,no,,no,no,unknown,21,may,139.0,1,-1,0,unknown,no
39.0,blue-collar,divorced,unknown,no,463.0,yes,no,cellular,18,may,169.0,1,-1,0,unknown,no
26.0,technician,single,tertiary,no,4130.0,no,no,cellular,28,jan,104.0,2,-1,0,unknown,no
48.0,management,married,tertiary,no,190.0,no,no,cellular,25,aug,14.0,22,-1,0,unknown,no
51.0,technician,married,secondary,no,2682.0,no,no,unknown,18,jun,56.0,1,-1,0,unknown,no
35.0,technician,single,tertiary,no,144.0,yes,yes,cellular,4,feb,202.0,4,113,20,failure,no
40.0,blue-collar,married,secondary,no,1938.0,yes,no,cellular,7,may,228.0,1,-1,0,unknown,no
40.0,admin.,single,secondary,no,90.0,yes,no,unknown,2,jun,252.0,4,-1,0,unknown,no
37.0,admin.,married,secondary,no,10465.0,no,no,unknown,17,jun,144.0,6,-1,0,unknown,no
43.0,blue-collar,married,secondary,no,917.0,yes,no,cellular,8,may,87.0,2,-1,0,unknown,no
48.0,management,married,primary,no,1744.0,no,no,unknown,9,jun,181.0,1,-1,0,unknown,no
46.0,admin.,divorced,secondary,no,1198.0,yes,yes,cellular,7,apr,837.0,1,307,1,other,no
34.0,services,single,tertiary,no,371.0,no,no,unknown,20,may,77.0,1,-1,0,unknown,no
52.0,management,married,tertiary,no,575.0,no,no,unknown,3,jun,315.0,1,-1,0,unknown,no
57.0,management,married,secondary,no,123.0,no,no,cellular,2,feb,154.0,2,-1,0,unknown,no
36.0,services,married,secondary,no,145.0,yes,no,cellular,2,feb,109.0,1,252,2,other,no
33.0,blue-collar,married,secondary,no,312.0,yes,no,unknown,4,jun,151.0,2,-1,0,unknown,no
30.0,technician,single,secondary,no,893.0,no,no,cellular,26,aug,45.0,3,-1,0,unknown,no
34.0,management,married,tertiary,no,105.0,yes,no,unknown,6,may,314.0,3,-1,0,unknown,no
35.0,management,single,tertiary,no,,yes,no,unknown,2,jun,184.0,1,-1,0,unknown,no
34.0,blue-collar,single,secondary,no,186.0,no,no,cellular,2,feb,342.0,1,-1,0,unknown,no
32.0,technician,single,secondary,no,-114.0,no,no,cellular,12,aug,155.0,2,-1,0,unknown,no
30.0,blue-collar,single,secondary,no,228.0,no,no,cellular,5,feb,232.0,1,365,1,failure,no
33.0,housemaid,married,primary,no,0.0,no,no,cellular,11,aug,237.0,2,-1,0,unknown,no
31.0,technician,single,tertiary,no,279.0,yes,no,unknown,13,may,198.0,1,-1,0,unknown,no
33.0,admin.,single,secondary,no,241.0,no,no,cellular,22,jul,490.0,1,-1,0,unknown,no
48.0,technician,divorced,tertiary,no,2328.0,no,no,cellular,27,aug,129.0,7,-1,0,unknown,no
38.0,technician,married,secondary,no,not_available,yes,no,cellular,18,nov,286.0,1,181,2,other,no
53.0,blue-collar,married,secondary,no,4380.0,no,no,telephone,19,aug,223.0,7,-1,0,unknown,no
36.0,blue-collar,married,secondary,no,0.0,no,no,cellular,4,feb,235.0,1,244,1,failure,no
37.0,management,married,tertiary,no,5432.0,yes,yes,unknown,20,may,774.0,1,-1,0,unknown,no
36.0,blue-collar,married,secondary,no,222.0,yes,no,unknown,23,may,188.0,1,-1,0,unknown,no
39.0,blue-collar,married,secondary,no,3832.0,yes,no,,20,jun,14.0,13,-1,0,unknown,no
50.0,admin.,married,secondary,no,715.0,no,no,cellular,28,aug,131.0,13,-1,0,unknown,no
49.0,blue-collar,married,primary,no,6215.0,yes,no,cellular,11,may,549.0,1,-1,0,unknown,no
41.0,services,married,secondary,no,2085.0,yes,no,unknown,26,may,125.0,4,-1,0,unknown,no
32.0,services,married,secondary,no,1398.0,yes,yes,cellular,15,may,233.0,1,-1,0,unknown,no
30.0,unemployed,single,tertiary,no,463.0,no,no,cellular,22,aug,374.0,4,-1,0,unknown,no
46.0,management,married,tertiary,yes,-337.0,no,yes,cellular,21,aug,120.0,2,-1,0,unknown,no
25.0,self-employed,married,tertiary,no,1182.0,yes,no,unknown,26,may,141.0,2,-1,0,unknown,no
27.0,services,married,secondary,no,94.0,yes,no,unknown,15,may,352.0,2,-1,0,unknown,no
28.0,student,single,secondary,no,5916.0,no,no,cellular,22,may,259.0,1,63,5,failure,no
47.0,management,divorced,tertiary,no,4556.0,yes,no,unknown,14,may,146.0,1,-1,0,unknown,no
39.0,management,divorced,tertiary,no,373.0,no,no,cellular,26,aug,148.0,4,-1,0,unknown,no
28.0,admin.,married,secondary,no,170.0,yes,yes,unknown,21,may,492.0,1,-1,0,unknown,no
45.0,technician,divorced,secondary,no,146.0,no,no,cellular,8,jul,216.0,1,-1,0,unknown,no
30.0,management,married,tertiary,no,1384.0,yes,no,telephone,14,aug,60.0,2,-1,0,unknown,no
48.0,blue-collar,married,primary,no,595.0,no,no,cellular,24,jul,464.0,1,-1,0,unknown,no
60.0,blue-collar,married,primary,no,4903.0,no,yes,unknown,9,jun,290.0,1,-1,0,unknown,no
48.0,entrepreneur,married,secondary,no,4037.0,no,no,unknown,6,jun,23.0,1,-1,0,unknown,no
38.0,management,single,tertiary,no,1746.0,yes,no,unknown,21,may,139.0,1,-1,0,unknown,no
31.0,management,single,tertiary,no,18.0,no,no,cellular,8,aug,82.0,2,-1,0,unknown,no
52.0,unemployed,married,primary,no,1724.0,no,no,cellular,29,jan,73.0,1,-1,0,unknown,no
28.0,blue-collar,single,secondary,no,1735.0,yes,no,cellular,20,apr,89.0,1,-1,0,unknown,no
51.0,blue-collar,married,unknown,no,0.0,no,no,unknown,2,jun,61.0,7,-1,0,unknown,no
32.0,technician,married,secondary,no,367.0,yes,no,cellular,11,may,214.0,2,276,3,failure,no
52.0,entrepreneur,divorced,secondary,no,105.0,no,yes,telephone,22,jul,275.0,4,-1,0,unknown,no
23.0,blue-collar,single,secondary,no,537.0,yes,no,cellular,7,may,172.0,1,353,2,other,no
51.0,management,married,tertiary,yes,0.0,no,yes,cellular,29,jul,204.0,6,-1,0,unknown,no
49.0,services,married,secondary,no,653.0,no,no,cellular,11,aug,317.0,2,-1,0,unknown,no
37.0,self-employed,married,secondary,no,487.0,no,yes,cellular,27,aug,155.0,15,-1,0,unknown,no
32.0,management,single,tertiary,no,1434.0,no,no,cellular,11,aug,1144.0,3,-1,0,unknown,no
32.0,management,married,tertiary,no,1683.0,yes,yes,cellular,20,apr,72.0,2,-1,0,unknown,no
56.0,services,married,secondary,no,530.0,yes,no,unknown,20,may,51.0,7,-1,0,unknown,no
49.0,technician,married,unknown,no,-287.0,yes,no,unknown,26,may,49.0,1,-1,0,unknown,no
49.0,management,married,tertiary,no,271.0,yes,no,cellular,5,feb,18.0,6,-1,0,unknown,no
53.0,management,married,tertiary,no,1945.0,no,no,telephone,7,aug,262.0,7,-1,0,unknown,no
32.0,admin.,married,secondary,no,57.0,no,yes,cellular,22,jul,50.0,2,-1,0,unknown,no
60.0,retired,married,secondary,no,5632.0,yes,no,cellular,30,jul,380.0,7,-1,0,unknown,no
40.0,blue-collar,married,secondary,no,750.0,yes,yes,cellular,16,apr,340.0,1,281,1,failure,no
41.0,services,married,secondary,no,,yes,no,telephone,20,nov,281.0,2,-1,0,unknown,no
55.0,blue-collar,married,primary,no,11.0,no,no,unknown,17,jun,150.0,2,-1,0,unknown,no
33.0,management,single,tertiary,no,383.0,yes,no,cellular,9,jul,125.0,1,-1,0,unknown,no
49.0,blue-collar,married,secondary,no,598.0,yes,no,cellular,15,may,219.0,6,-1,0,unknown,no
26.0,management,single,tertiary,no,3178.0,no,no,,2,jun,64.0,1,-1,0,unknown,no
56.0,management,divorced,tertiary,no,505.0,no,no,cellular,9,feb,108.0,2,199,3,other,no
27.0,admin.,single,tertiary,no,73.0,no,no,cellular,29,jan,242.0,1,-1,0,unknown,no
55.0,unemployed,married,secondary,no,1436.0,yes,no,cellular,4,feb,969.0,2,-1,0,unknown,no
55.0,technician,divorced,tertiary,no,264.0,yes,no,unknown,30,may,34.0,2,-1,0,unknown,no
26.0,management,single,tertiary,no,1720.0,no,no,cellular,3,feb,383.0,1,-1,0,unknown,no
34.0,technician,married,secondary,no,-25.0,no,no,cellular,15,may,207.0,1,-1,0,unknown,no
38.0,housemaid,married,secondary,no,634.0,no,no,unknown,11,jun,105.0,4,-1,0,unknown,no
88.0,retired,married,primary,no,648.0,no,no,telephone,3,sep,318.0,1,-1,0,unknown,no
38.0,admin.,married,secondary,no,0.0,yes,no,telephone,16,jul,284.0,8,-1,0,unknown,no
44.0,technician,divorced,secondary,no,314.0,yes,no,unknown,12,aug,18.0,1,651,1,success,no
43.0,admin.,married,secondary,no,2.0,yes,yes,cellular,22,jul,254.0,1,-1,0,unknown,no
48.0,blue-collar,divorced,primary,no,2677.0,no,no,unknown,20,jun,23.0,3,-1,0,unknown,no
35.0,admin.,single,secondary,no,855.0,yes,no,unknown,12,may,241.0,3,-1,0,unknown,no
49.0,services,married,tertiary,no,411.0,no,no,telephone,14,may,9.0,6,-1,0,unknown,no
33.0,unemployed,single,tertiary,no,4874.0,no,no,telephone,22,feb,363.0,2,-1,0,unknown,no
77.0,unknown,married,unknown,no,397.0,no,no,telephone,8,nov,207.0,1,185,3,success,no
56.0,housemaid,divorced,primary,no,61.0,no,no,cellular,2,jun,144.0,1,-1,0,unknown,no
33.0,admin.,married,secondary,no,177.0,yes,no,cellular,11,may,100.0,1,-1,0,unknown,no
44.0,admin.,single,secondary,no,985.0,yes,yes,cellular,11,may,9.0,7,325,19,failure,no
40.0,admin.,married,secondary,no,767.0,yes,no,cellular,6,feb,168.0,1,-1,0,unknown,no
55.0,blue-collar,divorced,secondary,no,496.0,no,yes,cellular,28,jul,93.0,4,-1,0,unknown,no
31.0,management,married,tertiary,no,459.0,no,no,cellular,28,aug,13.0,14,-1,0,unknown,no
42.0,services,married,unknown,no,1340.0,no,yes,cellular,30,jul,88.0,5,-1,0,unknown,no
45.0,entrepreneur,divorced,secondary,no,1187.0,no,yes,cellular,20,nov,157.0,1,-1,0,unknown,no
38.0,admin.,single,secondary,no,4023.0,no,no,unknown,11,jun,339.0,2,-1,0,unknown,no
32.0,admin.,single,,no,184.0,yes,no,unknown,8,may,230.0,4,-1,0,unknown,no
35.0,management,single,tertiary,no,688.0,no,no,cellular,2,feb,504.0,1,-1,0,unknown,no
70.0,retired,married,secondary,no,2064.0,no,no,cellular,22,oct,334.0,1,-1,0,unknown,no
41.0,technician,married,secondary,no,862.0,no,no,,18,nov,474.0,2,-1,0,unknown,no
27.0,blue-collar,single,secondary,no,137.0,no,yes,cellular,25,jul,359.0,1,-1,0,unknown,no
56.0,entrepreneur,married,tertiary,no,51439.0,no,yes,cellular,8,jul,325.0,1,-1,0,unknown,no
59.0,management,divorced,tertiary,no,893.0,yes,no,cellular,16,apr,,4,-1,0,unknown,no
31.0,management,married,tertiary,no,607.0,no,no,cellular,27,aug,200.0,5,-1,0,unknown,no
59.0,retired,married,primary,no,5521.0,yes,yes,unknown,13,may,94.0,1,-1,0,unknown,no
32.0,management,single,tertiary,no,1966.0,no,no,cellular,18,aug,176.0,3,-1,0,unknown,no
37.0,technician,single,secondary,no,363.0,yes,no,cellular,21,nov,39.0,4,182,3,failure,no
59.0,retired,divorced,unknown,no,-49.0,yes,no,unknown,13,may,248.0,2,-1,0,unknown,no
51.0,technician,married,tertiary,no,1533.0,no,no,unknown,18,jun,242.0,2,-1,0,unknown,no
42.0,blue-collar,married,primary,no,250.0,yes,no,unknown,4,jun,46.0,16,-1,0,unknown,no
38.0,admin.,divorced,secondary,no,407.0,yes,yes,cellular,19,aug,89.0,1,-1,0,unknown,no
35.0,technician,divorced,secondary,no,3549.0,yes,no,cellular,13,aug,250.0,4,-1,0,unknown,no
42.0,blue-collar,married,primary,no,0.0,yes,yes,cellular,7,may,209.0,2,-1,0,unknown,no
43.0,technician,single,tertiary,no,1017.0,yes,no,unknown,19,may,257.0,2,-1,0,unknown,no
31.0,management,married,tertiary,no,2652.0,no,no,cellular,25,aug,9.0,9,-1,0,unknown,no
56.0,blue-collar,married,primary,no,2442.0,no,yes,cellular,18,aug,111.0,7,-1,0,unknown,no
43.0,management,married,tertiary,no,0.0,yes,no,cellular,7,may,240.0,3,293,5,failure,no
39.0,management,married,tertiary,no,0.0,no,no,cellular,29,aug,94.0,2,-1,0,unknown,no
52.0,,married,secondary,no,665.0,yes,no,unknown,15,may,57.0,4,-1,0,unknown,no
32.0,services,single,secondary,no,-1139.0,yes,no,cellular,7,jul,201.0,1,-1,0,unknown,no
37.0,self-employed,married,secondary,no,3396.0,no,no,cellular,18,aug,69.0,6,-1,0,unknown,no
35.0,entrepreneur,married,tertiary,no,542.0,yes,yes,unknown,27,may,591.0,5,-1,0,unknown,no
39.0,services,divorced,secondary,no,1957.0,yes,yes,cellular,20,nov,47.0,1,-1,0,unknown,no
44.0,self-employed,married,secondary,no,304.0,yes,no,telephone,9,feb,15.0,5,-1,0,unknown,no
41.0,entrepreneur,married,secondary,no,353.0,no,no,cellular,19,nov,90.0,2,-1,0,unknown,no
26.0,student,single,tertiary,no,13107.0,yes,no,cellular,27,may,112.0,2,-1,0,unknown,no
50.0,admin.,married,secondary,no,1138.0,yes,yes,cellular,31,jul,73.0,8,-1,0,unknown,no
33.0,technician,married,secondary,no,0.0,yes,yes,cellular,19,nov,163.0,2,-1,0,unknown,no
26.0,services,married,secondary,no,199.0,no,no,cellular,24,jul,139.0,6,-1,0,unknown,no
31.0,admin.,single,tertiary,no,383.0,no,yes,cellular,6,feb,119.0,1,214,1,failure,no
56.0,admin.,divorced,primary,no,0.0,no,yes,cellular,10,jul,542.0,1,-1,0,unknown,no
40.0,blue-collar,married,secondary,no,1844.0,yes,no,cellular,11,may,231.0,1,-1,0,unknown,no
27.0,technician,single,secondary,no,42.0,no,no,cellular,28,jan,251.0,1,-1,0,unknown,no
41.0,technician,married,secondary,no,,no,no,cellular,28,aug,222.0,1,-1,0,unknown,no
78.0,retired,married,primary,no,680.0,no,no,telephone,24,may,838.0,1,89,9,failure,no
60.0,housemaid,married,primary,no,517.0,no,no,unknown,12,jun,1178.0,3,-1,0,unknown,no
46.0,management,married,tertiary,no,3.0,no,no,cellular,18,aug,92.0,4,-1,0,unknown,no
25.0,blue-collar,single,primary,no,17.0,yes,no,unknown,13,may,97.0,2,-1,0,unknown,no
30.0,management,married,tertiary,no,-328.0,yes,no,unknown,14,may,242.0,5,-1,0,unknown,no
37.0,self-employed,divorced,tertiary,no,1513.0,no,no,unknown,30,may,510.0,1,-1,0,unknown,no
45.0,blue-collar,married,secondary,no,603.0,no,no,cellular,22,may,204.0,1,-1,0,unknown,no
31.0,management,single,tertiary,no,307.0,no,no,cellular,21,nov,86.0,2,-1,0,unknown,no
35.0,technician,married,tertiary,no,22.0,no,no,cellular,11,aug,109.0,1,-1,0,unknown,no
47.0,management,married,tertiary,no,0.0,no,no,unknown,5,jun,265.0,2,-1,0,unknown,no
55.0,services,married,secondary,no,283.0,yes,no,unknown,19,may,156.0,1,-1,0,unknown,no
28.0,self-employed,single,tertiary,no,5215.0,no,no,cellular,2,jun,673.0,1,-1,0,unknown,no
37.0,blue-collar,single,secondary,no,847.0,no,no,unknown,20,jun,54.0,1,-1,0,unknown,no
34.0,student,single,unknown,no,5827.0,no,no,cellular,17,nov,97.0,2,-1,0,unknown,no
45.0,blue-collar,single,secondary,no,0.0,yes,no,cellular,16,oct,283.0,1,165,3,failure,no
35.0,blue-collar,single,primary,no,,yes,no,cellular,31,jul,142.0,2,-1,0,unknown,no
32.0,technician,divorced,tertiary,no,267.0,no,no,cellular,26,may,128.0,1,-1,0,unknown,no
26.0,student,single,,no,2503.0,no,no,cellular,30,apr,121.0,1,63,2,failure,no
47.0,blue-collar,married,secondary,no,3630.0,yes,no,unknown,14,may,133.0,4,-1,0,unknown,no
33.0,,married,secondary,no,218.0,yes,yes,telephone,2,mar,169.0,4,-1,0,unknown,no
42.0,management,single,tertiary,no,1146.0,yes,no,unknown,15,may,98.0,2,-1,0,unknown,no
31.0,unemployed,single,unknown,no,167.0,no,no,cellular,20,nov,316.0,1,-1,0,unknown,no
30.0,blue-collar,single,secondary,yes,447.0,no,no,cellular,19,nov,426.0,2,189,6,failure,no
40.0,management,single,secondary,no,10378.0,yes,no,cellular,17,nov,523.0,3,-1,0,unknown,no
52.0,management,married,tertiary,no,-2712.0,yes,yes,cellular,2,apr,253.0,1,-1,0,unknown,no
48.0,admin.,married,secondary,no,,yes,no,cellular,5,feb,238.0,3,-1,0,unknown,no
36.0,blue-collar,divorced,primary,no,17.0,yes,no,cellular,16,jul,329.0,1,-1,0,unknown,no
36.0,blue-collar,single,secondary,no,2235.0,yes,no,cellular,20,nov,287.0,2,-1,0,unknown,no
47.0,blue-collar,married,primary,no,292.0,no,yes,telephone,28,jul,210.0,3,-1,0,unknown,no
31.0,technician,single,secondary,no,433.0,no,no,cellular,11,aug,1504.0,2,-1,0,unknown,no
60.0,retired,married,primary,no,364.0,yes,no,unknown,6,may,631.0,2,-1,0,unknown,no
49.0,blue-collar,married,secondary,no,30.0,yes,no,unknown,5,may,135.0,4,-1,0,unknown,no
41.0,technician,married,secondary,no,335.0,no,no,cellular,18,aug,169.0,3,-1,0,unknown,no
67.0,management,married,secondary,no,1287.0,no,no,cellular,2,feb,511.0,1,-1,0,unknown,no
35.0,technician,married,secondary,no,128.0,no,yes,cellular,29,jan,456.0,1,205,2,other,no
34.0,management,married,tertiary,no,133.0,yes,no,unknown,8,may,65.0,1,-1,0,unknown,no
49.0,technician,married,tertiary,no,-888.0,no,yes,cellular,21,jul,298.0,1,-1,0,unknown,no
33.0,management,divorced,tertiary,yes,280.0,no,yes,cellular,18,nov,155.0,1,-1,0,unknown,no
37.0,blue-collar,divorced,secondary,no,719.0,yes,no,cellular,13,may,118.0,1,365,1,failure,no
29.0,admin.,single,secondary,no,1261.0,no,no,cellular,5,feb,605.0,1,-1,0,unknown,no
53.0,housemaid,married,primary,no,1903.0,no,no,unknown,5,jun,827.0,1,-1,0,unknown,no
36.0,technician,married,tertiary,no,202.0,no,no,cellular,1,jun,206.0,1,192,1,failure,no
54.0,unknown,married,unknown,no,390.0,no,no,cellular,20,aug,68.0,5,-1,0,unknown,no
55.0,blue-collar,divorced,unknown,no,103.0,yes,no,cellular,21,jul,769.0,3,-1,0,unknown,no
38.0,blue-collar,married,primary,no,362.0,yes,no,unknown,8,may,100.0,5,-1,0,unknown,no
50.0,blue-collar,married,secondary,no,907.0,no,yes,cellular,16,jul,68.0,1,-1,0,unknown,no
50.0,entrepreneur,married,primary,no,199.0,no,no,cellular,11,may,228.0,2,363,2,failure,no
35.0,management,married,tertiary,no,4943.0,yes,no,cellular,18,nov,295.0,1,124,2,failure,no
35.0,management,single,tertiary,no,6659.0,yes,no,unknown,21,may,83.0,1,-1,0,unknown,no
51.0,retired,single,tertiary,no,730.0,yes,no,unknown,18,nov,287.0,2,-1,0,unknown,no
34.0,technician,single,secondary,no,664.0,yes,yes,cellular,11,may,88.0,2,343,2,other,no
28.0,blue-collar,single,primary,no,442.0,no,no,cellular,30,jan,157.0,2,-1,0,unknown,no
57.0,management,married,secondary,no,7162.0,no,no,cellular,17,nov,83.0,1,-1,0,,no
38.0,entrepreneur,married,secondary,no,61.0,yes,yes,unknown,28,may,170.0,5,-1,0,unknown,no
41.0,retired,single,primary,no,2579.0,no,no,cellular,13,oct,213.0,1,-1,0,unknown,no
38.0,blue-collar,single,primary,no,1583.0,yes,no,cellular,15,may,386.0,1,-1,0,unknown,no
54.0,technician,single,secondary,no,224.0,no,no,cellular,5,aug,134.0,2,-1,0,unknown,no
52.0,technician,married,secondary,no,851.0,no,no,unknown,17,jun,87.0,2,-1,0,unknown,no
35.0,housemaid,married,tertiary,no,2880.0,no,no,cellular,29,jan,42.0,1,-1,0,unknown,no
40.0,admin.,married,secondary,no,1597.0,yes,no,unknown,30,may,633.0,1,-1,0,unknown,no
33.0,technician,divorced,tertiary,no,0.0,yes,no,cellular,2,jun,72.0,1,-1,0,unknown,no
35.0,management,divorced,tertiary,no,771.0,yes,yes,cellular,18,aug,221.0,5,-1,0,unknown,no
41.0,management,married,tertiary,no,30.0,no,no,cellular,19,aug,171.0,7,-1,0,unknown,no
33.0,technician,married,secondary,no,346.0,yes,yes,cellular,24,jul,379.0,1,-1,0,unknown,no
25.0,admin.,single,secondary,no,184.0,no,yes,telephone,11,jul,437.0,7,-1,0,unknown,no
34.0,management,married,,no,580.0,yes,no,cellular,10,jul,380.0,1,-1,0,unknown,no
28.0,blue-collar,single,unknown,no,913.0,yes,no,unknown,27,may,580.0,2,-1,0,unknown,no
41.0,admin.,divorced,secondary,no,1967.0,yes,no,cellular,18,may,115.0,1,341,1,failure,no
29.0,student,single,unknown,no,2929.0,no,no,cellular,11,aug,91.0,1,-1,0,unknown,no
38.0,technician,single,secondary,no,103.0,yes,no,cellular,2,feb,159.0,1,187,3,failure,no
39.0,blue-collar,married,secondary,no,661.0,yes,no,cellular,3,feb,84.0,4,267,4,failure,no
58.0,retired,married,secondary,no,19.0,no,yes,cellular,15,jul,106.0,3,-1,0,unknown,no
36.0,self-employed,single,tertiary,no,258.0,no,no,cellular,5,feb,230.0,1,-1,0,unknown,no
46.0,management,divorced,secondary,no,361.0,yes,no,unknown,19,may,86.0,7,-1,0,unknown,no
36.0,management,married,secondary,no,1898.0,yes,yes,unknown,30,may,233.0,1,-1,0,unknown,no
59.0,management,divorced,tertiary,no,0.0,no,no,telephone,30,jul,196.0,3,-1,0,unknown,no
36.0,technician,married,secondary,no,3579.0,no,no,cellular,14,aug,308.0,2,-1,0,unknown,no
34.0,housemaid,married,tertiary,no,1265.0,yes,no,unknown,6,jun,397.0,3,-1,0,unknown,no
29.0,technician,single,tertiary,no,940.0,yes,no,cellular,15,may,757.0,1,330,1,failure,no
39.0,blue-collar,married,secondary,no,854.0,yes,yes,cellular,6,may,181.0,1,-1,0,unknown,no
32.0,self-employed,married,tertiary,no,1464.0,no,no,telephone,14,aug,133.0,2,-1,0,unknown,no
29.0,services,married,secondary,no,3748.0,no,no,cellular,28,may,322.0,3,-1,0,unknown,no
53.0,technician,married,primary,no,6839.0,yes,no,cellular,19,nov,77.0,1,-1,0,unknown,no
29.0,blue-collar,married,primary,no,-235.0,yes,no,cellular,22,jul,189.0,1,-1,0,unknown,no
44.0,management,single,tertiary,yes,12.0,yes,no,cellular,19,nov,126.0,2,-1,0,unknown,no
28.0,student,single,tertiary,no,61.0,yes,no,cellular,16,jul,401.0,8,-1,0,unknown,no
37.0,technician,married,tertiary,no,0.0,no,no,cellular,28,aug,76.0,1,-1,0,unknown,no
45.0,management,divorced,tertiary,no,6269.0,yes,no,cellular,29,jul,20.0,2,-1,0,,no
39.0,blue-collar,married,secondary,no,142.0,no,yes,cellular,14,jul,424.0,4,-1,0,unknown,no
34.0,services,married,secondary,no,24.0,yes,no,unknown,28,may,124.0,1,-1,0,,no
32.0,blue-collar,married,unknown,no,1267.0,yes,no,cellular,18,may,66.0,2,-1,0,unknown,no
40.0,services,married,secondary,no,2346.0,no,no,unknown,16,jun,182.0,3,-1,0,unknown,no
30.0,technician,single,secondary,no,133.0,yes,no,cellular,29,jan,113.0,2,-1,0,unknown,no
55.0,management,married,,no,16786.0,no,no,cellular,18,nov,90.0,1,-1,0,unknown,no
50.0,management,married,tertiary,no,400.0,no,no,cellular,13,aug,343.0,2,-1,0,unknown,no
45.0,admin.,married,unknown,no,2033.0,no,no,cellular,28,may,48.0,4,-1,0,unknown,no
54.0,management,married,tertiary,no,1938.0,yes,no,telephone,31,jul,81.0,7,-1,0,unknown,no
37.0,admin.,married,,yes,0.0,no,no,unknown,9,jun,89.0,1,-1,0,unknown,no
40.0,entrepreneur,married,tertiary,no,-164.0,no,no,cellular,7,may,87.0,1,-1,0,unknown,no
39.0,management,married,tertiary,no,1241.0,yes,no,cellular,5,jun,138.0,2,-1,0,unknown,no
59.0,entrepreneur,married,primary,no,0.0,no,no,unknown,19,jun,239.0,1,-1,0,unknown,no
40.0,technician,married,secondary,no,214.0,no,no,cellular,25,aug,59.0,6,-1,0,unknown,no
48.0,management,single,tertiary,no,399.0,no,yes,cellular,7,aug,126.0,1,-1,0,unknown,no
73.0,retired,married,primary,no,1388.0,no,no,cellular,20,jul,146.0,3,190,3,success,no
28.0,self-employed,single,tertiary,no,805.0,no,no,cellular,12,nov,116.0,5,170,2,failure,no
50.0,services,single,secondary,no,1716.0,yes,no,cellular,7,apr,272.0,1,-1,0,unknown,no
35.0,unemployed,married,secondary,no,,no,no,unknown,19,jun,461.0,2,-1,0,unknown,no
45.0,services,single,secondary,no,1515.0,no,no,unknown,20,jun,14.0,4,-1,0,unknown,no
51.0,self-employed,married,secondary,no,44.0,yes,yes,telephone,21,jul,79.0,1,-1,0,unknown,no
47.0,admin.,single,primary,no,683.0,no,no,cellular,20,nov,101.0,1,-1,0,unknown,no
54.0,blue-collar,divorced,unknown,no,-473.0,yes,no,cellular,14,may,239.0,1,351,2,failure,no
54.0,services,married,secondary,no,4482.0,yes,no,unknown,20,may,97.0,2,-1,0,unknown,no
35.0,blue-collar,married,secondary,no,911.0,yes,no,cellular,20,nov,434.0,2,181,5,other,no
74.0,retired,married,secondary,no,3771.0,no,no,telephone,16,apr,159.0,1,-1,0,unknown,no
32.0,technician,married,secondary,no,1119.0,no,no,cellular,19,nov,371.0,2,-1,0,unknown,no
56.0,management,married,tertiary,no,-6.0,no,no,telephone,31,jul,29.0,16,-1,0,unknown,no
57.0,retired,divorced,secondary,no,-663.0,yes,no,cellular,13,may,210.0,1,351,2,failure,no
33.0,blue-collar,married,secondary,no,686.0,yes,yes,telephone,14,may,30.0,6,343,12,other,no
44.0,blue-collar,married,primary,no,112.0,yes,no,unknown,14,may,225.0,2,-1,0,unknown,no
30.0,admin.,divorced,secondary,no,83.0,yes,yes,unknown,6,may,310.0,1,-1,0,unknown,no
48.0,blue-collar,married,primary,no,418.0,yes,no,unknown,9,may,102.0,3,-1,0,unknown,no
38.0,management,married,secondary,no,3840.0,yes,yes,cellular,17,nov,62.0,1,-1,0,unknown,no
26.0,management,single,tertiary,no,7628.0,no,no,cellular,1,apr,263.0,1,-1,0,unknown,no
24.0,blue-collar,single,secondary,no,-10.0,yes,no,unknown,13,may,106.0,1,-1,0,unknown,no
28.0,management,married,secondary,no,3.0,yes,no,cellular,14,sep,112.0,2,24,2,other,no
55.0,management,married,tertiary,no,1433.0,no,no,unknown,12,jun,298.0,3,-1,0,unknown,no
40.0,technician,married,secondary,no,0.0,yes,yes,cellular,26,jul,105.0,2,172,1,failure,no
,management,married,tertiary,no,756.0,yes,no,unknown,2,jun,268.0,1,-1,0,unknown,no
43.0,services,divorced,secondary,no,313.0,yes,no,cellular,8,may,155.0,2,-1,0,unknown,no
32.0,blue-collar,married,secondary,no,4996.0,yes,no,unknown,20,may,205.0,2,-1,0,unknown,no
35.0,blue-collar,married,secondary,no,74.0,no,no,cellular,23,jul,248.0,2,-1,0,unknown,no
53.0,,married,tertiary,no,431.0,yes,no,cellular,5,may,55.0,1,328,1,failure,no
44.0,unemployed,divorced,secondary,no,522.0,no,no,cellular,7,apr,411.0,1,-1,0,unknown,no
42.0,housemaid,married,primary,no,0.0,no,yes,cellular,11,jul,83.0,2,-1,0,unknown,no
59.0,retired,married,tertiary,no,1296.0,no,no,cellular,11,aug,862.0,11,-1,0,unknown,no
32.0,blue-collar,single,secondary,no,435.0,yes,no,unknown,21,may,373.0,2,-1,0,unknown,no
47.0,blue-collar,married,secondary,no,2128.0,yes,no,telephone,17,apr,98.0,1,-1,0,unknown,no
30.0,management,single,secondary,no,-383.0,yes,no,cellular,18,may,170.0,1,-1,0,unknown,no
38.0,technician,single,secondary,no,1019.0,yes,no,cellular,6,may,249.0,1,-1,0,unknown,no
40.0,blue-collar,single,primary,no,1780.0,no,yes,unknown,11,jun,114.0,1,-1,0,unknown,no
34.0,management,single,tertiary,no,431.0,no,no,cellular,16,jul,401.0,1,-1,0,unknown,no
33.0,technician,single,tertiary,no,8097.0,no,yes,cellular,21,aug,500.0,2,-1,0,unknown,no
27.0,unemployed,single,secondary,no,0.0,yes,no,cellular,21,jul,53.0,6,-1,0,unknown,no
39.0,blue-collar,married,secondary,no,138.0,no,no,unknown,9,jun,61.0,2,-1,0,unknown,no
38.0,blue-collar,married,secondary,no,292.0,yes,yes,unknown,6,jun,84.0,2,-1,0,unknown,no
,services,married,tertiary,no,606.0,no,yes,cellular,18,nov,114.0,2,-1,0,unknown,no
59.0,blue-collar,married,secondary,no,0.0,yes,no,unknown,5,may,226.0,1,-1,0,unknown,no
37.0,management,married,tertiary,no,26.0,no,no,cellular,17,jun,151.0,7,62,4,failure,no
38.0,services,single,secondary,no,322.0,yes,no,unknown,26,may,61.0,1,-1,0,unknown,no
20.0,admin.,single,,no,336.0,no,yes,cellular,5,jun,133.0,1,-1,0,unknown,no
51.0,entrepreneur,married,tertiary,no,36935.0,yes,no,cellular,21,nov,41.0,1,-1,0,unknown,no
48.0,admin.,married,unknown,no,0.0,yes,no,cellular,8,may,85.0,1,168,2,failure,no
36.0,management,married,tertiary,no,928.0,yes,no,cellular,20,apr,239.0,1,-1,0,unknown,no
30.0,management,single,tertiary,no,2.0,no,no,cellular,27,aug,19.0,21,-1,0,unknown,no
45.0,management,married,tertiary,no,2220.0,yes,no,cellular,11,jul,128.0,2,-1,0,unknown,no
31.0,blue-collar,divorced,secondary,no,1125.0,no,yes,unknown,15,may,548.0,1,-1,0,unknown,no
40.0,technician,married,secondary,no,503.0,yes,no,unknown,14,may,127.0,3,-1,0,unknown,no
58.0,entrepreneur,married,tertiary,no,2920.0,yes,no,unknown,9,jun,136.0,1,-1,0,unknown,no
35.0,blue-collar,married,primary,no,4319.0,no,no,cellular,16,apr,266.0,1,-1,0,unknown,no
42.0,management,married,tertiary,no,0.0,no,no,cellular,6,aug,81.0,3,-1,0,unknown,no
48.0,blue-collar,married,primary,no,1080.0,yes,no,cellular,11,may,197.0,2,-1,0,unknown,no
52.0,technician,single,secondary,no,36.0,yes,no,unknown,16,may,335.0,1,-1,0,unknown,no
30.0,services,single,tertiary,no,803.0,no,no,cellular,30,apr,243.0,1,-1,0,unknown,no
43.0,blue-collar,married,primary,no,8.0,no,no,telephone,7,jul,245.0,5,-1,0,unknown,no
43.0,blue-collar,married,secondary,no,833.0,no,no,cellular,17,jul,156.0,1,-1,0,unknown,no
30.0,management,single,tertiary,no,3410.0,yes,no,cellular,18,may,140.0,1,-1,0,unknown,no
,technician,married,unknown,no,605.0,yes,no,cellular,20,apr,780.0,2,-1,0,unknown,no
43.0,entrepreneur,married,tertiary,no,13342.0,yes,no,cellular,18,nov,465.0,1,-1,0,unknown,no
36.0,admin.,married,tertiary,no,586.0,yes,no,cellular,28,jan,126.0,1,-1,0,unknown,no
42.0,management,married,tertiary,no,559.0,no,no,cellular,19,aug,88.0,1,-1,0,unknown,no
41.0,blue-collar,married,secondary,no,4910.0,yes,no,cellular,3,apr,1090.0,1,-1,0,unknown,no
50.0,management,single,secondary,no,4527.0,yes,no,cellular,14,may,140.0,1,-1,0,unknown,no
25.0,blue-collar,single,primary,no,-221.0,yes,no,unknown,23,may,250.0,1,-1,0,unknown,no
36.0,management,married,tertiary,no,242.0,yes,no,cellular,14,may,20.0,1,-1,0,unknown,no
59.0,retired,divorced,primary,no,20.0,no,no,cellular,10,jul,298.0,1,-1,0,unknown,no
50.0,admin.,divorced,secondary,no,797.0,yes,no,telephone,25,jul,72.0,8,-1,0,unknown,no
45.0,management,married,primary,no,321.0,yes,no,cellular,30,jul,918.0,4,-1,0,unknown,no
49.0,entrepreneur,married,tertiary,no,313.0,yes,no,cellular,17,nov,42.0,2,188,2,failure,no
54.0,technician,divorced,secondary,no,136.0,no,yes,cellular,10,jul,151.0,4,-1,0,unknown,no
33.0,admin.,married,secondary,no,0.0,yes,yes,cellular,9,jul,160.0,1,-1,0,unknown,no
67.0,technician,married,secondary,no,0.0,no,no,cellular,13,aug,1152.0,2,188,1,success,no
31.0,admin.,married,secondary,no,54.0,yes,no,cellular,21,nov,226.0,1,-1,0,unknown,no
59.0,blue-collar,divorced,secondary,no,0.0,no,yes,cellular,15,jul,237.0,4,-1,0,unknown,no
28.0,admin.,single,tertiary,no,373.0,yes,no,cellular,4,feb,126.0,1,-1,0,unknown,no
58.0,management,divorced,tertiary,no,577.0,no,no,unknown,15,may,1244.0,3,-1,0,unknown,no
30.0,services,divorced,secondary,no,0.0,no,no,cellular,29,jan,89.0,1,-1,0,unknown,no
53.0,retired,married,secondary,no,1296.0,yes,no,unknown,17,jun,115.0,1,-1,0,unknown,no
51.0,unknown,married,unknown,no,2642.0,no,no,cellular,29,jul,52.0,6,-1,0,unknown,no
47.0,blue-collar,married,secondary,no,3237.0,yes,no,unknown,15,may,198.0,3,-1,0,unknown,no
30.0,management,single,tertiary,no,1191.0,no,no,cellular,11,aug,381.0,4,-1,0,unknown,no
38.0,management,married,tertiary,no,2278.0,yes,yes,cellular,13,may,244.0,1,-1,0,unknown,no
53.0,technician,single,secondary,no,-165.0,yes,no,cellular,9,jul,89.0,1,-1,0,unknown,no
59.0,retired,married,unknown,no,178.0,yes,no,telephone,11,jul,330.0,2,-1,0,unknown,no
57.0,unemployed,married,tertiary,no,209.0,no,no,unknown,19,jun,453.0,1,-1,0,unknown,no
36.0,self-employed,single,tertiary,no,3560.0,no,no,unknown,2,jun,409.0,2,-1,0,unknown,no
42.0,blue-collar,married,secondary,no,490.0,yes,no,unknown,5,may,386.0,2,-1,0,unknown,no
56.0,technician,single,secondary,no,3499.0,yes,no,unknown,29,may,248.0,3,-1,0,unknown,no
38.0,unemployed,married,secondary,no,995.0,no,no,unknown,26,jul,84.0,1,-1,0,unknown,no
47.0,management,married,unknown,no,1128.0,no,no,cellular,28,jan,65.0,2,-1,0,unknown,no
30.0,self-employed,married,tertiary,no,163.0,yes,no,cellular,18,may,149.0,1,362,8,other,no
42.0,entrepreneur,single,primary,no,103.0,yes,no,unknown,19,may,156.0,5,-1,0,unknown,no
34.0,management,divorced,tertiary,no,70.0,yes,no,unknown,22,jul,5.0,1,701,6,other,no
29.0,services,married,secondary,no,191.0,yes,no,cellular,17,apr,87.0,1,-1,0,unknown,no
49.0,management,married,secondary,no,1601.0,no,no,cellular,29,jul,47.0,5,-1,0,unknown,no
59.0,management,married,tertiary,no,287.0,yes,no,cellular,20,apr,818.0,2,242,8,failure,no
30.0,management,single,tertiary,no,199.0,no,yes,cellular,28,jul,131.0,7,-1,0,unknown,no
37.0,technician,married,secondary,no,177.0,yes,no,cellular,16,jul,464.0,3,-1,0,unknown,no
27.0,admin.,single,tertiary,no,832.0,no,no,cellular,21,apr,336.0,1,-1,0,unknown,no
24.0,student,single,secondary,no,493.0,yes,no,,13,may,85.0,4,358,1,other,no
55.0,management,married,tertiary,no,13578.0,no,no,cellular,29,oct,247.0,2,-1,0,unknown,no
60.0,technician,divorced,secondary,no,-50.0,no,no,cellular,28,aug,433.0,12,-1,0,unknown,no
30.0,services,married,secondary,no,292.0,yes,yes,cellular,15,apr,651.0,4,-1,0,unknown,no
34.0,blue-collar,divorced,secondary,no,0.0,yes,no,cellular,5,may,150.0,1,-1,0,unknown,no
36.0,admin.,married,secondary,no,0.0,no,yes,cellular,29,jul,113.0,8,-1,0,unknown,no
44.0,blue-collar,married,secondary,no,294.0,yes,no,unknown,19,may,66.0,2,-1,0,unknown,no
38.0,management,married,tertiary,no,-558.0,yes,no,cellular,21,jul,533.0,1,-1,0,unknown,no
60.0,management,married,tertiary,yes,-311.0,no,no,cellular,25,aug,151.0,6,-1,0,unknown,no
58.0,services,married,secondary,no,688.0,no,no,cellular,6,aug,152.0,2,-1,0,unknown,no
30.0,admin.,single,secondary,no,-548.0,yes,yes,,28,jul,70.0,2,-1,0,unknown,no
39.0,technician,married,tertiary,no,94.0,no,no,cellular,7,aug,70.0,2,-1,0,unknown,no
44.0,housemaid,single,secondary,no,299.0,no,no,cellular,20,nov,186.0,1,-1,0,unknown,no
32.0,management,married,secondary,no,6217.0,yes,yes,cellular,18,nov,486.0,2,181,2,failure,no
32.0,blue-collar,married,primary,no,494.0,yes,no,unknown,26,may,252.0,2,-1,0,unknown,no
47.0,admin.,single,secondary,no,594.0,yes,no,unknown,7,may,161.0,1,-1,0,unknown,no
37.0,technician,married,tertiary,yes,0.0,yes,no,unknown,14,may,93.0,14,-1,0,unknown,no
86.0,retired,divorced,unknown,no,157.0,no,no,telephone,7,sep,147.0,1,-1,0,unknown,no
38.0,technician,married,secondary,no,183.0,yes,no,cellular,16,apr,256.0,3,339,2,failure,no
31.0,management,married,tertiary,no,22867.0,yes,no,unknown,27,may,241.0,2,-1,0,unknown,no
49.0,services,single,secondary,no,1884.0,yes,no,cellular,8,may,43.0,1,-1,0,unknown,no
53.0,retired,married,primary,no,0.0,no,yes,unknown,27,jun,747.0,1,-1,0,unknown,no
55.0,management,divorced,tertiary,no,446.0,no,no,cellular,2,feb,159.0,1,-1,0,unknown,no
30.0,management,single,tertiary,no,114.0,no,no,cellular,14,aug,65.0,4,-1,0,unknown,no
41.0,management,married,tertiary,no,217.0,no,no,cellular,19,nov,328.0,1,-1,0,unknown,no
31.0,services,married,secondary,no,1783.0,yes,yes,cellular,6,may,219.0,1,-1,0,unknown,no
39.0,services,married,secondary,no,208.0,no,yes,cellular,9,feb,122.0,2,-1,0,unknown,no
43.0,blue-collar,married,secondary,no,1311.0,yes,no,unknown,14,may,746.0,1,-1,0,unknown,no
45.0,management,divorced,tertiary,no,2813.0,yes,no,cellular,13,may,43.0,1,-1,0,unknown,no
42.0,management,married,tertiary,no,783.0,yes,no,cellular,19,nov,77.0,2,128,3,failure,no
35.0,management,single,tertiary,no,243.0,yes,no,unknown,12,may,102.0,3,-1,0,unknown,no
43.0,self-employed,married,secondary,no,5704.0,yes,no,cellular,6,aug,139.0,2,-1,0,unknown,no
54.0,management,married,secondary,no,2895.0,yes,no,cellular,9,feb,20.0,2,256,1,failure,no
43.0,blue-collar,married,primary,no,377.0,no,yes,unknown,20,jun,11.0,5,-1,0,unknown,no
33.0,admin.,married,secondary,no,2.0,yes,no,,20,may,201.0,1,-1,0,unknown,no
31.0,management,single,tertiary,no,153.0,no,no,cellular,9,feb,65.0,3,-1,0,unknown,no
42.0,unemployed,married,secondary,no,-165.0,yes,yes,unknown,27,may,179.0,3,-1,0,unknown,no
34.0,blue-collar,single,secondary,no,2764.0,yes,no,cellular,13,may,158.0,1,357,1,failure,no
36.0,blue-collar,married,secondary,no,6699.0,yes,no,cellular,20,apr,201.0,3,-1,0,unknown,no
51.0,services,married,secondary,no,7.0,yes,no,cellular,31,jul,8.0,30,-1,0,unknown,no
50.0,blue-collar,married,primary,no,2590.0,yes,no,unknown,9,may,257.0,6,-1,0,unknown,no
32.0,student,single,secondary,no,14.0,no,no,cellular,19,aug,144.0,3,136,1,other,no
37.0,management,married,tertiary,no,2672.0,yes,no,cellular,11,aug,549.0,1,-1,0,unknown,no
50.0,blue-collar,divorced,secondary,no,881.0,yes,yes,cellular,20,apr,162.0,1,-1,0,unknown,no
52.0,blue-collar,married,primary,no,4793.0,yes,no,unknown,6,jun,176.0,2,-1,0,unknown,no
30.0,,divorced,secondary,no,370.0,yes,no,unknown,15,may,160.0,1,-1,0,unknown,no
38.0,management,single,tertiary,no,6836.0,yes,no,unknown,29,may,374.0,4,-1,0,unknown,no
50.0,blue-collar,married,primary,no,859.0,yes,yes,telephone,9,feb,56.0,5,196,7,failure,no
32.0,blue-collar,single,secondary,no,1940.0,yes,yes,unknown,13,may,299.0,3,-1,0,unknown,no
24.0,blue-collar,single,primary,no,1033.0,yes,no,cellular,24,nov,283.0,1,-1,0,unknown,no
36.0,management,married,tertiary,no,532.0,yes,no,cellular,14,may,603.0,1,-1,0,unknown,no
42.0,technician,single,secondary,no,-321.0,no,no,cellular,28,jan,230.0,2,-1,0,unknown,no
50.0,blue-collar,married,primary,no,383.0,no,no,,2,oct,382.0,2,-1,0,unknown,no
41.0,blue-collar,married,primary,no,865.0,no,yes,unknown,19,may,19.0,5,-1,0,unknown,no
34.0,admin.,single,secondary,no,1352.0,yes,no,cellular,20,apr,126.0,1,334,3,other,no
29.0,technician,married,tertiary,no,-722.0,no,yes,unknown,27,jun,121.0,4,-1,0,unknown,no
47.0,management,married,secondary,no,1144.0,no,yes,cellular,29,jan,324.0,1,-1,0,unknown,no
44.0,blue-collar,married,secondary,no,794.0,yes,no,cellular,5,feb,342.0,1,252,1,other,no
49.0,self-employed,married,secondary,no,2061.0,yes,yes,unknown,30,may,137.0,3,-1,0,unknown,no
39.0,blue-collar,divorced,secondary,no,36.0,yes,no,unknown,12,may,109.0,2,-1,0,unknown,no
31.0,entrepreneur,single,tertiary,no,734.0,yes,no,cellular,7,may,295.0,1,168,4,other,no
36.0,services,single,secondary,no,99.0,no,no,unknown,17,jun,256.0,9,-1,0,unknown,no
44.0,blue-collar,married,secondary,no,879.0,yes,no,cellular,3,apr,383.0,1,-1,0,unknown,no
29.0,management,married,tertiary,no,0.0,yes,no,telephone,15,jul,91.0,2,-1,0,unknown,no
33.0,management,single,tertiary,no,4128.0,yes,no,unknown,12,may,456.0,6,-1,0,unknown,no
40.0,admin.,married,secondary,no,0.0,yes,no,unknown,23,may,193.0,2,-1,0,unknown,no
33.0,management,single,tertiary,no,275.0,no,no,cellular,18,nov,348.0,1,-1,0,unknown,no
54.0,management,married,tertiary,no,6525.0,yes,no,cellular,19,nov,133.0,1,170,3,failure,no
32.0,management,single,tertiary,no,9317.0,no,no,cellular,2,nov,92.0,3,-1,0,unknown,no
57.0,management,married,tertiary,no,350.0,no,no,telephone,4,may,87.0,3,-1,0,unknown,no
46.0,management,married,tertiary,no,699.0,no,no,cellular,2,feb,241.0,1,-1,0,unknown,no
30.0,blue-collar,single,secondary,no,906.0,yes,yes,unknown,21,may,218.0,7,-1,0,unknown,no
35.0,management,married,secondary,no,97.0,yes,no,unknown,29,may,135.0,4,-1,0,unknown,no
36.0,admin.,single,secondary,no,115.0,no,no,cellular,4,may,134.0,3,91,1,failure,no
37.0,admin.,married,secondary,no,36.0,yes,no,unknown,13,may,428.0,1,-1,0,unknown,no
41.0,admin.,divorced,secondary,no,1076.0,yes,no,cellular,3,jun,77.0,2,391,2,other,no
38.0,blue-collar,single,secondary,no,-56.0,yes,yes,unknown,6,jun,247.0,2,-1,0,unknown,no
34.0,admin.,single,secondary,no,1504.0,yes,no,unknown,12,may,395.0,3,-1,0,unknown,no
45.0,services,single,secondary,no,482.0,yes,yes,unknown,30,may,637.0,2,-1,0,unknown,no
53.0,blue-collar,married,secondary,no,208.0,no,no,unknown,20,jun,333.0,15,-1,0,unknown,no
42.0,management,married,tertiary,no,441.0,no,no,cellular,7,aug,296.0,9,-1,0,unknown,no
55.0,admin.,married,secondary,no,-2.0,no,no,cellular,28,aug,76.0,1,-1,0,unknown,no
57.0,housemaid,divorced,primary,no,8278.0,no,no,cellular,17,nov,408.0,3,-1,0,unknown,no
58.0,management,married,secondary,no,407.0,yes,no,cellular,29,jul,145.0,2,-1,0,unknown,no
48.0,technician,married,secondary,no,197.0,no,yes,cellular,3,feb,47.0,2,222,3,other,no
33.0,technician,married,secondary,no,348.0,yes,no,cellular,7,may,263.0,2,294,1,success,no
43.0,technician,divorced,tertiary,no,101.0,no,no,cellular,19,aug,173.0,3,-1,0,,no
29.0,blue-collar,married,secondary,no,294.0,yes,no,unknown,14,may,594.0,2,-1,0,unknown,no
26.0,admin.,single,tertiary,no,3730.0,yes,no,cellular,11,mar,93.0,1,98,4,other,no
56.0,management,divorced,tertiary,no,3885.0,yes,no,cellular,10,jul,51.0,1,-1,0,unknown,no
54.0,technician,married,tertiary,no,4582.0,yes,no,unknown,15,may,165.0,1,-1,0,unknown,no
33.0,services,married,secondary,no,403.0,yes,no,unknown,20,may,274.0,2,-1,0,unknown,no
36.0,entrepreneur,single,tertiary,no,145.0,yes,no,cellular,18,may,450.0,2,304,2,success,no
46.0,technician,single,secondary,no,834.0,yes,no,cellular,11,jul,196.0,2,-1,0,unknown,no
40.0,services,married,secondary,no,664.0,yes,yes,cellular,18,may,29.0,5,-1,0,unknown,no
50.0,management,divorced,tertiary,no,299.0,no,no,cellular,17,nov,666.0,3,-1,0,unknown,no
55.0,entrepreneur,divorced,primary,no,29.0,no,no,unknown,16,jun,500.0,1,-1,0,unknown,no
41.0,admin.,married,secondary,no,124.0,yes,no,cellular,12,may,191.0,3,-1,0,unknown,no
26.0,technician,single,secondary,no,124.0,yes,no,unknown,12,may,57.0,8,-1,0,unknown,no
35.0,management,single,tertiary,no,0.0,no,no,cellular,29,aug,131.0,2,-1,0,unknown,no
53.0,self-employed,married,tertiary,no,20.0,yes,no,cellular,7,aug,218.0,2,-1,0,unknown,no
31.0,technician,single,secondary,no,31868.0,no,no,telephone,14,aug,34.0,6,-1,0,unknown,no
59.0,retired,married,secondary,no,599.0,yes,no,cellular,7,may,,1,-1,0,unknown,no
42.0,technician,divorced,secondary,no,248.0,no,no,cellular,19,aug,163.0,4,-1,0,unknown,no
45.0,technician,married,secondary,no,0.0,no,no,telephone,13,aug,99.0,1,-1,0,unknown,no
58.0,admin.,married,primary,no,879.0,yes,no,unknown,16,may,242.0,7,-1,0,unknown,no
33.0,technician,single,tertiary,no,34.0,no,no,cellular,28,aug,13.0,30,-1,0,unknown,no
47.0,blue-collar,married,secondary,no,2548.0,yes,no,cellular,11,may,577.0,1,368,1,other,no
31.0,services,single,secondary,no,3.0,yes,no,cellular,5,may,41.0,1,-1,0,unknown,no
40.0,admin.,married,secondary,no,1395.0,yes,yes,cellular,7,jul,122.0,2,-1,0,unknown,no
28.0,blue-collar,married,primary,no,-196.0,no,no,cellular,7,jul,209.0,1,-1,0,unknown,no
42.0,blue-collar,married,primary,no,205.0,yes,no,cellular,17,apr,582.0,1,-1,0,unknown,no
53.0,blue-collar,single,secondary,no,1442.0,no,no,telephone,9,dec,137.0,8,188,2,other,no
33.0,admin.,married,secondary,no,393.0,yes,no,unknown,28,may,383.0,1,-1,0,unknown,no
28.0,blue-collar,married,secondary,no,-185.0,yes,yes,unknown,13,may,170.0,1,-1,0,unknown,no
50.0,housemaid,single,primary,no,1158.0,yes,no,cellular,3,feb,116.0,3,265,3,failure,no
30.0,blue-collar,single,secondary,no,1165.0,yes,no,cellular,18,may,365.0,2,-1,0,unknown,no
37.0,blue-collar,married,secondary,no,10721.0,yes,no,unknown,18,jun,394.0,3,-1,0,unknown,no
39.0,technician,divorced,secondary,no,1270.0,yes,no,unknown,29,may,245.0,4,-1,0,unknown,no
29.0,management,married,tertiary,no,16.0,yes,no,cellular,16,jul,605.0,6,-1,0,unknown,no
32.0,technician,single,secondary,no,930.0,yes,no,unknown,21,may,122.0,1,-1,0,unknown,no
38.0,technician,single,tertiary,no,0.0,no,no,cellular,28,aug,247.0,2,-1,0,unknown,no
55.0,technician,married,secondary,no,0.0,no,no,cellular,27,jul,,2,-1,0,unknown,no
38.0,admin.,married,primary,no,-175.0,yes,no,telephone,21,jul,86.0,9,-1,0,unknown,no
47.0,blue-collar,married,primary,no,328.0,yes,no,cellular,7,may,58.0,1,-1,0,unknown,no
57.0,management,married,secondary,no,0.0,no,no,cellular,28,jan,132.0,1,-1,0,unknown,no
32.0,technician,married,secondary,no,2556.0,no,no,cellular,6,aug,269.0,3,-1,0,unknown,no
37.0,unemployed,married,secondary,no,4969.0,yes,no,cellular,6,may,169.0,1,-1,0,unknown,no
30.0,management,single,tertiary,no,726.0,yes,no,cellular,16,apr,39.0,1,342,3,failure,no
39.0,technician,married,secondary,no,-1451.0,yes,yes,cellular,30,jul,65.0,5,-1,0,unknown,no
45.0,housemaid,divorced,primary,no,221.0,no,no,cellular,2,feb,93.0,1,235,1,failure,no
25.0,student,single,secondary,no,3090.0,no,no,cellular,21,aug,139.0,1,-1,0,unknown,no
53.0,services,married,unknown,no,257.0,yes,no,unknown,5,may,209.0,2,-1,0,unknown,no
39.0,management,single,tertiary,no,139.0,no,no,cellular,22,aug,109.0,2,-1,0,unknown,no
35.0,management,married,tertiary,no,3168.0,no,no,cellular,22,aug,24.0,30,-1,0,unknown,no
58.0,housemaid,married,primary,no,260.0,yes,no,telephone,15,may,71.0,5,364,3,failure,no
27.0,self-employed,single,tertiary,no,4574.0,no,no,cellular,12,aug,187.0,2,-1,0,,no
39.0,housemaid,single,primary,no,109.0,yes,no,unknown,6,may,699.0,3,-1,0,unknown,no
41.0,blue-collar,married,secondary,no,140.0,yes,no,cellular,3,jun,96.0,1,125,2,failure,no
56.0,management,married,tertiary,no,-45.0,yes,no,unknown,30,may,116.0,6,-1,0,unknown,no
54.0,technician,married,tertiary,no,6507.0,no,no,cellular,26,may,145.0,1,-1,0,unknown,no
46.0,blue-collar,married,primary,no,1291.0,yes,no,cellular,14,may,142.0,3,259,17,failure,no
35.0,management,married,tertiary,yes,-10.0,yes,no,cellular,15,may,168.0,2,364,1,other,no
41.0,admin.,single,secondary,no,0.0,no,no,telephone,25,jul,286.0,2,-1,0,unknown,no
36.0,blue-collar,married,primary,no,-20.0,yes,no,unknown,7,may,353.0,3,-1,0,unknown,no
37.0,admin.,single,secondary,no,309.0,yes,no,cellular,15,may,58.0,3,-1,0,unknown,no
28.0,technician,single,secondary,no,250.0,no,yes,cellular,29,jan,133.0,1,-1,0,unknown,no
49.0,,single,tertiary,no,370.0,no,no,cellular,19,aug,386.0,3,-1,0,unknown,no
41.0,unemployed,married,primary,no,183.0,yes,no,cellular,29,jul,271.0,1,-1,0,unknown,no
60.0,retired,married,secondary,no,8590.0,no,no,unknown,5,jun,85.0,1,-1,0,unknown,no
30.0,technician,married,secondary,no,1011.0,yes,no,unknown,16,may,109.0,1,-1,0,unknown,no
48.0,services,married,secondary,no,1355.0,no,no,cellular,12,aug,409.0,7,-1,0,unknown,no
35.0,technician,single,secondary,no,1609.0,yes,no,unknown,30,may,288.0,3,-1,0,unknown,no
28.0,blue-collar,single,secondary,no,75.0,no,no,unknown,1,jun,7.0,1,-1,0,unknown,no
42.0,admin.,married,secondary,no,12.0,yes,no,cellular,16,apr,466.0,4,-1,0,unknown,no
32.0,admin.,married,secondary,no,3540.0,yes,no,cellular,18,may,213.0,1,178,1,failure,no
40.0,management,married,secondary,no,8486.0,no,no,unknown,6,may,260.0,3,-1,0,unknown,no
53.0,management,married,tertiary,no,20772.0,no,no,cellular,4,feb,715.0,1,-1,0,unknown,no
55.0,blue-collar,married,primary,no,3297.0,yes,yes,telephone,30,apr,96.0,1,-1,0,unknown,no
41.0,management,married,tertiary,no,9.0,yes,no,cellular,22,jul,82.0,3,-1,0,unknown,no
33.0,management,married,tertiary,no,-139.0,no,no,cellular,8,jul,290.0,1,-1,0,unknown,no
58.0,blue-collar,married,secondary,no,381.0,no,no,cellular,11,nov,79.0,4,-1,0,unknown,no
32.0,blue-collar,single,secondary,no,760.0,yes,no,cellular,16,apr,445.0,1,148,2,other,no
36.0,blue-collar,married,unknown,no,722.0,yes,no,unknown,20,may,268.0,2,-1,0,unknown,no
31.0,technician,single,tertiary,yes,24.0,no,no,cellular,21,aug,246.0,2,-1,0,unknown,no
33.0,management,married,tertiary,no,148.0,no,no,unknown,20,may,717.0,1,-1,0,unknown,no
45.0,blue-collar,married,primary,no,6691.0,no,no,cellular,13,aug,211.0,2,-1,0,unknown,no
40.0,housemaid,married,primary,no,0.0,no,no,cellular,28,aug,16.0,20,-1,0,unknown,no
29.0,blue-collar,married,primary,no,787.0,yes,no,cellular,24,jul,257.0,2,-1,0,unknown,no
53.0,self-employed,married,primary,no,4576.0,no,no,telephone,30,jul,82.0,2,-1,0,unknown,no
53.0,technician,divorced,unknown,no,629.0,yes,no,cellular,8,may,298.0,1,-1,0,unknown,no
35.0,management,married,tertiary,no,1193.0,yes,no,unknown,2,jun,101.0,2,-1,0,unknown,no
33.0,blue-collar,married,primary,no,-132.0,yes,yes,cellular,18,may,170.0,6,-1,0,unknown,no
38.0,entrepreneur,married,tertiary,no,1438.0,no,no,cellular,13,nov,122.0,5,-1,0,unknown,no
31.0,blue-collar,single,secondary,no,-159.0,no,yes,telephone,21,nov,49.0,1,-1,0,unknown,no
48.0,admin.,married,secondary,no,2235.0,yes,yes,unknown,15,may,755.0,2,-1,0,unknown,no
25.0,services,married,secondary,no,10.0,yes,no,cellular,7,may,51.0,1,294,1,failure,no
35.0,management,single,tertiary,no,805.0,no,no,cellular,17,sep,613.0,1,-1,0,unknown,no
55.0,blue-collar,married,primary,no,-79.0,no,yes,unknown,27,jun,293.0,3,-1,0,unknown,no
31.0,blue-collar,married,secondary,no,1664.0,yes,no,cellular,7,may,603.0,2,17,2,failure,no
43.0,unemployed,divorced,secondary,no,0.0,yes,no,cellular,24,jul,229.0,2,-1,0,unknown,no
31.0,admin.,single,secondary,no,690.0,no,no,cellular,4,may,10.0,4,87,12,failure,no
56.0,services,married,unknown,no,616.0,no,no,unknown,18,jun,1812.0,1,-1,0,unknown,no
34.0,unemployed,married,secondary,no,200.0,yes,no,unknown,26,may,155.0,6,-1,0,unknown,no
55.0,unemployed,married,primary,no,8585.0,no,no,telephone,28,jan,201.0,2,-1,0,unknown,no
25.0,technician,single,secondary,no,173.0,yes,no,cellular,15,may,186.0,2,-1,0,unknown,no
57.0,admin.,married,secondary,no,808.0,no,no,cellular,14,jul,417.0,3,-1,0,unknown,no
47.0,services,married,unknown,no,4822.0,yes,no,unknown,21,may,154.0,5,-1,0,unknown,no
46.0,technician,married,secondary,no,966.0,yes,yes,cellular,19,aug,40.0,2,-1,0,unknown,no
41.0,management,married,tertiary,no,141.0,yes,yes,unknown,8,may,146.0,3,-1,0,unknown,no
26.0,services,single,secondary,no,531.0,yes,yes,cellular,6,feb,184.0,1,-1,0,unknown,no
42.0,blue-collar,married,unknown,no,1154.0,yes,no,cellular,16,apr,341.0,2,336,3,other,no
37.0,admin.,married,secondary,no,68.0,yes,yes,cellular,13,may,151.0,2,351,1,failure,no
34.0,admin.,married,secondary,no,1499.0,yes,no,cellular,13,apr,186.0,1,327,2,failure,no
49.0,entrepreneur,divorced,secondary,no,2908.0,no,no,unknown,6,jun,322.0,1,-1,0,unknown,no
32.0,blue-collar,married,secondary,yes,-238.0,yes,no,unknown,27,may,427.0,1,-1,0,unknown,no
38.0,technician,single,secondary,no,1685.0,yes,no,unknown,5,may,185.0,1,-1,0,unknown,no
37.0,self-employed,married,secondary,yes,0.0,yes,no,cellular,17,jul,158.0,1,-1,0,unknown,no
32.0,admin.,single,secondary,no,4344.0,yes,no,cellular,17,nov,79.0,2,118,3,failure,no
43.0,technician,married,secondary,no,0.0,no,no,cellular,19,aug,313.0,3,-1,0,unknown,no
39.0,technician,married,primary,no,1846.0,no,no,cellular,5,feb,306.0,5,-1,0,unknown,no
34.0,technician,married,secondary,no,4.0,yes,no,cellular,2,feb,105.0,2,263,1,failure,no
38.0,blue-collar,married,secondary,no,360.0,yes,no,unknown,14,may,220.0,2,-1,0,unknown,no
40.0,management,divorced,tertiary,no,205.0,no,no,cellular,25,jul,357.0,1,-1,0,unknown,no
34.0,technician,single,secondary,no,18777.0,yes,no,cellular,18,nov,535.0,1,-1,0,unknown,no
34.0,blue-collar,married,primary,no,218.0,yes,yes,unknown,21,may,260.0,1,-1,0,unknown,no
46.0,housemaid,married,primary,no,312.0,yes,yes,cellular,25,jul,137.0,7,-1,0,unknown,no
31.0,entrepreneur,married,secondary,no,15.0,no,yes,cellular,29,jan,190.0,2,-1,0,unknown,no
42.0,blue-collar,married,primary,no,0.0,no,no,unknown,20,jun,19.0,2,-1,0,unknown,no
45.0,self-employed,single,primary,no,112.0,no,no,unknown,20,jun,,4,-1,0,unknown,no
54.0,housemaid,divorced,tertiary,no,9.0,no,yes,cellular,29,jul,136.0,3,-1,0,unknown,no
45.0,unemployed,divorced,secondary,no,-44.0,yes,no,cellular,7,jul,256.0,2,-1,0,unknown,no
36.0,blue-collar,married,unknown,no,1023.0,yes,no,cellular,4,feb,184.0,2,-1,0,unknown,no
28.0,technician,single,secondary,no,3.0,no,no,telephone,18,may,40.0,8,349,6,failure,no
50.0,services,married,secondary,no,77.0,no,no,cellular,27,may,138.0,2,-1,0,unknown,no
39.0,admin.,single,secondary,no,0.0,no,yes,unknown,19,jun,142.0,1,-1,0,unknown,no
33.0,entrepreneur,married,secondary,no,137.0,yes,no,cellular,15,jul,136.0,3,-1,0,unknown,no
30.0,technician,single,secondary,no,-232.0,no,yes,cellular,7,aug,118.0,2,-1,0,unknown,no
32.0,services,married,secondary,no,0.0,no,no,cellular,31,jul,105.0,6,-1,0,unknown,no
27.0,services,single,secondary,no,139.0,no,no,cellular,25,jul,165.0,3,-1,0,unknown,no
34.0,technician,married,secondary,no,47.0,no,no,cellular,25,aug,132.0,6,-1,0,unknown,no
47.0,blue-collar,married,primary,no,-58.0,yes,no,cellular,18,jul,92.0,2,-1,0,unknown,no
39.0,blue-collar,married,primary,no,34.0,yes,no,unknown,27,may,114.0,1,-1,0,unknown,no
30.0,technician,married,secondary,no,590.0,yes,no,unknown,23,may,242.0,3,-1,0,unknown,no
31.0,blue-collar,married,secondary,no,435.0,yes,no,unknown,21,may,204.0,1,-1,0,unknown,no
38.0,management,divorced,tertiary,no,441.0,yes,no,cellular,30,jan,67.0,1,-1,0,unknown,no
54.0,housemaid,married,primary,no,212.0,no,no,cellular,12,aug,81.0,4,-1,0,unknown,no
34.0,management,single,tertiary,yes,621.0,no,no,cellular,28,aug,205.0,3,-1,0,unknown,no
26.0,services,single,secondary,no,162.0,yes,no,cellular,2,mar,185.0,2,130,8,other,no
41.0,self-employed,divorced,tertiary,no,4418.0,yes,no,cellular,21,nov,855.0,3,-1,0,unknown,no
31.0,technician,married,secondary,no,522.0,yes,yes,cellular,27,aug,308.0,4,-1,0,unknown,no
31.0,management,divorced,tertiary,no,-547.0,yes,yes,cellular,31,jul,101.0,10,-1,0,unknown,no
33.0,blue-collar,married,secondary,no,,yes,no,cellular,19,nov,330.0,2,-1,0,unknown,no
35.0,technician,single,unknown,no,726.0,yes,no,cellular,5,may,163.0,1,-1,0,unknown,no
58.0,housemaid,married,primary,no,435.0,yes,no,telephone,28,jul,122.0,6,-1,0,unknown,no
38.0,blue-collar,married,secondary,no,530.0,yes,no,cellular,20,apr,59.0,3,-1,0,unknown,no
35.0,blue-collar,married,secondary,no,106.0,yes,no,cellular,14,apr,252.0,5,-1,0,unknown,no
38.0,management,married,tertiary,no,590.0,no,no,cellular,31,jul,49.0,2,-1,0,unknown,no
55.0,retired,married,tertiary,no,2929.0,no,no,unknown,16,jun,556.0,3,-1,0,unknown,no
31.0,technician,single,secondary,no,147.0,yes,no,unknown,7,may,374.0,1,-1,0,unknown,no
28.0,technician,single,secondary,no,2000.0,no,no,telephone,3,feb,226.0,2,-1,0,unknown,no
40.0,management,married,tertiary,no,143.0,no,no,cellular,13,aug,832.0,6,-1,0,,no
33.0,admin.,single,tertiary,no,193.0,no,no,unknown,5,may,132.0,2,-1,0,unknown,no
33.0,self-employed,single,tertiary,no,658.0,yes,no,cellular,12,apr,93.0,1,173,2,success,no
31.0,management,single,tertiary,yes,-365.0,yes,no,unknown,30,may,319.0,6,-1,0,,no
25.0,services,married,secondary,no,50.0,yes,no,unknown,5,may,342.0,1,-1,0,unknown,no
41.0,technician,single,unknown,no,356.0,yes,no,unknown,13,may,93.0,2,-1,0,unknown,no
34.0,blue-collar,married,primary,no,6718.0,no,no,cellular,13,jan,278.0,4,97,1,other,no
37.0,management,married,,no,21.0,no,no,cellular,21,aug,50.0,12,-1,0,unknown,no
41.0,management,married,tertiary,no,3872.0,no,no,cellular,15,oct,231.0,1,-1,0,unknown,no
52.0,services,married,secondary,no,820.0,yes,no,cellular,2,feb,135.0,2,-1,0,unknown,no
54.0,retired,divorced,tertiary,no,6102.0,yes,yes,unknown,21,may,86.0,6,-1,0,unknown,no
33.0,management,married,tertiary,no,516.0,yes,no,cellular,19,nov,245.0,4,-1,0,unknown,no
60.0,retired,married,tertiary,no,0.0,no,no,cellular,25,aug,101.0,3,-1,0,unknown,no
25.0,services,single,secondary,no,199.0,no,no,cellular,16,aug,111.0,2,95,3,other,no
33.0,management,married,tertiary,no,584.0,yes,no,cellular,7,aug,269.0,3,-1,0,unknown,no
37.0,management,single,tertiary,no,1449.0,no,no,unknown,3,jun,291.0,1,-1,0,unknown,no
50.0,management,single,tertiary,no,490.0,no,no,cellular,14,aug,273.0,5,-1,0,unknown,no
40.0,blue-collar,married,primary,no,919.0,yes,no,unknown,3,jun,327.0,2,-1,0,unknown,no
60.0,technician,married,primary,no,4243.0,yes,no,cellular,4,feb,387.0,1,251,1,failure,no
42.0,admin.,married,secondary,no,6445.0,yes,no,unknown,2,jun,20.0,8,-1,0,unknown,no
40.0,technician,single,tertiary,no,47.0,yes,no,cellular,5,may,159.0,1,365,1,failure,no
27.0,management,single,tertiary,no,390.0,no,no,cellular,28,oct,190.0,1,82,1,success,no
44.0,blue-collar,single,secondary,no,25.0,yes,no,cellular,12,may,244.0,3,-1,0,unknown,no
34.0,services,single,secondary,no,2257.0,no,yes,telephone,30,jan,,2,-1,0,unknown,no
34.0,housemaid,married,tertiary,no,677.0,no,no,cellular,9,feb,37.0,2,-1,0,unknown,no
38.0,services,married,tertiary,no,0.0,yes,no,cellular,17,apr,239.0,1,147,4,failure,no
31.0,unemployed,single,secondary,no,209.0,yes,no,cellular,6,may,193.0,1,-1,0,unknown,no
57.0,unemployed,married,primary,no,2743.0,no,no,cellular,29,jan,89.0,1,-1,0,unknown,no
31.0,blue-collar,married,primary,no,50.0,yes,no,unknown,8,may,300.0,2,-1,0,unknown,no
31.0,student,single,secondary,no,0.0,no,no,cellular,22,sep,173.0,1,-1,0,unknown,no
56.0,management,married,primary,no,21.0,no,no,cellular,7,jul,118.0,1,-1,0,unknown,no
46.0,management,married,secondary,no,21.0,yes,no,cellular,7,may,124.0,1,338,2,failure,no
31.0,management,single,tertiary,no,78.0,yes,no,cellular,22,jul,369.0,2,-1,0,unknown,no
40.0,technician,married,tertiary,no,1034.0,yes,no,cellular,18,may,368.0,2,-1,0,unknown,no
54.0,blue-collar,married,primary,no,6242.0,yes,no,cellular,7,may,162.0,1,-1,0,unknown,no
26.0,admin.,married,secondary,no,714.0,yes,no,unknown,28,may,183.0,1,-1,0,unknown,no
51.0,management,married,primary,no,98.0,yes,no,unknown,7,may,114.0,2,-1,0,unknown,no
30.0,blue-collar,single,secondary,no,-150000.0,yes,no,cellular,17,apr,283.0,1,317,2,other,no
54.0,entrepreneur,married,tertiary,no,0.0,no,no,cellular,30,jul,250.0,5,-1,0,unknown,no
32.0,technician,divorced,secondary,no,1097.0,yes,no,unknown,12,may,298.0,2,-1,0,unknown,no
54.0,admin.,married,primary,no,0.0,no,no,cellular,30,jul,255.0,2,-1,0,unknown,no
45.0,admin.,married,secondary,no,25.0,yes,no,unknown,28,may,82.0,4,-1,0,unknown,no
31.0,blue-collar,married,secondary,no,604.0,yes,no,cellular,18,nov,394.0,2,-1,0,unknown,no
35.0,retired,single,primary,no,434.0,no,no,unknown,5,may,138.0,1,-1,0,unknown,no
42.0,blue-collar,married,primary,no,784.0,no,no,cellular,28,apr,428.0,3,-1,0,unknown,no
37.0,technician,married,secondary,no,95.0,no,no,cellular,6,feb,454.0,3,-1,0,unknown,no
43.0,admin.,married,secondary,no,616.0,yes,no,unknown,9,may,168.0,2,-1,0,unknown,no
30.0,blue-collar,married,secondary,no,631.0,yes,no,cellular,19,nov,174.0,2,-1,0,unknown,no
49.0,blue-collar,married,primary,no,67.0,no,yes,cellular,13,aug,269.0,4,-1,0,unknown,no
37.0,entrepreneur,married,tertiary,no,555.0,no,no,cellular,7,jul,,2,-1,0,unknown,no
54.0,management,married,tertiary,no,184.0,no,no,cellular,6,feb,13.0,6,-1,0,unknown,no
45.0,unemployed,single,secondary,no,382.0,yes,yes,cellular,18,may,182.0,1,-1,0,unknown,no
39.0,management,married,tertiary,no,-974.0,no,yes,cellular,13,aug,130.0,4,-1,0,unknown,no
50.0,management,married,tertiary,no,-516.0,yes,no,unknown,15,may,226.0,2,-1,0,unknown,no
30.0,management,single,tertiary,no,0.0,no,no,cellular,18,aug,,3,-1,0,unknown,no
49.0,technician,divorced,secondary,no,5.0,no,no,cellular,19,aug,131.0,2,-1,0,unknown,no
31.0,services,married,secondary,no,428.0,yes,no,unknown,21,may,272.0,1,-1,0,unknown,no
42.0,retired,married,primary,no,0.0,yes,no,unknown,8,may,186.0,2,-1,0,unknown,no
40.0,blue-collar,divorced,primary,no,54.0,yes,no,cellular,13,may,10.0,5,362,3,other,no
35.0,unemployed,married,secondary,yes,1054.0,yes,yes,cellular,21,nov,106.0,1,-1,0,unknown,no
30.0,management,single,tertiary,no,115.0,no,no,cellular,12,aug,154.0,2,-1,0,unknown,no
40.0,blue-collar,married,primary,no,2171.0,yes,no,unknown,9,may,97.0,1,-1,0,unknown,no
39.0,entrepreneur,married,tertiary,no,350.0,yes,no,cellular,24,jul,230.0,2,-1,0,unknown,no
46.0,unemployed,married,secondary,no,594.0,no,no,cellular,4,feb,197.0,2,-1,0,unknown,no
,technician,married,secondary,no,276.0,yes,no,unknown,12,may,486.0,1,-1,0,unknown,no
32.0,blue-collar,married,secondary,no,-325.0,yes,yes,unknown,21,may,171.0,1,-1,0,unknown,no
37.0,management,married,tertiary,no,1594.0,yes,no,cellular,17,apr,110.0,1,260,5,failure,no
58.0,self-employed,married,tertiary,no,2596.0,no,no,telephone,18,nov,15.0,2,-1,0,unknown,no
36.0,services,divorced,secondary,no,115.0,no,no,unknown,6,jun,201.0,1,-1,0,unknown,no
31.0,management,single,tertiary,no,0.0,yes,no,cellular,8,sep,76.0,1,-1,0,unknown,no
49.0,retired,married,unknown,no,247.0,no,no,unknown,15,may,213.0,2,-1,0,unknown,no
32.0,technician,married,secondary,no,235.0,yes,no,telephone,28,aug,688.0,6,-1,0,unknown,no
30.0,self-employed,single,tertiary,no,2593.0,no,no,unknown,27,may,662.0,7,-1,0,unknown,no
55.0,services,divorced,secondary,no,2166.0,yes,no,unknown,28,may,23.0,17,-1,0,unknown,no
32.0,blue-collar,married,secondary,no,130.0,yes,no,cellular,6,may,302.0,2,-1,0,unknown,no
52.0,admin.,divorced,secondary,no,48.0,no,yes,cellular,17,nov,591.0,1,-1,0,unknown,no
38.0,unemployed,divorced,secondary,no,189.0,yes,yes,cellular,21,jul,105.0,2,-1,0,unknown,no
60.0,retired,married,secondary,no,0.0,yes,no,unknown,15,may,229.0,1,-1,0,unknown,no
60.0,retired,divorced,tertiary,no,-134.0,no,no,cellular,12,may,243.0,1,271,4,failure,no
30.0,admin.,married,secondary,yes,23.0,no,yes,cellular,4,feb,149.0,2,-1,0,unknown,no
44.0,unemployed,married,secondary,no,0.0,no,no,cellular,21,nov,175.0,4,-1,0,unknown,no
32.0,blue-collar,married,secondary,no,1.0,yes,no,unknown,8,may,102.0,1,-1,0,unknown,no
46.0,entrepreneur,married,secondary,no,3317.0,no,no,cellular,19,nov,231.0,2,-1,0,unknown,no
34.0,management,married,secondary,no,355.0,no,no,cellular,21,aug,314.0,3,-1,0,unknown,no
40.0,management,married,tertiary,no,917.0,yes,no,unknown,20,may,292.0,1,-1,0,unknown,no
34.0,housemaid,married,secondary,no,390.0,yes,no,cellular,15,jul,659.0,3,-1,0,unknown,no
43.0,admin.,single,secondary,no,35.0,no,no,telephone,9,nov,208.0,1,-1,0,unknown,no
52.0,technician,married,tertiary,no,523.0,yes,yes,cellular,8,jul,113.0,1,-1,0,unknown,no
35.0,blue-collar,married,secondary,no,80.0,yes,yes,cellular,21,nov,38.0,2,172,2,failure,no
34.0,blue-collar,single,secondary,no,-72.0,yes,no,cellular,7,jul,273.0,5,-1,0,unknown,no
33.0,blue-collar,single,primary,no,1.0,yes,no,cellular,20,apr,257.0,1,-1,0,unknown,no
39.0,services,married,secondary,no,733.0,no,no,unknown,16,jun,83.0,4,-1,0,unknown,no
32.0,technician,single,secondary,no,29.0,no,no,cellular,19,aug,156.0,2,-1,0,unknown,no
43.0,technician,married,secondary,no,0.0,no,yes,cellular,8,may,9.0,2,172,5,failure,no
34.0,technician,married,secondary,no,0.0,no,no,cellular,9,jul,628.0,1,-1,0,unknown,no
